-1.480057711100848383e+00,-1.738381751042794354e+00,-1.700137723892540809e+00,1.725661811716335592e+00,-1.259212602348831700e+00,6.601456578283438834e-03,2.285090424792029506e-01,5.616888704738604021e-02,2.400529956069678561e-01,2.614885843556232214e-01,3.279860104027362278e-01,-4.792998920981885735e-01,-2.943012271510821454e-01,-1.910221761920817551e-01,-3.717774565700753264e-01,2.072731757998363261e-02,-2.941653087386505439e-01,3.886497757211942322e-02,-5.036484489357810901e-01,-1.149215344144115594e-02,3.124755528389587256e-01,2.596390481708985565e-01,3.282527642338988194e-01,2.801036823191507819e-01,-1.301566417361108563e-01,3.130559327358147237e-01,-2.631899498683179517e-01,7.179366389691592687e-01,-2.497290180810573801e-01,-1.052797648421498339e-01
-5.463782094644537013e-02,-1.103903812050841982e+00,-5.230680988592559810e-01,1.749233591450021497e-01,-9.765842279485459354e-02,-4.095114996096686499e-01,-1.066332720096430375e-01,5.252803433465157434e-01,1.082135853180152089e-02,-4.039880900167224786e-01,-7.214220180679926653e-01,-4.461969880936803579e-01,-4.650531978114890580e-03,3.870291373901572074e-01,4.212791797146956396e-01,-1.387932628159091186e-01,3.119341959797256592e-01,1.801112431308736495e-01,-7.871160638013349059e-04,1.054754471633041063e-01,1.556568601418472642e-01,-4.274541474180895695e-01,5.437044655124509962e-01,-9.135970483079096371e-02,8.729905215323560674e-03,1.797079308971191725e-01,-3.438102523927275556e-01,4.499896649716285113e-01,-2.158356466620972858e-01,-1.374896842925611706e-01
3.639276601347349316e-01,-1.017337586136912275e+00,5.867914657746410301e-01,-6.628262049009154833e-01,1.065346599854146925e+00,-3.304656588233462200e-01,3.314148108492007694e-01,4.910174842626214842e-01,-7.187356765035219919e-01,-1.258993794732594651e-01,4.658971933680460809e-01,-2.309817496322639496e-01,7.667129776206553782e-01,-7.287746724649194485e-01,-5.043931537405652588e-01,6.432269668948991104e-01,9.123748212842905381e-02,-3.936732597026171843e-01,5.031403280137919376e-01,-1.331967639828501304e-01,3.926779904541644606e-01,1.519398280743677332e-01,-6.151795130701596115e-01,-5.058489670121859433e-02,-4.372605764714441734e-01,-1.954412341484789983e-01,-2.254102027651752327e-01,4.916550555093761044e-01,-3.492395769648247161e-01,-6.273179203894435618e-01
-1.520824336541912292e+00,-8.928171010958527720e-01,-1.942611321282929016e+00,2.115005944945147931e+00,-1.495194657307699071e+00,-8.145953460687841430e-01,-2.609490427701535720e-01,-8.419768199247924523e-01,-2.047632402234956517e-01,1.643960435790225438e-01,2.898969324881570109e-02,4.711103918785319866e-01,-2.164795636116106647e-01,2.538545359464454143e-01,1.548830451349449966e-01,-2.286770932180541560e-01,-3.415376743288219830e-01,5.882553168866280213e-01,-4.382963052255545722e-01,4.359807223051216374e-01,8.503343756966101896e-01,6.555905608500106618e-01,-2.629535831337326268e-01,1.142642861147743216e-01,-3.545098168940194472e-01,-2.944490732576436273e-02,1.156035909833935844e-02,2.862925033239155370e-01,5.753155102171451096e-01,-1.064109252207789680e-01
-5.958549972546038909e-01,-3.107442063179839398e-01,-3.605122882372681636e-01,7.978288561400167511e-01,-1.061022290799287227e+00,4.524657106235830534e-02,3.578283573618312174e-01,6.623681277005255552e-01,-8.749126019887375899e-03,2.392028490835923227e-01,6.729839739265019993e-02,2.291590075260126896e-02,-6.031813484381048918e-02,-2.421680007656568656e-01,-1.223298710618303309e+00,-4.716834138117352859e-01,4.697831916463475477e-02,-8.877497457109355394e-02,2.743981487696692603e-02,-1.875527209058913403e-01,-3.321546005635694909e-01,-3.268959107901747707e-01,9.504536612481915073e-03,2.641766215634485521e-02,4.909855511205982737e-01,4.482047627211246943e-01,-1.413292592456557584e-01,-5.159003287310853780e-01,-6.135296198638682252e-01,6.438576724161624298e-01
5.033857899956388771e-01,1.538567644214736463e+00,8.855569705205181830e-01,-1.343459665378037515e+00,2.931134893722983081e-01,1.933410283176222044e-01,3.624951016374633461e-01,-4.316107239403919188e-02,3.406667061986445311e-01,-1.950174822401834762e-01,-3.041576660513666819e-01,-4.314815565624570137e-01,1.624204918307877582e-02,-1.045770764791901369e-01,-1.224298680383804350e-01,2.872581146326623203e-01,2.097484966415492924e-01,-6.198789204836160915e-02,5.386304101631581021e-02,7.315530646176934271e-01,4.433769654324767329e-01,2.083551725195159077e-01,3.615602486263038706e-01,-2.023394397570106307e-01,4.304006738618055827e-01,2.956450223641307606e-01,6.798881547543086379e-01,-8.697725113812108944e-02,-1.657161604794223642e-01,2.177305282014912469e-01
-6.005610100807612373e-01,8.353411143428066676e-01,6.542330044550505042e-01,-1.262351767239854317e+00,4.870874187641960340e-01,4.082035989312565172e-01,-5.398006677165283901e-02,6.644360052360177571e-01,3.421255427193117260e-01,-5.239152305386306913e-02,-5.905329190650151494e-01,-9.756988406099614819e-02,-3.981228839147502030e-01,-4.684013606272528496e-01,-1.224056531948038429e-01,2.624922663588685201e-01,-1.353499030160966177e-01,5.655456268032327261e-01,-5.874376151009630398e-01,3.584413105892433338e-01,1.001576628909557759e-01,8.869895006939498838e-02,5.544393238048593853e-01,3.171259447876011855e-02,4.949161282229920522e-02,-9.398878513047850825e-02,6.988426553443957689e-02,-3.719716346925644457e-01,1.572837735676284043e-01,-2.908228801560988966e-02
-3.170498538148139867e-01,-1.178214845125966637e+00,-2.891123858874153907e-01,3.859398729750733725e-01,-8.042805055582600282e-01,-7.964132765840618855e-02,-8.504538673275226224e-02,-9.812173453421148273e-02,3.964870974511224694e-02,-6.873599651104959074e-01,2.906692909849093454e-01,1.978723236342058711e-02,-4.009091144196109679e-01,-2.359155771529627965e-01,-2.747629750974242557e-01,-3.957536793802633041e-02,5.706701367601341168e-01,2.702936878099701512e-01,-1.154418218458300172e-01,-3.870846045778448818e-01,-8.805901799849172873e-01,-5.654893475674446224e-01,-1.262130882632005457e-01,-3.930697439486999234e-01,-4.481329434083182184e-01,6.773650324211496487e-01,8.134292585168575451e-01,3.375486076693369197e-01,3.711033596810511814e-01,-6.748856070121039830e-02
-2.081988210178396803e-02,3.332357002554175995e-01,7.459111073178628128e-03,-6.166678116374129520e-02,-3.185743549758578985e-01,5.905367171153803607e-01,-2.617049531383506822e-01,3.144077763237337203e-02,3.462881555057548827e-02,-3.076146233373104333e-01,-4.518462676828807756e-02,-7.265701873447244497e-01,1.937748851344298917e-01,4.322286475131431049e-01,-2.093513177865524710e-01,3.187758441862291181e-01,-8.001749497022194735e-01,4.574143555432412245e-01,2.679898493982523222e-01,5.984846473049464377e-01,-1.198408107475968515e-01,-1.180927739259636788e-01,-2.273382669610009565e-01,-8.001273977639081769e-01,-5.236219884082898846e-01,1.039816066898024527e+00,-4.613632286108492186e-01,5.286335742154985029e-02,7.665405358076840536e-02,2.601348266575628232e-01
7.926846623087437926e-01,-1.607321013010317712e-01,3.601419027740085377e-01,-3.941690268287670884e-01,1.047521368061497649e+00,-7.265422063730384572e-01,-3.818076006119502930e-01,5.101951642265754039e-01,-5.371736282333648971e-01,-1.900238095529491189e-01,2.297168108791861341e-01,2.223334621739030681e-01,-5.780263298084536289e-02,-5.305145128293073942e-01,-7.808973829405827516e-01,-3.228868369807114114e-01,-8.524221412695295319e-01,-4.166717513280987495e-02,5.232548119243385365e-01,3.887284742344567223e-01,5.477974640140670370e-01,2.275734520059979338e-01,1.074484326801998124e+00,5.189837427476984288e-01,-1.930955973633808054e-01,-7.535918419336015139e-01,1.767575392527038769e-01,-3.272237017477311882e-01,-3.295831028778014593e-01,-2.445288285426839847e-01
7.555495168303093534e-01,8.753382594842241682e-01,2.197385984002897530e-01,-1.087018957241105976e-01,4.469172321447001384e-01,5.106871794221479188e-01,-2.035543176565698109e-01,-2.990828639103094155e-01,-9.722090909662135516e-01,7.429834841732488870e-01,-2.917312332724709134e-01,5.481482309438885647e-02,-1.321495287950884279e-01,2.579127051556063810e-01,-5.667848295352380106e-01,3.391000245285069048e-01,5.961575503813243415e-01,2.164030738923203301e-01,-3.024164935466213677e-01,-1.964336166909622650e-01,-5.174346923829480360e-01,-7.656677665980942127e-01,-2.863356878500777913e-01,-4.061023439131594137e-01,6.985993651247811298e-02,-3.733182848867427905e-01,-1.657947000526500958e-01,4.170842462783207472e-01,7.094818463688371546e-01,-7.507770449197149754e-01
5.693386488146947588e-01,7.124358888585387017e-01,8.232280553691230240e-01,-1.214813565389977867e+00,1.151420629617264213e+00,4.136290396250193457e-01,-5.354749359137669223e-02,-3.804923540803771976e-03,2.486504918923680418e-01,1.871402519005326281e-01,-6.092345432034961678e-02,-1.055476999274160166e+00,-1.426665424076803412e-01,-4.304687337470676778e-01,-9.892969662558598332e-02,-8.569454172056910624e-01,3.713232446034120393e-01,5.367332744190921323e-01,-2.575747190466750047e-01,1.124895495152683222e-01,8.106367389421768044e-01,-7.272767509074552494e-01,8.680433072065505407e-01,6.134491609696481051e-02,-4.840419946779400129e-01,3.013765010763447272e-01,-5.480082524917727627e-01,-3.794285312927899584e-02,4.668661677401446664e-01,2.603262113968180524e-01
1.065915371127810429e+00,1.471741773237730255e+00,1.279773795349927301e+00,-9.351351945529758902e-01,1.778386334649658673e+00,5.945270609583218624e-01,-4.105785045297011965e-02,-8.324556953836396156e-01,-9.573126457724702165e-01,-1.663168201524844181e-01,2.749572385699838306e-01,3.678085845015669486e-01,1.183348469615113224e-01,-2.568204637869878626e-01,3.159584068107344490e-01,-2.709493761427214098e-01,5.873746254201831496e-01,-1.527845654837471090e-01,-7.601754075994048288e-01,8.169413949284286269e-02,1.716406055175518086e-01,-1.191215889535401778e-01,6.000021119958709459e-01,3.575180768828791211e-01,5.281936290924484773e-02,-3.369771197290599707e-01,-6.539357864090755701e-02,4.727281730486769251e-01,-8.876180500959580666e-01,-2.061721758111291491e-01
5.328767616952677644e-01,8.312592487139458530e-01,1.128681647844243852e+00,-1.306869038411303807e-01,2.159712298635846905e-01,-4.488510125421777408e-01,1.630969154558634393e-01,-3.567594228127839440e-01,1.226828002485460811e-01,-5.643101979883758945e-01,-7.025265205123386314e-02,5.141252439797602131e-02,4.088934179938116809e-01,-4.573004519160882020e-01,2.487757773890875990e-01,-8.207487987041310884e-01,3.054125432763188028e-02,-2.891109524396440200e-01,-2.595968361679731329e-01,3.060530205707633900e-01,2.429286534143239029e-01,2.791734175585406930e-01,-3.858262388899381667e-01,5.580262356319507511e-01,-4.547400543853172827e-01,1.826115718012008282e-01,2.669247094803708920e-01,2.208487006933578800e-01,-3.740014343326453217e-02,1.988391225495898113e-02
-6.066041646001827381e-01,-7.678103717288967678e-01,-7.324593050820018547e-01,7.476591843732189879e-01,-8.083329531561038728e-01,7.806123334672286918e-01,2.581094046172500711e-01,-2.009587885462578993e-01,1.046378921896917585e-01,-2.007037720450040030e-01,2.510578609843710507e-01,2.847842160814795798e-01,-4.351281043686269223e-01,-4.237030014262421068e-02,2.787196380419264541e-01,-6.357450211987895061e-01,-1.379881052438120204e+00,4.605049650587410281e-02,-6.385664994221229573e-01,-7.631803408529330701e-02,-1.367025242517936057e-01,-3.045543399554213604e-01,4.247085480890294695e-02,-9.403781078724886555e-01,4.956573392714544446e-01,1.003518931781445911e+00,2.728629711139983760e-01,2.543610014453306922e-01,-3.468280619746387794e-01,-2.489620594159445630e-02
-8.507122631968333515e-01,-6.268358940846844307e-01,-1.091116167927472347e+00,1.031695121016177108e+00,-8.400650836018570544e-01,2.855642005204305778e-01,6.689045096411588842e-01,-1.099870189334336557e-01,3.371243858820383021e-01,-4.933149470426101968e-01,-2.597361350365232635e-01,1.069350156253482398e+00,8.268250058793908536e-03,-1.480412792420424950e-01,-4.098753289197020200e-01,2.738339334261467028e-01,8.491985399468605644e-01,-3.396664605210374943e-01,-4.900665269368519872e-01,-5.899680248136949245e-01,2.764303759059280052e-01,1.026351706378954232e+00,-2.124300323699807591e-01,-2.118753711586019439e-01,-1.890457017859852873e-01,-5.381290966107306062e-01,7.502478283727380681e-01,5.418242035035264470e-01,-3.597303667460517440e-01,-6.783723808852945014e-01
1.554218632287206747e-01,-1.499786708721819184e-01,2.860110366056717313e-01,-4.138858542776840954e-01,6.314761088642650844e-01,-6.979933324627185520e-02,-6.340797549131693689e-01,2.380497434266915235e-01,2.682149432807421352e-01,4.648709305075578446e-01,-5.067553633704703353e-01,1.568368230562405374e+00,-1.289826522708714847e-02,-2.906216909433958495e-01,5.259850403674359853e-01,5.335068778350998686e-01,5.172967601814126848e-01,3.455228898484825617e-01,-4.193076146824048500e-01,1.036075680707969848e+00,-1.930461180152191758e-01,2.871290011174268408e-01,1.401030032634552891e-01,-5.742960369453895542e-01,6.386722361525942748e-01,-5.085492915162460603e-01,6.995602596502951964e-02,-4.082821725658516421e-01,1.754861745709897225e-01,5.905614950791251427e-01
7.442682387817896039e-01,7.828047597171168270e-01,3.672556275177533136e-01,-9.825949596822766141e-01,3.664479978525849724e-01,5.379606525503521919e-01,-4.245896599763294699e-01,-2.411222889970306149e-01,-6.978639145821493583e-01,-4.093676510092417731e-01,1.019777576112277789e-01,5.201378918362744574e-01,1.425667007219622029e-01,-6.095637368494432051e-01,1.811071064162442512e-01,1.878184827637001397e-01,2.838283839689960120e-01,3.384596626765381533e-01,-6.433963441513788906e-02,2.455003997833063722e-01,5.188366784105529206e-01,4.857043005766953914e-01,-1.025177636611387832e+00,-2.496386236931593394e-01,-1.120293185280093751e-01,-2.863963317784126161e-01,-3.478848584063091165e-01,-6.790713324245193361e-01,-8.439374458279863545e-01,-4.560475467352608225e-01
-7.761492863853465263e-01,7.612578025331157017e-01,-3.136429811613599683e-01,-1.975691634987436218e-01,-4.902282745660991869e-01,-9.278562824927005792e-02,-2.091213591207395084e-01,-3.311092983692728864e-01,-3.650316633056497340e-01,-3.181433022332310623e-01,2.681379854801270168e-01,5.826156935523910674e-01,2.074682404931406723e-02,1.834615255009407475e-01,9.928314641494345727e-01,6.739041357463709803e-01,2.624957622767927767e-01,-4.913331947266670330e-01,3.802052792256134239e-01,1.894854228627631532e-01,-8.861275924573337737e-02,-7.882988540428925717e-01,3.884547320982746910e-01,-3.417056108918478663e-02,-5.938676492848905114e-02,1.044946189626864141e+00,1.044490436347498552e-01,-3.206524682070371890e-01,5.369188918112626219e-01,-1.395128121155241041e-01
-2.403044404927606736e-02,-7.110204038600431709e-02,7.029315574430481384e-01,7.190207485668798082e-02,8.943468251856687701e-01,-3.622369379141417989e-01,-3.919399810592197886e-01,-7.199649435913323403e-01,-1.065591337073585665e+00,2.336622347648942000e-01,-1.222418268901706434e-01,4.593822834726024040e-01,-3.538665255430868406e-01,-6.016808306955396812e-01,3.785056145294959928e-01,-4.243588300456322404e-01,-8.927061511746269273e-01,-5.379357648725252572e-01,-8.781716367544212254e-02,1.007727938808763657e+00,2.042770771428233101e-01,-9.895158716450456193e-01,-1.352481065127536242e-01,-2.072870866879742424e-01,-1.485505696477545268e+00,-5.159822938508305118e-02,-2.640790977959631691e-01,6.031564939931624569e-02,-1.194075192819542275e-02,-2.656756540418874213e-01
-1.105477734155897229e+00,-2.851435203285246356e-01,-5.314929319243242301e-01,1.576202048813984735e+00,-9.624954139484285243e-01,6.564663475801186809e-01,6.723321772668576779e-01,1.135728831763493929e-01,4.902537342208879712e-01,-5.608971725495297544e-01,5.129239027684607405e-02,7.292884670706578643e-02,-4.375319105666052311e-01,-7.827387938302352577e-01,-5.434866926026061806e-01,-2.108563501464308376e-01,-4.511761129263650583e-01,2.894522355834834304e-01,1.867568935934838803e-01,-2.303584641691606982e-01,4.214069034495406818e-01,-1.225074631517965695e+00,-3.734343780389912104e-01,4.794933246892670725e-02,5.055784544195784241e-02,-1.930738466787434437e-01,3.399907161709362913e-01,3.937423065115412957e-01,-7.535273868455144575e-02,-9.325768438487522238e-02
1.329931133326899273e-01,1.624267117210417832e-01,-3.107875637930679891e-01,-3.065970226165475876e-01,-2.569379639732470300e-01,9.050297040969583484e-02,-3.255825485259521979e-01,-5.469741237378682452e-01,2.087708678093317949e-01,1.315302114465856376e-01,5.140630165303504695e-01,2.122922713730443500e-01,-4.157143761575969876e-01,-1.012654650530332295e-01,4.371697765893847037e-02,-6.630912019643158128e-01,-3.049593207490854455e-02,1.111265800568730922e-01,7.621313421134641442e-02,-8.097783085600239739e-01,2.148814736407316517e-01,5.142026156597294673e-01,-1.868303712537314476e-01,-2.143346607552247627e-03,3.558767390216552307e-01,7.308677233836539944e-02,4.258310405078451488e-01,-4.100823227081373257e-01,-1.253577505697974215e-01,-3.278940405588904455e-02
-4.407743346497330905e-02,-8.317678064476436983e-01,2.474611390252442200e-01,5.469687225980903594e-02,4.301827440397478219e-01,2.659306005635770145e-02,2.145098774978618783e-01,-6.256098513368742176e-02,-1.119680980307799778e-01,2.497618638750726539e-01,4.133395140383312044e-02,-5.546026691921709939e-02,7.403719517697675279e-02,-1.342319581168867515e+00,6.198705784530084140e-01,-1.057304011398135790e+00,2.710669289827715156e-01,-2.249929842060066076e-01,-3.115428846616214997e-01,3.287676201065393711e-01,1.105620822089633970e+00,-2.332423313236688389e-01,-5.696846718615036220e-01,-1.707333301385990376e-01,-5.725105913364143539e-01,-3.917837628299058461e-01,-6.798718514313177863e-01,-1.744635946587898834e-01,5.508351130804279433e-02,-7.784517518621907328e-01
2.020973571689899551e+00,1.602077611019493641e+00,2.042467182891676281e+00,-3.040598036467616616e+00,2.875099029548656482e+00,-5.961723636374426372e-01,9.132197589402948901e-02,-2.083999734675504312e-01,1.644636858153193382e-01,-4.555639713144812863e-01,-1.130226328551468401e-01,-3.274419783479918244e-01,2.640273075917956014e-01,-2.587214040074928278e-01,-6.410531179891754139e-02,-4.552573081145082357e-02,1.323659961846612165e-01,1.276293724105559413e-01,-1.717443111839533909e-01,-1.117137419080598965e-01,-2.151952154132747430e-01,5.475301903758290553e-03,-6.395381197012199870e-01,1.002701924168939440e+00,-3.738723564124338816e-01,3.738221274656427281e-03,2.646106615173765553e-01,-8.583505514540831216e-01,2.508667138646535344e-01,-8.354711416351963127e-01
6.278337960622659697e-01,6.247749181890510650e-02,1.038685612799106206e+00,-3.569145006605649040e-01,-5.390975826720779684e-01,6.232444878639364916e-01,-6.899574156020980009e-01,-5.586045886618402623e-01,-1.358873512859433419e-01,-1.117466018622133239e+00,6.375749818323260820e-01,2.318166128875386311e-01,1.582515403485031946e-01,-3.838364698594783353e-01,9.714654312843542527e-01,-7.824158339907427706e-02,2.006651846174609677e-01,-1.726341554423589109e-01,-5.093034955637386618e-01,1.867282426114877936e-01,1.599281420621526950e-01,-1.522068469275471847e-01,1.896511240042567936e-01,2.513052284806229775e-01,2.230256487488875006e-01,-5.344835187128124665e-02,-3.910505159708702605e-01,7.749515355878633383e-02,-5.689287495987390697e-01,-2.855819536515271165e-02
-1.016376156909077011e+00,1.852801336797296194e-01,-3.570838265070721551e-01,1.157140743717237186e+00,-7.594309432831700679e-01,-6.232412945216248001e-01,1.973372757548904829e-02,-6.240376476552477181e-01,-1.437772812221001784e-01,-4.771581702972221284e-01,-1.080412973573190577e-01,1.240428791256628749e+00,-2.641156446518210243e-01,-3.959829571958133343e-01,2.179453621721006706e-01,4.622654250519427910e-01,-7.662240053820384977e-01,7.618236956987900488e-01,5.049763960669523266e-01,2.339869037394668450e-01,7.999132389542388255e-01,-5.097670317505362814e-01,-2.632760485983755006e-01,2.471808159044057429e-01,-4.887310241991905113e-01,4.638316404897549266e-04,-1.447430870258715474e-01,1.110100216678984175e+00,-1.025534787770256084e+00,-7.155810552984966932e-01
-1.964559065343987054e-01,-4.917887822599609216e-03,1.520516175172877515e+00,-3.252956211194864555e-01,2.455948202541208270e-02,-1.717700394316030998e-01,-2.998701425628204076e-01,6.003279073751885964e-01,3.527006701932728361e-01,8.701631617173548328e-02,-4.595003976063726236e-01,3.556051535086571930e-02,2.718524107862324568e-01,-2.702498158127918382e-01,5.920729296959815757e-01,-9.631578231285556901e-01,1.838254629768464876e-01,-2.776918419516415937e-01,6.735558932157745815e-01,-3.455845277758445855e-02,-1.363138869974498402e-01,1.422366500506759557e-01,-1.981090698112552839e-01,-5.381207357105211031e-01,-7.423269079657789371e-01,2.316695678197425723e-01,4.459997426111544927e-01,-4.452035365031895009e-01,-4.023172096055512709e-02,5.632038534611334413e-01
5.760982346440999269e-01,2.381387053281172894e-01,-4.889460965264164072e-02,-5.520160987723093937e-01,5.091012351184217577e-01,-2.413369666577209333e-02,-4.393950922724457198e-01,3.381308090000316735e-01,-2.306168403061855179e-02,6.356898338058255549e-01,-2.118298233268653685e-01,-1.337554369381837693e+00,-5.196733652774861156e-02,-8.941983361259049357e-01,6.703145718420649990e-01,2.237425915131579512e-01,5.155034655852904768e-01,-1.172960639042078673e-01,-2.821347067226959160e-02,1.050182623865427989e-01,7.319252801425117916e-01,-3.582994246912277192e-02,1.904703948455839235e-01,1.287862315134010449e-01,2.135083698668914232e-01,-1.855497087682516644e-01,-5.203073775345805618e-01,3.847788832102844170e-01,1.165628380193600933e+00,-1.195975550498664247e-01
-1.389694734992213077e+00,-2.323796088621804312e+00,-2.440859232341317853e+00,1.838964631351760470e+00,-1.785156498402774350e+00,2.461299538500785755e-01,1.449871822245222576e-02,-1.871552914608459565e-03,-4.258210591222547636e-01,6.002501419931839388e-01,4.114732923590872504e-01,4.597936346428275201e-01,-2.719088208414639773e-02,-3.980869746670755438e-01,2.661992760199387020e-01,3.135563029686466163e-01,5.423863277477789513e-01,-7.525964160257699875e-01,-9.320372159562391456e-02,-9.677654313961022714e-01,-1.038310516301304415e-01,-7.590476669658438036e-01,6.944043031760617213e-01,3.367278082203109535e-01,3.399318521590150716e-02,3.463517261567676253e-01,-4.072477208230561030e-01,5.648901413766749258e-01,1.757037894392884103e-01,1.079494496588220137e-01
-9.152418632139183163e-01,-1.390991981294174673e+00,-8.340019488010601556e-01,1.040787579285683329e+00,-3.212791836054964545e-01,4.976489598981681528e-01,7.498651422178740367e-01,-4.916374152381540741e-01,2.804667551722415664e-01,8.961888492812867257e-01,-1.698157164651359907e-01,-4.681329199109775935e-02,-2.303750364106091353e-01,-8.028185190126069237e-01,2.355639845994834669e-01,2.361510738601842740e-01,3.673931856743838931e-01,5.071064950301898966e-01,8.071451563033401611e-01,2.583382773397312482e-01,-1.049192782859351913e+00,3.291261236312797434e-01,-2.665774361698671213e-01,2.359456160190021856e-01,-6.238763085632524907e-01,6.425599219850712807e-01,-1.751267467819002110e-01,-4.790889370726372776e-01,-3.060028767141562134e-01,-3.338502241954293126e-01
-3.767537666763964288e-01,-5.739712173897469905e-01,2.294166605259367886e-02,-2.953618321945984393e-01,1.395878641562816047e-01,-2.310424971176814890e-01,1.311141399489434423e-01,1.074670515901091417e+00,-1.025275605535839463e-01,7.116074041324198240e-02,-4.142758906859525525e-01,8.084530286609836747e-01,-5.458140635592495515e-01,5.181757041088059790e-01,1.532968335570034368e-01,-9.150290668842311348e-01,1.329983839810394974e-01,-1.510144844797821906e-01,-4.414853071499285075e-01,-4.240383284602653458e-01,5.674470586890149881e-02,8.135416902218069179e-02,-1.607518803223735582e-01,-3.043536857613542423e-01,2.300540899571796027e-01,4.543519410494269994e-01,8.326843309410525418e-01,3.956933901836639511e-01,-6.460137028930891256e-01,1.886561758124543076e-01
4.245030540542182318e-01,5.875743798577244270e-01,5.773765967826991474e-01,-6.289174983796473883e-01,-2.435484687122259906e-01,1.930041434138607959e-01,3.942322292782792781e-01,-4.255249169119839636e-01,-4.866923852714243048e-02,-2.440741385198101632e-01,6.131147262882685745e-01,5.103401198077106571e-01,6.441378910118782108e-02,-7.234177952991469596e-01,-1.978344180324114743e-01,5.824900639027142946e-01,3.703591711857106561e-01,-4.755290919203506404e-03,-2.149937353178435484e-01,4.733331778361014042e-01,-2.379077690370594300e-01,-2.060844494373038627e-01,-2.066827250764288748e-01,-8.117624793799377292e-02,-3.488342814068861597e-01,3.232232269111848799e-01,-1.911022156960077165e-03,-4.413539334460951369e-01,8.466503731714006831e-01,8.309237038706711320e-02
-1.086076004581688625e+00,-6.453671302183401348e-01,-1.087013117158122988e+00,1.633816847172932185e+00,-2.997209750838544240e-01,-3.970020659100866045e-02,-5.596017705942723380e-02,4.312400675148233553e-01,2.315193701931382853e-01,-2.805981140522324502e-01,-7.003426564204016103e-01,1.797526834254887726e-02,-8.876303144269906964e-01,7.692501879687846378e-02,-3.807852159742792231e-01,-4.787507571437794596e-01,-1.296396539947350379e-01,1.382828002187518890e-01,3.170705691796566472e-01,-1.186917806006128062e-01,-9.218699095820716283e-02,1.834899896002430419e-01,-6.364356162103349535e-01,-2.459105309072074086e-01,3.683012935886971762e-01,-2.670030419248520803e-01,4.560153758556079739e-01,5.260856539693750111e-01,-1.209914057298472900e-01,5.105625048091647078e-02
8.632752893071233835e-01,1.515166698785766153e+00,2.245365583805390752e+00,-1.915149083093954818e+00,2.244157949024618404e+00,-4.275789456083003981e-02,-4.862020795164954945e-02,4.655125007053445563e-01,4.021786462316549460e-01,-1.014926548073243673e+00,1.353046416436259891e-01,-3.905589912391622121e-01,-3.572705049121357446e-01,3.657122343834868783e-01,1.871339036087737995e-01,8.686846081856408608e-02,6.474562620857025053e-01,-2.721353900303673523e-01,4.600670529010431609e-01,-3.509510207674721993e-01,3.679770274724964568e-02,-4.042485941238532776e-01,-2.534327352869754635e-01,-5.601165483988482796e-01,-3.264783566782143015e-02,-1.112164846346078984e-01,-6.791269884847999094e-01,-3.298883166210129780e-01,3.622742474331840795e-02,-2.919183343947455156e-01
5.609291265505230717e-01,-2.458261282262212966e-01,-1.226877776461529623e-01,-2.619627725140421526e-01,4.333866101586436037e-01,-3.570617334653377606e-01,-9.873303841535985281e-01,4.350826060732180256e-01,-3.458306517552436343e-01,1.033698855607432909e+00,4.573083809223768004e-01,6.818148923706764120e-02,8.232496079616069551e-01,-3.338271799869755307e-01,-9.045588843113383515e-02,1.845230962187805746e-01,-7.331642853742762478e-01,-5.107058329508340488e-01,9.180646365809088660e-01,-4.833422241664374064e-01,2.154314225972712299e-02,-7.086617432775199621e-02,5.656049740470272535e-01,-4.771337213856616799e-01,-3.889022643025460274e-02,-7.915051864992942443e-01,7.304407635302362367e-02,6.583845042538777337e-02,2.583062846157219150e-01,-6.473395623498787721e-01
1.132954867266702026e+00,1.547706386756448005e+00,1.087826902776222404e+00,-1.273310270221326590e+00,1.396427885122040635e+00,-2.742548984544928570e-01,7.833346871333114747e-02,-2.448053831097992683e-01,-1.843835982798263939e-01,8.420605210803361329e-01,6.118915842828974716e-01,-5.375155483812044110e-02,1.564358162734512947e-01,8.284642866678486317e-02,-7.092501029008880797e-01,-1.768341663253241713e-01,-6.532981561912912238e-02,3.453068059646102195e-01,-3.135478513975001880e-01,-6.488878368677471198e-02,-7.636971114881153655e-01,-6.052123849212401874e-01,2.311947861047163599e-01,-1.729900013321500063e-01,-5.097033455124711648e-02,5.667298024410551832e-02,-8.393275632048055046e-01,9.288086277164444571e-01,-6.215371064484372099e-02,1.533285942261549684e-01
4.313740935940433285e-01,2.528077405179018911e-02,2.814195609028455891e-01,-8.194875969986846753e-01,1.265286344197003032e+00,-4.842029272106062598e-01,-2.940849180864645307e-01,3.125505416300016215e-01,-1.008245232897639898e-01,6.616093784325908222e-01,-6.571900509131619605e-01,5.025255839020270621e-01,-6.861320453951627041e-01,-3.138980863587030878e-01,5.501520896260198717e-02,5.903541036084345439e-01,-1.395536120540471492e-01,4.864689278482301621e-02,1.583276511732605585e-01,1.106580521374330023e-01,1.673233407086096580e-01,3.174547461602393317e-01,5.734745848026785442e-01,-2.417630772956854968e-01,-5.581360909351513744e-01,7.670387241850576965e-01,3.440539200521623986e-01,-2.092733811920475806e-01,2.990219976476609087e-01,8.812825162324691708e-02
-4.523991780491645187e-01,-3.852116244024328395e-01,-1.072603242519744926e+00,1.937983901512567719e+00,-1.880468440559299292e+00,-2.124279416246792340e-01,3.607632763126423225e-01,-6.504776174128482635e-01,4.298090766633056448e-01,2.406112412292188418e-01,6.950828508187755217e-01,-3.657962914697564516e-01,2.002729885617338668e-01,4.356598265567817457e-02,-3.342517576251615163e-01,-3.962206846203766841e-01,-7.181453614169412969e-01,-1.888113151384727406e-01,1.543733384483944419e-02,1.574093130713778710e-01,-4.176265361320570246e-01,-7.371281504108659344e-02,-2.324751090111209714e-02,5.383071906633670745e-01,9.842904353216037627e-01,5.824534918666795374e-02,-5.862556650961519011e-01,5.803213973952808802e-01,3.870040552116871257e-01,-2.665157264300235251e-01
-4.445392930569985745e-01,-1.177909399573379812e+00,-4.014679564715041282e-01,3.061038791859715946e-01,-6.092823595171107387e-01,-1.139459430135137064e+00,-8.763850316158176834e-02,4.072997903181803103e-01,4.765065686129609790e-01,-2.146452232561697482e-01,5.084218790638814767e-01,-2.322271493377732823e-02,-4.840832004049354098e-01,-5.512569950422250287e-01,2.971603610114191829e-01,-3.509397626098766376e-01,2.099877653237544259e-02,-3.959948700275996436e-01,-1.003657305379355602e+00,7.648542185759557022e-01,2.310763273207033786e-01,-2.920675598461651701e-01,-3.812584966465545899e-01,2.451867430689518013e-02,-4.960921729892575627e-01,2.039357665933618502e-01,-2.296820842053144129e-01,1.503735392038682284e-01,-6.330045275565002738e-01,5.663660846427849282e-01
-3.522979381499849461e-01,9.847054299342949957e-01,-8.842745084147871082e-02,1.620013788633783980e-01,1.863593935775087473e-01,-1.409999102230552991e-02,9.771750212041832029e-01,-8.548808672052432556e-02,5.231160867738973153e-01,-3.408007571685567338e-01,-2.180436065861233452e-01,-7.785790669439140999e-01,7.674790516086340553e-01,1.421300493358136977e-02,-1.553821961250280992e-01,-2.788721233248094289e-01,1.205735077387714904e+00,4.131733177256300960e-01,-3.815400466318295825e-02,-6.816890985641893552e-01,-5.654135981922249199e-01,-1.547235109644109763e-01,3.935364277315174242e-01,5.391248725351468485e-01,-2.161154518979649664e-01,4.749558459954086875e-02,4.721900509565128412e-01,6.400331647500802079e-01,-5.161927015180602929e-01,8.768968773714742870e-02
-4.764305203582075432e-02,-1.659290517664957942e+00,-1.404885418166376354e+00,8.288555660590017915e-01,-4.427491902410204405e-01,-2.340720906603777768e-02,-1.397951881667788832e-01,-4.266514710321029913e-01,-3.330076814664179041e-02,-2.733718694118732473e-01,3.717981023159512843e-01,-7.933988871510964935e-02,-9.242367036520934831e-02,3.563351541139325729e-02,-1.077234899091983472e-01,2.671475968247701838e-01,7.910752551852920922e-01,-3.503761091360132474e-01,4.034187311850327418e-01,-3.423557806736878262e-01,-6.939738230873759850e-02,4.876414715010915502e-01,1.742571227506636566e-01,-6.280818665839632553e-01,1.081600468857729820e-02,4.671569023698379231e-01,5.668124095576757698e-02,-8.746191299887914328e-01,-2.093462144224007282e-01,7.721350866016185588e-02
-6.004373573784483886e-01,-1.671678310646692811e+00,-1.738186548914666840e+00,2.579118133911992850e-01,-1.511627053075241811e+00,-4.102932458030126295e-01,3.745704868453189063e-01,2.478671286247793176e-02,3.093908239007973626e-01,4.203740217020288661e-01,3.084294475414242620e-01,-6.714935044715124313e-02,-5.254109715671834158e-01,1.003323842276278854e-01,2.708578452051463303e-01,-2.054451800830442987e-01,-1.246562426385439126e+00,6.433349139191281152e-01,-3.647787318512724780e-02,-1.174492025784537597e-01,6.913634913994461950e-01,-1.292655462786350684e+00,-2.459368456032120509e-01,1.196230392314628216e-02,7.823004352210527479e-02,-3.850666716809255652e-01,1.165513934065299101e-01,3.050086290457622029e-01,-5.483795173959954417e-01,-5.979950917403287214e-01
8.069177553993188701e-01,4.827525668240773005e-01,1.325831784586684048e-01,-1.134834631926094239e+00,7.771133946820468763e-01,-6.179653520761234642e-01,2.322754745390892828e-01,6.415036698093179446e-01,-5.478898425649421089e-01,-5.950360324262573553e-01,-5.282509105814309908e-02,-1.221303107630437521e-02,-2.271681951764490115e-01,-9.473789777928230960e-01,-1.289938248519834352e-01,-1.272412818908602861e-01,8.196257216144118285e-01,-2.262302851543356585e-01,8.573595089735153163e-01,5.424699095502339974e-01,1.513540831250451413e-01,3.629962945151136156e-01,5.335867767993912603e-01,3.881777560704626762e-01,-2.508748018966141524e-01,6.469247844110701529e-01,-5.801010532695116684e-01,-7.984396456815023857e-01,-5.815667458775232168e-01,-3.850037016086608199e-01
-1.793984824168320502e+00,-7.393046490549473049e-01,-1.164384191279098202e+00,1.631439276468648725e+00,-2.030105331301323091e+00,-4.347959188463296210e-01,-2.494491413141139702e-01,-3.038828838726677709e-02,8.162449500888043774e-01,3.606186307854950535e-01,-1.865039511292768404e-01,1.540508355136122609e-01,6.247958754624720612e-01,4.203154895784700362e-01,-2.130240196782937911e-01,8.422127829638825780e-02,-2.772030034637340545e-01,3.528761431197935949e-01,6.605982284858056275e-01,-2.336507689180989666e-01,-8.334207861596797107e-02,1.503859775920416142e-01,7.108437690737708092e-02,-8.669536349509248119e-01,9.130359427869878808e-02,-1.052273208623599965e+00,8.175626380844112084e-01,1.518844990906424892e-02,-8.566609024695287511e-02,-8.068717276271926142e-01
4.071741811012697942e-01,4.008961953121504274e-01,5.903999470726545296e-01,-4.743868547017205950e-01,4.527147303543683776e-01,9.142872597013325386e-02,6.438842386772340720e-02,7.977891230525506749e-01,-4.282749989067324847e-02,-1.117183809759850099e+00,8.765479138119196545e-01,1.589027645867911384e-02,-3.149611677175108149e-01,-6.554116403154820469e-01,9.003892884412935116e-01,-6.218168779300915078e-03,9.085569808682597559e-02,5.534548082791903578e-01,1.018083232078414169e-01,-4.474436093426514827e-01,-6.155859036774413706e-01,6.120341580690204925e-02,3.967400854207552008e-02,-1.053564049489164933e+00,-4.499166325680050704e-01,-9.335957461320920636e-01,-1.398335264686849100e-01,2.957323039972936662e-01,-4.645844404778746162e-01,-3.280500534755497744e-01
1.502820972249709897e+00,8.059832004098089753e-01,7.634606366040360692e-01,-3.316968014778426399e-01,1.313534492988279512e+00,-2.879864935318037986e-02,5.119511402011093226e-01,1.009418142957014819e-01,5.551389414885661289e-01,7.121576983555617524e-01,-8.086232534300921704e-03,-2.006362333607974446e-01,2.924729619734096064e-01,7.079628256447597634e-01,-4.112513738637966348e-02,3.835396602632235585e-01,-1.999971766586698396e-01,4.555189451789047883e-01,-2.031205167747859586e-01,-1.061546026726321729e-01,-1.390234317433834965e-01,3.038573940532346071e-02,7.612796238406536187e-01,-3.882551501861147836e-02,-1.949199368939084631e-01,4.952165324602452734e-01,-5.078365150919662563e-01,-1.479626964864970418e-01,2.079355619864489690e-01,8.338438558400170786e-01
-1.458827450548337179e+00,-1.572015491759005679e+00,-2.692834250790849815e+00,1.936316500878664026e+00,-2.073597454943457041e+00,-2.368070793596931956e-01,1.868353350677702529e-01,1.040926917122393824e+00,7.542235155916761358e-02,-3.955678936840051341e-01,2.811882854571823298e-01,-2.873190503098885240e-02,4.298110308877682861e-01,-4.169050873581751915e-02,4.684282582494368047e-02,-8.165052979199735605e-02,-5.256147246732273404e-01,-6.477261176043338509e-01,7.624673707824423108e-01,2.225045505332070295e-01,-3.256180877117257899e-01,4.264628275657753598e-01,1.563265927304854641e-01,-2.657847098893689405e-02,5.335331420501937538e-03,-1.254254096631279014e-01,2.164183275772268156e-01,-1.044274173223139063e-01,7.034060419468561864e-01,2.423260871350749190e-02
7.994597045065452434e-01,7.819374784552759472e-01,3.984001482021152230e-01,-9.670297906188451975e-01,9.082611700122760201e-01,-8.945585797445387843e-01,1.020412327857403434e-01,3.812142043777270173e-01,7.565923882037504100e-01,4.135306210248402836e-01,5.481008798298656615e-01,1.296328963868762507e-01,9.255179705973230753e-02,-2.559059986165012623e-01,4.071965978058511570e-01,-8.161723079862815977e-01,-4.872735394825244981e-01,-4.742072029511074649e-01,-5.921602035628302785e-01,-3.731391425665801509e-01,-4.342935528800238032e-01,2.992491024859459947e-01,-2.598803590276473896e-01,-3.454813357365910109e-01,3.273863223988117688e-01,3.007468568462168257e-01,3.462068898356972582e-03,8.974979052883573505e-02,7.374879068724957132e-02,-1.521811033186000472e-01
-1.401642396814060665e-01,3.791431471147360677e-01,3.403857127906738667e-01,3.942143164840231084e-01,-3.321714808775704242e-01,1.688573226541546513e-01,-1.299947225178832433e-01,9.614652507939525083e-02,2.772845193632437755e-01,-2.564904488730135670e-02,-3.182497897175920465e-01,-8.448156725972064685e-01,-2.640053918050837001e-01,7.032402517326064029e-01,-1.682885639723049886e-01,-2.248647917130447149e-01,-2.068437096128009425e-02,-7.075578247889190431e-01,-3.319424453883952908e-01,-5.556425122783632542e-01,5.971691566434277065e-02,3.749971058987658368e-01,8.893972676512031106e-02,-2.623267818436977317e-01,4.711080805696450935e-01,-3.037763817617406686e-03,1.461626588665348170e-01,-3.823495429068998197e-01,-2.859997984436812302e-01,-1.670498878862153036e-01
-1.345169574041594984e+00,-4.977323014220433328e-01,-9.804042362977378744e-01,1.003723847210482134e+00,-1.695941437088280601e+00,-2.990759016467197176e-02,3.355931692727947557e-01,-4.679128638684201258e-01,-4.817664052751469139e-01,2.658648710696671080e-01,-9.434289174863681043e-03,8.475499564921974427e-01,-5.869015488339484055e-01,4.481349140081686833e-01,3.114718698718539347e-01,2.697638833693847271e-01,-3.083356836807090162e-01,5.131876445240993179e-02,-2.883315993557453716e-01,-1.259796496036167668e-01,-1.880907696917900884e-02,-5.786511520220086746e-01,-5.671549669495696833e-01,-6.014847181854531266e-01,-3.797183503045432063e-01,1.327416797676002069e-01,-2.311130808393886404e-01,-3.250232344113894722e-01,2.522954737060428831e-01,6.126169553221938457e-01
1.234353974601122006e-01,5.637776804546377196e-01,1.415652413416543243e-01,6.723889884432554531e-01,2.115509399933445389e-01,4.119681481554863800e-01,6.906895756772191142e-01,4.741033840069928257e-02,-2.794968161949097363e-01,-6.224431387513073011e-01,2.444416822873052564e-01,3.087618743168136365e-02,6.870236370761105826e-01,5.633878983002245724e-03,-7.121596890361802101e-01,-4.869007406764293555e-01,-5.722435830433301174e-01,1.524863464983986783e-01,4.530936773076357782e-01,2.659615387531847897e-01,5.507742101822583614e-01,-1.323168922847126894e-01,-3.894754649058623230e-01,6.681026418335727080e-01,4.738691672579701253e-01,-4.413570154161314263e-01,-7.401127875034971271e-02,5.973678646018431432e-02,-1.502251910339743146e+00,-3.320865456653245840e-01
1.022816666792436990e+00,1.061005114475825239e+00,8.663946372742188373e-01,-1.113888084915154009e+00,1.588489307658266680e+00,-1.861903031719476520e-01,-2.131858619518087750e-01,-7.348307608800888069e-01,-4.439641346313446535e-01,7.285986013108131099e-01,4.435835293719261885e-01,1.699221742894689302e-01,-2.888283615759563716e-01,-6.196394236776221476e-01,5.980244098973245270e-01,3.231983546902815474e-02,1.978239582588559031e-01,-1.528113846368966411e-01,-4.096559701861801628e-01,4.179183437843751042e-02,6.722989364493542341e-01,2.393312536328762452e-01,6.248776002007179198e-01,9.684535490931807100e-01,7.160342374892783579e-02,4.573577559920341540e-02,1.974396037934045556e-01,7.915449232509782496e-01,1.485745429817548202e-01,4.983931612751600626e-02
2.105265086737771185e-01,-1.777337501129907515e-01,-1.658573611494513489e-01,5.673092182780805626e-01,-7.328944465304484401e-01,4.163551014126677385e-01,-7.843752204494269797e-02,-2.803807770747657191e-01,-4.414758199661649590e-02,-1.295843310837985728e-02,3.613966101622042570e-01,-1.812915572549362864e-01,-4.268545295126906503e-01,1.689436898811918775e-01,1.946765999233120992e-01,-3.357135918233165595e-01,-5.918754951865441427e-01,8.059663453707995029e-02,2.243632141314036432e-01,-1.156748684020170170e-01,1.046766080725268333e+00,5.693273183410625382e-01,1.569757489546445006e-01,-1.236158536112499651e-01,2.971718408177117729e-02,-1.985433984309263045e-01,1.973582044795312018e-02,-4.858016535738019642e-02,-3.902615039659005913e-01,-1.841354857687108881e-01
-1.368977496698231988e+00,-1.579503441436089783e+00,-4.876182170052212328e-01,8.296294661178577057e-01,-7.707258685844469159e-01,1.080341890242210792e-02,-2.767382317577369299e-01,-1.781041942912429676e-01,-2.329144401411584742e-01,-2.988940707492012683e-01,-7.774842805198377282e-02,-2.979105206187647736e-01,1.271448880887992572e-01,1.233265290514888035e-01,-2.933826378218299946e-01,9.733329099036179544e-02,1.652089056435768477e-01,-8.487293482495764096e-02,-6.507092542760170573e-02,-4.716829588639582238e-01,-4.287460747775607151e-01,4.774255061781389475e-01,-2.310144828793559701e-01,-7.590041092279448121e-02,-9.440127381497370740e-02,-2.578920377354773294e-02,-1.376048299957707555e-01,4.953752771714276665e-02,-3.813527864830476566e-02,2.878500931723869116e-01
1.916914772449915261e-01,-3.722295898040250961e-01,-5.101999006822398597e-01,5.623035219449296074e-02,-9.360888245619165549e-01,4.034147787991655409e-01,6.036723338569247588e-01,-1.280513515027568161e-01,-1.336417831287057267e-01,-2.436875513020411443e-01,5.559789248965951725e-01,-1.556475393083403269e-01,1.171031364314697898e+00,-2.850501259008008104e-01,-3.894407830666316711e-02,1.185803461537860704e-01,2.266904163234375325e-01,1.886980256738149953e-01,-8.735983169314676111e-02,-1.095864872538436854e-02,7.934124744327415713e-02,9.870152000091124700e-01,-8.142807716599072265e-02,3.752226248383592200e-01,3.787292331765210185e-01,3.937413928290721676e-01,-2.514076287217384409e-01,-6.712127793097166784e-01,-3.013986894546308304e-01,-1.206698346863728510e-01
-1.259322330325956862e+00,-5.322498318992473498e-01,-6.376501997610268813e-01,-1.955064079548302081e-02,-9.012732768155173879e-03,4.008581732905178163e-01,-9.316779101993057088e-02,3.891113902908484301e-02,1.059143611465611423e+00,-8.210377455689274462e-02,2.413201133109243723e-01,2.073256097515500107e-01,-5.009625247887786736e-01,2.471500655121199597e-01,-2.613995800268084646e-01,-2.220681859172396189e-01,4.705415150047319583e-01,-5.168783219039809751e-01,3.934683580295464389e-01,2.286877563082262421e-01,1.335756579339592576e-01,9.406078518384756171e-01,-2.473836945100059692e-01,2.066536820533012297e-01,1.552917916380426033e-01,-6.568775208805386345e-01,3.750363008430226963e-01,-7.039344991070132541e-03,-8.310024773505921836e-01,2.011029733842560063e-01
1.091726766444949037e+00,5.428606631217158807e-01,1.816240645992669156e-01,-1.194636861523667992e-02,1.482744828621695155e-01,1.930589418457550818e-02,9.187275334525545345e-01,-2.462445346941198043e-01,3.348711876924335695e-01,2.147667072584238113e-01,-1.135265618362136797e-01,3.278039376161319685e-01,-6.132701334014215022e-02,1.179055960012861393e-01,7.852952270465335394e-01,1.524110609256470739e-01,7.407391167625899664e-01,-5.979041553042352408e-01,-5.105574722905011908e-01,7.561117950527705689e-02,-8.816866382695728865e-02,1.690736266655244457e-01,6.544435174035403424e-01,4.439148079644436584e-01,-5.547768050069008527e-01,-9.419861445499300157e-02,2.681726168509163677e-01,3.037914648299755993e-01,-3.083450093603089526e-01,1.513727814741767756e-02
6.888932048436239297e-01,6.847577042409948023e-01,6.087548778747072786e-01,-3.696334326634945211e-01,1.307312922160792201e+00,1.042824336801933205e+00,-6.037851409445028558e-03,9.895683687315340871e-01,1.656145874482941038e-01,-1.233722797758984857e-01,-7.297680276113750752e-02,7.471097861945142915e-01,-1.877250059449870889e-01,-5.721224963609636283e-02,6.272836458175500285e-01,-7.255587880776055432e-01,1.041432831641098566e+00,2.106485576547790783e-01,2.317717667178211538e-01,-7.457221614114915020e-01,-2.807757721436195397e-01,2.764641387342638423e-01,9.913308819623675161e-01,-1.272153486950987622e-01,-4.398052530164785479e-01,5.064940374593959183e-01,-1.879964444358847298e-01,-4.006456795242242797e-02,-3.754901603762289541e-01,3.846300934401883365e-01
-4.941296690369769706e-01,-1.128540274754424866e+00,-9.181492251811392835e-01,1.156536558633191714e+00,-8.616047462165949966e-01,-9.251563202702074717e-02,-6.145441417336591217e-01,-1.907937449369118410e-01,1.992426626579562876e-01,1.681978624167909664e-02,7.724802189575126210e-01,-9.512494758700920650e-02,-8.562254280524260464e-02,-5.403838999043432123e-01,7.446926215128877313e-01,2.808506684576522749e-01,-3.173499551194695067e-01,-1.683099779070143520e-01,-5.260855235616690440e-01,-3.720932280081993282e-01,-4.700630074274704251e-01,-3.257246337997682373e-01,1.047323541485733200e-01,4.764680998583719074e-01,-7.149975939453720453e-02,1.703659559990849948e-01,-6.182901720821918495e-02,6.114124909216744896e-01,-5.545484906930091551e-01,-5.297091266493687833e-02
2.856335715451989721e+00,1.706653781085518240e+00,1.609667130690943804e+00,-1.530038265892612603e+00,2.612671186840570314e+00,4.767640235131803128e-01,3.293232573718764961e-02,1.248935104161575660e-01,6.597902233798275118e-01,-7.057923518473369073e-01,-3.997393541894189717e-01,3.583650138415842568e-01,4.021708075738573140e-01,-8.746959358034401069e-03,-7.077974177726500393e-01,-7.107844217574422752e-01,3.475881852210554457e-01,-4.249672885033990988e-01,-8.220854942132649334e-01,-3.685933864440470997e-01,-3.843227979249140835e-01,-5.533652559736216420e-02,-1.781857206553082718e-01,3.103190014565022081e-01,5.603881561227687103e-01,5.712427321034951877e-01,-2.122365854031869614e-01,-3.018334633013324830e-01,9.076645559190663626e-01,-8.322554989485901888e-01
-6.770857730616628434e-01,-1.234981215612275252e+00,-3.228887227113423908e-01,6.865968141444156458e-01,-4.035565515800088043e-01,3.755080836225706785e-03,-3.964276996443791834e-01,7.053149068427767565e-01,5.430651337534888462e-02,-1.075330509548437091e-01,-2.947966138858009177e-01,1.074334562008539135e-01,3.020752928465983977e-01,-1.275233761667725341e-01,-3.223829193599986875e-01,-3.009073319566653026e-01,-3.298209525586363600e-01,-1.664720216770834704e-01,1.869778378510215111e-01,-7.098376908414945063e-01,-2.514619544224364067e-02,7.375907192618113006e-01,5.383415899361795320e-01,6.213957983052944556e-01,1.760191857135798565e-01,-1.266695849232280235e-01,-4.376250436121010834e-01,-2.351788295959214015e-01,1.773201171718848668e-01,-2.699592652704931872e-01
-1.762454165973040388e+00,-1.644257510075928241e+00,-4.711775366547185095e-01,4.160973579393822952e-01,-7.544911925898096783e-01,-4.053299005827323276e-01,7.608326030212269053e-01,-1.706657902357011924e-01,-3.925605661345482611e-01,-1.725484348888307873e-01,-1.014569634311243362e+00,3.567416222209849885e-01,2.269830844269017656e-01,-3.851057707108146433e-01,-8.790499449476703309e-02,-5.863592699043753687e-01,-3.505325168425306726e-01,3.981602574871694056e-02,6.022121084757667830e-01,-1.605654975359991909e-01,5.105245640132439755e-01,8.192847653541936170e-02,-5.338777959699574360e-01,2.891594996143759255e-01,-2.756550844434845771e-01,-3.220142050401841871e-02,9.032287761216293287e-01,-3.816254228697741890e-01,-1.328477799162079698e-01,-7.597182045614850332e-02
7.148615199143570909e-02,2.144761799865672058e-01,4.116547790930631390e-01,-9.069954336019921959e-01,-8.241102670039635036e-02,3.965486647593707836e-01,1.641155747958079059e-01,-4.948126085321008505e-01,1.153760232308473632e-01,-5.935121453732082886e-01,4.335654022425352583e-01,7.562363118589111588e-01,-9.700323089002056420e-01,1.077490546191153115e-01,2.388016968232327120e-01,3.941890042333203170e-01,-2.116804806073652456e-01,-6.048880516890639547e-02,2.790616707637048055e-01,7.169283952283773687e-01,-9.194532811791557014e-01,3.475829114887650229e-01,-3.047819025754299749e-01,-6.995683744596300491e-01,6.061895478097699685e-01,1.553266250414648830e-01,7.002436941787464342e-01,-2.772074973304673451e-01,3.126803561569463374e-01,-9.526420109910801459e-01
-1.622955178494805972e-02,-4.311143673649447949e-01,-4.966563755996008522e-01,1.424743563160198123e+00,-9.715260395855254139e-01,-2.253916829766094629e-02,-1.050656962484196495e-02,-8.174468681418649574e-01,-3.256474033282823477e-01,2.538128054905599562e-01,-1.793091272042118128e-03,-1.250945342562236606e-01,-4.978885286809157096e-01,-7.256925644667013009e-02,-2.723951326002220230e-01,-2.954419651413892067e-01,1.309117897022230859e-01,3.825182580544159161e-01,1.279435663072473472e-01,-7.923374535775492555e-01,-4.686443264483380888e-01,3.219922854200147344e-01,-1.082983429857570679e+00,-5.858028618728442494e-01,2.950860577524299644e-01,-8.473631358326051688e-03,1.523933477002386572e-01,-4.836146771130038768e-01,5.754437090613137573e-02,1.955305328916928306e-02
-5.467605121504940380e-01,-8.865435690720468997e-01,1.544484950081926877e-01,3.648712245878516502e-01,-7.790547396302762717e-01,3.739935170324817926e-01,3.042095011426821372e-01,-2.795058980783064473e-01,4.613793860572705241e-01,-5.716034815768987754e-01,3.018358150228184766e-01,4.005329117063952810e-02,-4.633977000659109113e-01,-9.637852076752218000e-01,3.363253105409375610e-01,-3.826173112641450547e-01,-3.446136856673447380e-01,-6.091816666604299435e-01,2.338781072692910357e-01,-2.191214793379817338e-01,-4.355165561426870002e-02,3.979563163494045930e-01,4.589563020278442096e-01,-3.101220718377046826e-01,4.512847143016312512e-01,9.028877156560420891e-01,3.616605367155268508e-02,-6.202805578835556694e-02,3.291452913389414370e-01,-4.573773450593994760e-01
-8.401996711099496418e-01,-1.585705636986852074e+00,-1.777459463022207364e+00,9.933641025751343001e-01,-1.995112461147283245e+00,-5.872215538612287622e-01,2.906793269105911182e-01,3.310691755709750939e-01,6.526986125222419277e-01,4.488920019978986931e-01,-6.772892104132541835e-01,-2.033221884786696743e-01,4.788860350443999159e-01,-9.062810121966465848e-01,-8.569393163835932192e-01,-2.817843561193768536e-03,5.952167586503772645e-01,1.990122788491016925e-01,-3.678493507762145009e-01,-2.023604051269612125e-01,-4.405138308545816089e-02,3.005320336144768345e-01,4.534846885396418004e-01,-1.119163496901545152e+00,-8.541590870909693267e-03,-4.172405485193925873e-02,-3.065095311369514519e-01,-2.948163759185989941e-01,3.725380756898760692e-01,3.638583357049121059e-01
-7.257610195765429317e-01,-7.417840787288689786e-01,-7.012732091543560919e-01,9.699546414168859210e-01,-8.168439664059670147e-01,-5.874770594890089681e-01,-2.344297372305908234e-01,-5.334739791579922175e-01,-5.039047742404123564e-01,4.765657171951372950e-01,-6.743633087373181179e-02,-2.442365297215336184e-01,4.829946353688812644e-01,1.848257978006163649e-01,-5.700039293333961643e-01,-1.118910414072648019e+00,-1.633584194862987560e-01,5.038544777701862154e-01,8.493677805904770173e-01,1.745527318827413410e-01,8.378007423580309532e-02,2.854702728550677637e-01,3.303977749789068774e-01,-1.043720620079575001e+00,1.309460039850990354e-01,-1.125914408167391634e-01,5.093937105257468900e-01,-4.933499289099877450e-01,1.306826290804994350e-01,7.711593819355598844e-01
9.857442595292593701e-01,3.874361178239237313e-01,6.643302145486240651e-02,-7.426382931494173167e-01,1.103346276944781934e+00,3.872391295702258818e-01,-3.206344353006767012e-01,6.647787129031558495e-02,2.742915913685798901e-01,-1.200686388500777635e-01,4.810403838705170632e-01,-2.114281038818059677e-01,-7.171778665739120262e-03,-1.010682544943967837e-01,5.906716681409391878e-01,2.038157068785655113e-01,6.510948649795453846e-01,9.399772025397153119e-02,-6.868104852499704593e-01,3.616555379314397717e-02,-4.001581963578813156e-02,1.126644808316958485e-01,2.955468477754224360e-02,-1.110751459845380262e+00,3.653910122100459956e-01,6.645168059164963115e-01,-7.309220654331174405e-01,1.625527863348688873e-01,4.574313027066739812e-01,1.061880711250783038e-01
9.666083970360228594e-01,7.445332728079374629e-01,1.093196699474616507e+00,-9.158676813999466759e-02,6.742896644975699960e-01,7.479739450778779761e-03,9.600866521843395840e-02,4.541277092712155405e-01,-1.444790688371599963e-01,2.546698164594570213e-01,6.800136848040539972e-01,1.366700349072985481e-02,-3.126852380793735398e-01,1.454706886697501034e-01,2.623304821911772722e-01,-2.760733354038720777e-01,5.220856435655726324e-01,-3.861053316755175269e-01,-1.880289073304060588e-01,3.748831785235221536e-01,1.102223284456774893e-01,3.456223674210585628e-01,1.405478679985213697e-01,1.698619136746586100e-02,6.218997440122165932e-01,-2.257006413463319983e-01,-1.671150891186043985e-01,5.893536477577354660e-01,3.018373113184077416e-01,-2.806459346885857853e-01
-8.800125172920656436e-01,-3.518720846391264478e-01,-1.080643780571113322e-01,1.143307249300167028e+00,-1.346611527702832323e+00,2.675713769834003330e-01,-3.356709239460374528e-02,4.938938627697814915e-02,-5.560043934391223353e-01,-4.003985074149878365e-01,3.890179933450054195e-01,3.040479342268016527e-01,-6.367606555350785458e-01,2.400209020199305099e-02,5.528281848318322700e-02,-4.965956996990880667e-01,-3.019441456657001588e-01,2.797444117483868231e-01,-7.808035269524385980e-01,1.825671458258478208e-01,-3.933281176966959558e-01,4.723981674363009892e-02,6.266315531336903444e-01,5.236269040567820277e-01,5.993471605202579378e-01,7.967884632339113926e-01,6.522551470144206665e-01,-4.195428059642421492e-01,-3.680859830124118964e-02,-2.540863115241185355e-01
1.322704691166779689e+00,1.661346410168999199e+00,1.318364781764922888e+00,-1.695309798655051603e+00,1.783686610363649727e+00,-1.732595002531564510e-01,-6.341097179543710161e-02,5.884180769923771370e-01,7.521289909156035902e-01,-7.199662512283658278e-02,9.628983396163297570e-01,-7.850745047071201466e-01,1.279021064060449797e+00,1.347310533274603261e-01,-6.149341736964151171e-03,9.230317655487008111e-02,-2.630311570165288493e-01,-7.710317051313717550e-03,-7.940500660939716626e-01,5.118706145440011790e-01,1.473838514662965948e-01,4.304340649596774537e-02,-5.144624834521076967e-02,-1.222773487074133858e-01,1.127505096493374437e-01,-3.339691715991862653e-01,-1.163149163136949493e-01,-1.178116061572473727e+00,2.425114848984564198e-01,-5.031028250961609993e-01
1.685567631045081560e+00,-2.175827457179403401e-01,8.883478687573195254e-01,-9.580421750396838076e-01,4.634384758275736371e-01,-3.418554084991590747e-01,-1.173133329832222738e-01,-1.180431410739040815e-01,-1.042733903087845887e-01,7.828108445656422054e-01,3.293833024014653499e-01,-3.201563117393867175e-02,-2.640454098812440864e-01,7.822159830927436497e-01,-6.083705448698377705e-01,4.504171405704533448e-01,-8.271839055237750760e-02,2.106344287819536809e-01,2.912245606242917506e-01,7.597892891080606503e-01,-4.190472012427799986e-01,1.643103126525700258e-02,1.051612043694684501e-01,-3.325813760211398518e-01,3.205859250088308882e-02,1.524354965370224857e-01,6.797182211230620719e-02,-2.749897658248435239e-01,-3.233713082772962655e-01,3.173307929476749112e-01
-1.840935450597221967e+00,-9.897239111528286504e-01,-1.493751798755791782e+00,1.801191674166379819e+00,-1.258031492978421095e+00,1.658869412474187899e-01,-4.005483642786122900e-01,-4.008543142231607570e-01,-3.651777637379040597e-01,-2.378200588517271133e-02,3.503460348038666683e-01,-1.752896951437951656e-01,-8.361697732529116411e-02,-1.824347446455917565e-01,5.082664708598787495e-01,1.467413264775546122e-01,-1.715619720587708841e-01,1.734498508624572055e-01,4.292922984973070455e-01,2.618367532244091356e-01,-4.091330839286551335e-02,7.957271192290167605e-02,2.403774102782481048e-01,8.066120513264416481e-01,4.772534736604568950e-01,-1.908865752415358358e-02,-1.338473107580326060e-01,-9.386150375017218161e-01,4.905919609899278000e-01,4.273323873124736105e-02
-2.454351192061738351e-01,4.951840581791195905e-01,1.164235910698556697e+00,-6.014052386937727146e-01,4.420220018433256293e-01,-4.471874610786327753e-02,6.775869028503882507e-01,3.945040149941367869e-01,3.927108208361170250e-01,-2.862827353711273615e-01,4.671851764026257459e-01,7.871561619943928667e-01,-1.150570566374298637e-01,7.328302552135658177e-01,-3.429196345477935060e-01,-2.223909673377181817e-01,-8.298223994099125367e-01,2.674283505901497437e-01,2.415141215629661997e-01,7.658371647341954969e-02,-1.755945498787065406e-01,-4.030656710046138236e-01,2.854017672777290349e-01,-8.010778042050298309e-01,-1.996457091510475956e-01,-2.817372529825231120e-01,-3.577883661750918404e-02,3.747163080265412671e-01,-3.238220108978001055e-01,3.625265675519277475e-01
3.468935337017337028e-01,6.944822911294948886e-01,-6.817713920671153449e-01,-1.146763358224582197e+00,8.902185509899411819e-01,-6.058891198166072023e-01,-2.413117627040917978e-01,8.752387156427572368e-01,2.374049490667976547e-01,4.094572094631602766e-01,1.840964072047329425e-01,8.231523583462833082e-01,1.930954673839212765e-01,-5.131408634971532656e-01,9.056793438709966892e-01,2.167057375942619546e-01,2.770323366042098945e-01,-5.248594135864823595e-01,3.021639181506189376e-01,-3.249799626662254193e-01,-4.952738005072098715e-01,-4.425067142336891468e-01,-5.456104698184258694e-01,6.019549073722807453e-01,1.155289011690040571e-02,-1.320698222489645746e-01,-5.208814325409117929e-01,-2.142747701832110885e-01,1.702239178121931207e-01,-5.105248079879544099e-01
1.831079573133217453e-01,5.570225176153733582e-01,1.986486741622046637e-01,-3.672574473130587602e-01,9.865068609919385167e-01,6.713225168868497406e-01,-8.179857535511900202e-02,-2.564029736844126717e-01,4.995527496628021091e-01,-2.102914596262514535e-01,6.376079681980042491e-01,-2.080800555292055265e-01,-1.273459974626348079e-01,2.964033368224653492e-02,4.759836773733232551e-01,-1.929451680053267393e-01,7.246765658716806946e-02,-7.341729315652659182e-02,6.804681983929188049e-03,8.075158558359789296e-02,-1.642980794371222686e-01,4.477742582460049192e-01,8.300689406617076660e-01,1.684156871722313278e-02,-8.865809200375115440e-01,4.972256210873904347e-01,-2.104135512588997670e-01,-6.280709193990222095e-02,-9.819985782951770048e-01,-1.806777175913424072e-01
-1.216601673879850742e-01,-9.657810183089676759e-02,-7.463910284413088903e-01,3.782985516522617275e-01,-2.276637306879253919e-01,2.910307482548111224e-01,1.039188962005469230e-01,-3.229047381797104932e-01,-2.234455545405273635e-01,8.572496500826041199e-01,5.478886948593865158e-01,-9.305039102383540206e-02,4.645573635727151540e-01,4.615091285719339492e-02,2.513125012962273419e-01,-4.089493674990147820e-01,1.466259461019705501e-01,6.264232495423547320e-01,-2.514883960287055964e-01,6.136483336409775946e-02,1.741491539272560507e-01,1.173664189110722317e-01,-1.386149762042782410e-02,3.204009291620188993e-01,-3.623772144666530526e-01,-6.504663456013901057e-02,6.967679665696344671e-01,-7.027174117375852846e-01,1.254847260193833192e+00,2.529756196573718641e-01
1.575409719979401713e+00,1.382392716304361446e+00,1.207534601753224468e+00,-1.647475516838093679e+00,6.199424132321945669e-01,-8.252250473706038147e-02,2.263693045887534006e-01,-6.858431466791743425e-01,-5.928377932303885434e-01,-5.627250279720763526e-01,-1.230313761518271459e-01,6.000894124578937117e-01,-6.995241185475865597e-01,2.634324614355567241e-03,6.594249743384424933e-01,-2.071972138221074011e-01,3.667706452949709428e-01,-6.586756632924070098e-01,5.089479438468286210e-01,-2.099699489252727369e-01,4.361074743318690827e-01,7.726676808866815849e-01,1.160417590525116283e-01,-1.239299738692704878e-01,-1.534202919703647472e-01,1.317178599078389356e-01,5.238425425938282309e-01,1.479006422895757511e-01,-8.176888221196634832e-02,1.072525818504630329e-01
3.089208589086560042e-01,-3.448111857942576242e-01,4.378845951750914844e-01,2.889979578686119877e-01,2.872004164269179594e-01,-5.967742582816433217e-01,1.086559560847555339e+00,4.469434186843972145e-02,-2.287459442114406216e-01,4.385811423749551574e-01,5.016887946574637436e-01,1.798940716111232796e-01,-1.700228869430499279e-01,-2.938442584138262204e-01,-6.994630473044053387e-01,3.027011497948798313e-01,-7.191700881812927992e-01,-1.460915895112700202e-01,9.561140984308825752e-01,-2.293224566928576402e-01,-6.616134702871895312e-01,2.863276484867403882e-02,-9.158955206362152657e-01,2.588800128379183385e-01,1.458839241741719805e-01,-3.528989022528511987e-01,-2.046410471981657542e-01,1.354937859763210573e-01,-1.133582221983834952e-02,-3.934370113146145598e-01
7.719950115123568324e-01,-1.670489847110743775e-01,-2.222168850044660138e-01,3.905141154051215424e-01,2.974006393148806993e-01,1.697122804689563946e-01,2.367157249370690775e-01,-8.528508680234204997e-02,-9.957929274595027636e-01,2.941423660097483017e-01,3.484444425112563359e-01,-1.186515708307855910e+00,1.339693047703580941e-01,-2.163342464944967014e-01,2.947949650119868759e-01,-2.633680411431197910e-01,-1.336715378843530630e-02,-3.277811535507368368e-01,-4.734602420222380759e-01,-3.289946223577653872e-01,-1.086468297995235761e-02,2.347097115677327650e-01,3.538168822510560640e-01,-4.134727744157428719e-01,2.067446706124257405e-01,4.642141727044268307e-01,-2.403881467277543468e-02,7.276025807485388963e-01,8.334112909668531799e-01,3.038282032645173714e-01
-7.008129959572710899e-01,-1.754991625785419673e+00,-2.357597076467735420e+00,2.372827947967857121e-01,-9.845947344014772673e-01,-3.638368273002398068e-01,2.478710537814074188e-01,-1.730971539313164720e-01,-1.031236150189892009e-01,-6.434254625051047949e-01,-2.367558478196959415e-01,-3.747965200544712272e-01,4.189613399832082391e-02,-7.959075912351422089e-01,-4.689945189575480677e-01,-1.909689297328996949e-01,-2.097734377492231628e-01,-4.313474814840437266e-01,-1.730216059060354639e-01,-2.641809248233600860e-01,2.119919175251716859e-01,2.297412785915134703e-01,8.770033184161476481e-01,8.339667461582007668e-01,-1.957898745482606340e-01,2.307182807669976021e-01,-3.802352511170629251e-02,-7.709959513731196035e-01,-4.552624182359455984e-01,-2.427776253760732805e-01
-3.013909965076248532e-01,3.016251744992590744e-01,-3.669770725144496648e-01,3.099792767278072847e-01,4.087448027996402888e-02,6.543905835425856132e-02,3.735181351234545533e-01,-9.933367701228510427e-01,-3.042887379342676391e-01,-7.504520576875850502e-02,1.253853591040539062e-01,8.308374786890479480e-02,2.565054150437171693e-02,2.928300207680604728e-01,-4.231535134771108320e-02,-2.178696841273508600e-01,7.530440998583468604e-01,1.365729878610137393e-01,2.806177877939522794e-02,2.169638099778509535e-02,4.584031206251419355e-01,-2.791853710581557180e-01,1.249893115911652475e-01,-6.738949438475151377e-01,-1.878664558390776840e-01,5.621249000853280053e-01,3.051847944944894864e-01,-2.072625236022369311e-01,-9.133111958871027447e-01,2.072411348307537093e-01
8.478022592740417362e-01,7.252201141927818728e-01,3.469148892221600167e-01,1.981909704811896100e-02,6.072963438757685850e-01,6.863284739247735855e-01,-6.866077431196513370e-01,-5.239364995271776904e-01,2.071011531091256630e-01,-7.322902102050532491e-01,2.389394889648115139e-01,-1.723937139333702739e-01,2.847366054236985522e-01,3.266356717180221580e-01,1.015616524527852421e-01,2.926797959895307000e-01,9.569761321935870146e-01,-4.480296804576761049e-03,9.384598917619267899e-01,-5.795105924738639391e-01,2.945870016749519427e-01,4.695848145658705342e-01,2.501467044273523177e-01,3.839653088510141532e-01,4.269904813405124844e-01,-4.652564817037978528e-01,3.337204296727578484e-02,-3.355160307707413803e-01,-4.322784095930709558e-01,1.020163584820381053e-01
5.203931681623470418e-01,-8.709121828757034056e-02,-1.012648776451484212e+00,2.107171998421312475e-01,1.227729384904742427e-01,-9.466310495835298378e-01,-5.738885802971778194e-01,-1.220720769915596415e+00,1.976087467369173345e-01,-3.957426844252340779e-03,-5.533188865560593195e-01,-2.250820524595264771e-01,-2.569879471870976650e-01,9.681727088829011202e-03,1.454451205431712690e-01,-3.004453437826942741e-01,-4.965865607250560254e-01,5.213109843519656561e-01,1.067608516694453918e-01,3.696481551104004448e-01,1.810953118248842808e-01,3.591650840070128581e-01,3.948720148891895487e-01,5.660687164028691543e-01,-6.562326139356079446e-01,2.223666298152336684e-01,-3.678649737327319702e-01,-5.028595644308825330e-01,-4.425374036190465321e-01,-9.841398198434324340e-02
-1.776497390891090822e-02,3.367296708081747303e-01,-8.240981715395909735e-01,-4.048101904472481971e-01,4.620650775692433654e-01,2.046575816291069105e-01,-3.170116132786604535e-01,-3.013168292558182637e-01,-6.410043869097522551e-01,-5.324842680315359233e-01,1.085461569309824625e+00,4.324046262601983770e-01,-2.242013289846883917e-01,-1.449239936979621751e-02,6.436543673283164901e-01,-2.376907381558646462e-02,-7.659041757376874315e-01,7.948050896045413261e-01,-9.926600820698326944e-01,2.255636971811532943e-01,-2.666116683076728000e-01,-2.307770245074161966e-02,2.954858999367598882e-01,4.760651973084517596e-01,2.710873363993124285e-01,2.364032718963337554e-01,-4.191340182994245378e-01,2.112798865650134528e-01,-9.451787343811833830e-01,-1.485893394241778742e-01
5.954577369408313725e-01,7.824938031079677891e-01,1.372885252810195911e-01,-3.022477020315023077e-02,-2.823442659333201821e-01,-1.441937388272173992e+00,4.695001457890696228e-01,4.034093026746746746e-01,-1.063776112263539186e+00,-3.522892231395974849e-01,8.331916375722150936e-02,-1.234328977759565210e-01,-1.797035334919566685e-02,1.508654677708562430e-01,-2.627390319364579785e-01,-8.957723342828784185e-02,-1.047296132816131431e+00,1.612348875923347580e-01,-2.497930648337553239e-01,-1.251528992069904367e-01,-3.505888702014759439e-01,3.660966062223407480e-01,-6.746416418769738410e-01,-4.123436382917771148e-01,3.585297936661015206e-02,-6.891856665877075239e-01,3.857890630212069127e-01,4.045789140422780261e-01,-1.046019277851740537e+00,1.419033149471754740e+00
-1.408227902970915213e-01,5.999998140611928488e-02,2.555179386725642265e-03,-3.824775737729737002e-01,1.278264068375139506e-01,9.965197770462436155e-02,-4.761016521419940695e-01,9.746082293430047283e-02,5.917257886719062832e-01,2.628196344875355014e-02,-3.661931318360759913e-01,1.676549839329962988e-01,-6.761160957900663737e-01,-2.999130254659234107e-01,9.961638011197838649e-01,5.603946471051447498e-01,-1.814134565761053586e-01,1.043186462239601875e+00,3.462202078665721494e-01,4.297356713858199173e-01,4.409150875335408060e-01,-7.820013884899741363e-01,-3.269305157210672386e-01,2.868556529274439715e-01,-3.432476872352162034e-01,6.483407363066894247e-01,-1.981177838982800254e-01,3.865750738544289078e-01,-2.173757370139828282e-01,-6.076816052854318029e-01
-5.838007287058263883e-02,9.589451834058710933e-01,-6.134914011411651824e-01,-1.346411710714717214e-01,-3.704739539077910870e-01,-8.443051582798076493e-02,-2.275552323572861690e-01,4.185836333549560750e-01,1.130800393375185564e+00,-3.196721859353142924e-03,7.527535065125192659e-01,1.247822418816754986e-01,1.140658997218399334e-01,3.383152851320885696e-02,-7.707074926512719193e-01,-7.405857160318036758e-01,3.279074905933134776e-01,-2.144337115774924696e-01,-5.492908683867293584e-01,-4.205781959553659410e-01,-3.781015608363997860e-01,3.395132000846718401e-01,-5.888958635637305816e-01,9.698611745086815894e-02,7.868469461101861295e-01,2.093717370560410074e-01,9.400028970421518693e-02,-3.033344533120463926e-01,2.681578293938077229e-01,-4.250000873310926658e-02
2.914103680081892578e-01,-2.686362398455498512e-01,-2.929760327157607813e-01,1.119459852444331771e+00,-9.508124917263255371e-02,3.673644843325719889e-02,2.448265005898193347e-01,7.643160177938715938e-01,-3.910587423129697204e-01,4.318465600112610381e-01,-2.290222769513036716e-01,-3.254133121724830935e-01,-4.666435641381790067e-02,4.094016575261835156e-01,-7.055434853237059212e-01,2.678066258368791974e-01,-2.153487990550572717e-01,6.734064518193721982e-01,-1.214186362868770186e-01,-4.539042681138588109e-01,-3.513884698092520353e-01,-2.600393909543285420e-01,-5.930023717781085502e-01,-6.205617079211099563e-02,-6.846287213252110204e-01,-4.157949646682279621e-01,1.021683176656949105e-01,-4.620657777655681198e-01,7.495496108472446406e-02,-2.079549057834410297e-01
-9.009303252571757570e-01,-9.014377454463223804e-01,-1.922613954990436191e+00,1.055894335853190036e+00,-2.725416916413345270e+00,-8.388549017132707064e-02,3.521670871569262257e-02,4.597790613182646813e-01,-4.124082668268460039e-01,-5.259338295994876455e-01,-1.311612287322775905e-01,-3.732690519997644563e-01,-1.213087457386807233e-01,4.322995036380504752e-01,7.663908911824983683e-01,-4.488486348969533690e-01,-4.716940167395394234e-01,9.870629937411409260e-01,2.969963459879644829e-01,9.538484609798655312e-01,8.623293454036938810e-01,-5.770098045160584332e-01,2.746176570968760777e-01,4.032469554236624565e-01,-9.672397093753546393e-01,-6.136621782195794683e-01,3.301033175140908882e-01,5.439710004971180790e-02,-6.764284273497618294e-01,3.813626238796985479e-01
-7.199416902356045589e-02,-1.741085624031112611e-01,4.831504718584711533e-01,-5.738034283069110009e-01,7.465351884366628887e-01,-3.660572264924328439e-02,1.441197487316576431e-01,-3.485713800496659243e-01,7.779090518149563982e-01,-1.182412048027198515e-01,6.958466478206123407e-01,-3.087607646194192035e-01,3.480243716669262910e-01,5.649481126428602673e-01,1.075392362261136325e+00,-3.102211003569131376e-01,4.062313495356876247e-01,7.373744058545068647e-01,3.348705350512130585e-01,-1.067322143741770590e+00,-1.139780742829550469e-01,1.732979582087500470e-01,-3.362054475773791351e-01,2.228325846882850056e-02,-5.038463618937746163e-02,6.108195709014156982e-01,7.374736840074670730e-02,3.673039178162894602e-01,-4.792294034265729419e-01,5.162720385402890244e-01
-3.447222632952176014e-01,9.365721829013127220e-01,7.861583975054942108e-01,2.042759229812438071e-01,4.780761360663235982e-01,3.246360341850424575e-02,-4.291909766193101605e-01,-1.806049553805297303e-01,4.475459359249384650e-01,3.682162826672358280e-01,2.180188730003716491e-01,-1.402759864022975755e-01,5.637438113970005826e-02,2.515789396905641073e-01,-7.994768590575550282e-02,-4.954500325875018651e-01,5.550068407097642938e-03,-4.705394676137325538e-02,1.084308948390073635e-01,-6.975695185365706763e-01,-3.613589391957156560e-01,-6.944316511381763979e-01,-1.570974438962726427e-01,2.034368712077322672e-01,1.825710777458085590e-02,-6.354035489756949540e-01,-2.093255813518667963e-01,3.344550674617968733e-01,-2.657517027652455538e-02,-4.192391931662145521e-01
8.925700061762699145e-01,-2.495292897830633794e-01,3.088738052110143739e-01,-3.825972482803196018e-01,2.058459706779014464e-01,-1.049298102994904308e-01,-4.539041351591648760e-02,3.008175855878737481e-01,-2.064125648552397052e-01,-5.774052837983045805e-01,2.630529152794626180e-01,-1.434757490668456779e-02,-5.145015693641212806e-01,-5.846918369817510897e-01,3.558658568459132643e-01,6.251083841589137879e-01,1.564635672974040437e-01,4.172685597764875798e-01,-4.154084262132501371e-01,1.933643476385501214e-01,-2.581464941987772141e-02,3.475908696666249464e-01,9.805016614721553947e-02,-9.006302463548579995e-01,4.528292517685464369e-01,2.645012121970751195e-01,1.925736251077895256e-01,1.980809374910124099e-01,-3.369657019256088182e-01,-1.688852944695108937e-01
-5.810563714132004343e-01,-4.413450371679182860e-01,-4.726931421017153134e-01,4.661352579039282906e-01,-8.860148773828357971e-01,1.481702007575619491e-02,-1.988689938615095798e-01,6.014578600342358472e-01,-3.227530887513046509e-01,4.337694545866542239e-01,2.726074596864880295e-01,-5.480787009757770445e-01,2.770045069228759815e-01,-8.113484702627622447e-01,9.688986729980941792e-01,8.360303357734560903e-02,-1.786408610991438994e-01,4.652645207458760979e-01,8.113037248293959447e-01,-6.099908382828373998e-01,3.378640020856949477e-01,-3.812514492745435191e-01,3.851470915039817977e-01,-7.501876621218881436e-01,-5.847875980841676924e-01,-8.696105994236640047e-02,-6.064102025738413726e-01,-4.680285181404084116e-01,3.170087942375618417e-01,3.218853471474421579e-01
-1.034662992858047526e-01,7.711315922931850919e-02,4.489795898171207167e-01,-3.009520183174977381e-01,6.203587049153678201e-01,1.261463027244936162e-02,1.016384300745579283e+00,-3.627484703898018470e-01,3.422402689585885005e-01,1.763240191545391022e-01,-1.873203579537137120e-01,-5.297417302360301478e-02,8.365006556156634465e-02,-5.330440320242189056e-01,6.725758836873216850e-01,3.546623626403289098e-01,1.842899756876100748e-01,2.591440191748826671e-01,-8.897660120432515640e-01,7.004173856455081504e-01,2.112938691941000924e-01,3.103791889490553624e-01,1.069786821685899225e+00,4.888521666485378114e-01,1.191377395504811670e-01,4.261046505608143131e-01,2.561983702547375175e-01,1.391731618294759776e-01,-6.381594641861400019e-01,-4.399026571325432289e-01
2.926589334903783035e-01,7.884534339479531972e-01,9.909695931833898408e-01,-1.167386630058989461e+00,7.769886377311221448e-01,3.047383283137175547e-01,1.128000095281568860e-01,-1.876979370740909647e-01,-2.999937104878734329e-01,-4.035779147168474523e-01,8.437530252389829899e-01,2.104748888283064778e-01,-9.562637595369989363e-01,-4.359256702360184699e-01,7.234279985274946201e-01,-1.117701814105826613e-02,8.805043269338872491e-01,-2.878946450247870659e-01,-3.612583378649365518e-01,-1.914293166044070682e-01,-7.839244324259275754e-02,7.082968758261357078e-02,-5.032368233581836076e-02,1.062255763542438336e+00,-3.416187188099081840e-02,5.060822384422116738e-01,-2.775963524919923819e-01,4.810563201017741819e-01,-1.281770966714450462e-02,-5.691800650826069896e-01
2.001861191929775741e-01,-3.326320653354702950e-01,-7.691286026901466011e-01,6.695261372316340109e-01,-2.496394893156143879e-01,2.109529323213165664e-01,2.193616690236511318e-02,-8.888664811476852945e-01,-7.679332248543188633e-02,1.469660616300088041e-01,-5.464066967169195488e-01,-5.347759877545706919e-01,-5.512984136220470260e-02,4.666795706434621605e-01,-7.939601725624499673e-02,2.281443398648904108e-01,-4.330426849712807336e-01,-2.194115136896927776e-01,-4.435552523098019728e-01,3.598965877663096169e-01,5.353498834696381881e-01,8.349966334886455011e-02,6.273870545461512904e-01,4.449391916689253157e-01,6.995231527902230351e-01,3.896547971037875868e-01,-2.860353772271908776e-02,9.447606394748710168e-02,2.919267714890974030e-01,2.439107851968405627e-01
1.359236935557086579e+00,8.546061051866776781e-02,5.318711284263960559e-02,-5.321747799410925239e-01,3.189493672553195824e-01,3.896643041208772140e-01,1.259456490601472134e-01,2.212668522381444347e-01,-1.389302161221571685e-01,-4.067778188394223782e-01,-2.139772222306604577e-01,1.924379904473051961e-01,-4.452526719184687204e-02,4.125809882454773425e-01,-1.237077257439567757e-01,3.678171078366265223e-01,3.119496090250436504e-01,3.440105253807641539e-01,-6.188392107449581792e-01,3.268806859762320161e-02,2.441669678971802870e-01,-4.926410537861960343e-02,4.775687242757886142e-01,3.144720558504183194e-01,1.750606639178377277e-01,-1.573574752996915738e-01,3.975341198507495455e-01,-2.892488531010379837e-01,1.625533021284605584e-01,5.194651106836406518e-01
9.763818029637963969e-01,6.681833887811770012e-01,1.291335782144727773e+00,8.272829314751417584e-02,9.245584863280844612e-01,-2.395911228668838946e-02,-6.073828227849211725e-01,-2.234041492271663099e-01,-2.234130314899215319e-01,-2.917141432197145265e-02,3.819544813192253807e-01,-3.215841708021704992e-01,-1.681676062964840568e-01,-2.361697660161819479e-01,3.193431942111075728e-01,-7.810150262912397556e-01,6.389760940529415345e-01,2.373960106858134245e-01,3.237271298928249275e-01,-3.232353118410727366e-01,-3.252139224368269521e-01,5.550191283707427425e-01,-2.564220867941908732e-01,1.926936531518826795e-02,5.164120820305190263e-01,5.284930584634111028e-01,-1.018412861883999931e-01,4.037828246715422509e-01,1.691642969447468559e-01,1.277174727229519746e-01
-5.337202245654033561e-01,2.624286429573146617e-01,-1.036009916148809884e+00,1.370959550681360328e+00,-4.577745428849216980e-02,-3.079407237284241261e-01,-2.482290892306372732e-01,-7.957263731551456054e-02,-5.453339608513548820e-01,-2.539070228421075881e-01,2.379166154619579976e-01,1.906473842089909665e-01,-4.143928036771842294e-01,3.880442068457397031e-01,-7.799605962824736061e-01,6.954764025736993871e-02,-8.597386174804342307e-01,-7.274292088230586151e-01,1.546591261832790803e-02,1.637359990320892411e-01,-1.585354494590236751e-01,2.617338472485499223e-01,-2.282498683187181299e-01,-3.187429766510603280e-01,3.428714727575405408e-01,-3.316990609395981116e-01,1.929351362189072050e-01,-1.289373624389709705e-01,-9.867769404153045043e-01,-3.592605782486977262e-01
