"V1","V2","V3","V4","V5","V6","V7","V8","V9","V10","V11","V12","V13","V14","V15","V16","V17","V18","V19","V20","V21","V22","V23","V24","V25","V26","V27","V28","V29","V30","V31","V32","V33","V34","V35","V36","V37","V38","V39","V40","V41","V42","V43","V44","V45","V46","V47","V48","V49","V50","V51","V52","V53","V54","V55","V56","V57","V58","V59","V60","V61","V62","V63","V64","V65","V66","V67","V68","V69","V70","V71","V72","V73","V74","V75","V76","V77","V78","V79","V80","V81","V82","V83","V84","V85","V86","V87","V88","V89","V90","V91","V92","V93","V94","V95","V96","V97","V98","V99","V100","V101","V102","V103","V104","V105","V106","V107","V108","V109","V110","V111","V112","V113","V114","V115","V116","V117","V118","V119","V120","V121","V122","V123","V124","V125","V126","V127","V128","V129","V130","V131","V132","V133","V134","V135","V136","V137","V138","V139","V140","V141","V142","V143","V144","V145","V146","V147","V148","V149","V150"
0.444868298543128,0.444868298543128,0.444868298543128,0.444868298543128,0.444868298543128,0,0,0,0,0,0,0,0,0,0,0,0,0,0,0,0,0,0,0,0,0,0,0,0,0,0,0,0,0,0,0,0,-0.0169560426702181,0,0,0,0,0,0,-0.0104450155936116,0,0,0,0,0,0,0,0,0,0,0,0,0,0,0,0,0,0,0,0,-0.0249983466371032,0,0,0,0,0,0,0,0,0,0,0,0,0,0,0,0,0,0,0,0,0,0,0,0,0,0,0,0,0,0,0,0,0,0,0,0,0,0,0,0,0,0,0,0,0,-0.00888653905684108,0,0,0,0,0,0,0,0,0,0,0,0,0,0,0,0,0,0,0,0,-0.0394631778688938,0,0,0,0,-0.056473433189699,0,0,0,0,0,0,0,0,-0.0679256950511701,0,0,0
0.444840301935303,0.444840301935303,0.444840301935303,0.444840301935303,0.444840301935303,0,0,0.013742188758536,0,0,0,0,0,0,0,0,0,0,0,0,0,0,0,0,0,0,0,0,0,0,0,0,0,0,0,0,0,0,0,0,0,0,0,0,0,0,0,0,0,0,0,0,0,0,0,0,0,0,0,0,-0.0179477614239543,0,0,0,0,0,0,0,0,0,0,0,0,0,0,-0.0470825616477427,0,0,0,0,0,0,0,0,0,0,0,0,-0.0566193752882139,0,0,0,0,0,0,0,0,0,0,0,0,0,0,0,0,0,0,0,0,0,0,0,0,0,0,0,0,0,0,0,0,0,0,0,0,0,0,0.0668300789138782,0,0,0,0,0.00663954589941912,0,-0.00637269392434961,0,0,0,0,0,0,0,0,0,-0.0100540272505694,0,0,0,0,0
0.446117658544242,0.446117658544242,0.446117658544242,0.446117658544242,0.446117658544242,0,0,0,0,0,0,0,0,0,0,0,0,0,0,0,0,0,0,0,0.0288686187247942,0,0,0,0,0,0,0,0,0,-0.00413207544562811,0.0152381455291895,0,0,0,0,0,0,0,0,0,0,0,0,0,0,0,0,0,-0.0304344385438546,0,0,0,0,0,0,0,0,0,0,0.017788234465704,0,0,0,0,0,0,0,0,0,0.0110397220201044,0,0,0,0,-0.0068503364557179,0,0,0,0.0180468642075493,0,0,0,0.0381744360273815,0,0.0112715517908144,0,0,0,-0.00783110388573828,0,0,0,0,0,0,0,0,0,0,0,0,0,-0.0157518790366948,0,0,0,0,0,0,0,0,0,0,0,0,0,0,0,0,0.0134740439287996,0,0,0,0,0,0,0,0,0,0,0,0,0,0,0,0,0,0,0,0,0,0,0,0,0
0.444572896932694,0.444572896932694,0.444572896932694,0.444572896932694,0.444572896932694,0,0,0,0,0,0,0,0,0,0,0,0,0,0,0,0,0,0,0,0,0,0,0,0,0,0,0,0,0,0,-0.0866080360488798,0,0,0,0,0,0,0,0,0,0,0,0,0,0,0,0,0,0,0,0.0103370792492063,0,0,0,0,0,0,0,0,0,0,0,0,0,0,0,0,0,0,0,0,0,0,0,0,0,0,0,0,0,0,0,0,0,0,0,0,0,0,0,0,0,0,0,0,0,0.0416743186767196,-0.0329965481056513,0,0,0,0,0,-0.00516607596041179,0,0,0,0,0,0,-0.00209754078418673,0,0,0,0,0,-0.00367182457055194,0,0,0,0,0,0,0,0,0,0,0.00824384718070483,0,0,0,0,0,0,0,0,0,0.0350460049909427,0,0,-0.000783982552450893,0,0,0,0
0.444424800171594,0.444424800171594,0.444424800171594,0.444424800171594,0.444424800171594,0,0,0,0,0,0,0,0,0,0,0,0,0,0,0,0,0,0,0,0,0,0,0.00836186118172163,0,0,0,0,0,0,0,0,0,0,0,0,0,0,0,0,0,0,0,0,0,0,0,0,0,0,0,0,0,0,0,0,0,0,0,0,0,0,0,0,0,0,0,0,0,0,0,0,0,0,0,0,0,0,0,0,0,0,0,0,0.0473856929379369,0,0,-0.0461810329670605,0,0,0,-0.070391016134281,0,0,0,0,0,0,0,0.0550461387042099,0,0,0,0,0,0,0,0,0,0,0,0,0,0,0,0,0,0,0,0,0,0,0,0,0,0,0,0,0,0,0,0,0,0,0,0,0,0,0,0,0,0,0,0,0,0
0.445389450142863,0.445389450142863,0.445389450142863,0.445389450142863,0.445389450142863,0,0,0.0211979039474669,0,0,0,0,0,0,0,0,0,0,0,0,0,0,0,0,0,0,0,0,0,0,0,0.00915054043593072,0,0,0,0,0,0,0,0,0,0,0,0,0,0,0,0,0,0,0,0,0,0,0,0,0,0,0,0,0,0,0,0,0,0.0340576507933,0,0,0,0,0,0,0,0,0,0,0,0,0,-0.0522192472991697,0,0,0,0,0,0,-0.0383391300726342,0,0,0,0,0,0,0,0,0,0,0,0,0,0,0,0,0,0,0,0,0,0,0,0,0,0,0.010463715059477,0,0,0,0,0,0,0,0,0.00583896256523013,0,0,0,0,0.0455534883354526,0,0,0,0,0,0,0.00572185356020021,0,0,0,0,0,0,0,0,0,0,0,0,0,0,0
0.445943945273291,0.445943945273291,0.445943945273291,0.445943945273291,0.445943945273291,-0.0138049801073489,0,-0.027889924498056,0,0,0,0.0178760871988794,0,-0.0219882421859508,0,0,0,0.0172881829675579,0,0,0,0,0,0,0,0,0,0,0,0,0,0,0,0,0,0,0,0,0,0,0,0,0,-0.0223770982632679,0,0,0,0,0,0,0,0,0,-0.0290618297557135,0,0,0,0,0,0,0,0,0,0,0,0,0,0,0,0,0,0,0,0,0,0,0,0,0,0,0,0,0,0,0.0356626519320888,0,0,0,0,0,0,0,0,0,0,0,0,0,0,0,0,0,0,0,0,0.0312761407086936,0,0,0,0,0,0,0,0,0,0,0,0,0,0.00200046685638735,0,0,0,0,0,0.000544411942780137,0,0,0,0,0,0,0,0,0,0,0,0,0,0,0,0,0,0,0,0,0,0,0,0
0.445593475215619,0.445593475215619,0.445593475215619,0.445593475215619,0.445593475215619,0,0,0,0,0,0,0,0,0,0,0,0,0,0,0,0,0,0,0,0,-0.00599856328564485,0,0,0,0,0,0,-0.0119488282018232,0,0,0,0,0,0,0,0,0,0,0,0,0,0,0,0,0,0,-0.0112228331619865,0,0,0,0,0,0,-0.013154118688616,0,0,0,0,0,0,0,0,0,0,0.049390694615049,0,0.00829773207699409,0,0.0214963527983863,0,0,0,0,0,0,0,0,0,0,0,0,0,0,0,0,0,0,0,0,0,0,-0.0374115081111273,0,0.0458789042972971,0,0,0,0,0,0,0,0,0,0,0,0,0,0,0,0,0,0,0,0,0,0,0,0,0,0,0,0,0,0,0,0,0,0,0,0,0,0,0,0,0,0,-0.016722831468159,0,0,0,0,0,0,0,0
0.444785634219899,0.444785634219899,0.444785634219899,0.444785634219899,0.444785634219899,0,0,0,0,0,0,0,0,0,0,0,0,0,0,0,0,-0.0150897066658247,0,0,0,0,0,0,0,0,0,0,0,0,0,0,0,0,0,0,0,0,0,0,0,0,0,0,0.0463619305025062,0,0,0,0,0,0,0,0,0,0,0,0,0,0,0,0,0,0,0,0,0,0,0,0,0,0,-0.029381325435266,0,0,0.011548820895009,0,0,0,0,0,0,0,0,0,0,-0.0808666043087261,0,0,0,0,0,0,0,0,0,0.0243442325336702,0,0,0,0,0,0,0,0,0,0,0,0,0,0,0,0,0,0,0,0,0,0,0,0,0,0,0.0179689513426807,0,0,0,0,0,0,0,0,0,0,0,0,0,0,0,0,0,0,0,0,0,0,0
0.445633714811516,0.445633714811516,0.445633714811516,0.445633714811516,0.445633714811516,0,0,0,0,0,0,0,0,-0.0315212383316092,0,0,0,0,0,0,0,0,0,0,0,0,0,0,-0.0245880258177646,0,0,0,0.0144016670232801,0,0,0,0,0,0,0,0,0,0,0,0,0,0,0,0,0,0,-0.00153861673087154,0.0410978837484814,0,0,0,0,0,0,0,0,0,0,0,0,0,0,0,0,0,0,0,0,0,0,0.00332258248342851,0,0,0,0,0,0,0,0,0,0,0,0.00322113891831428,0,0,0,0,0,0,-0.00048638380678848,0,0,0,0.000468833151593555,0,0,0,0,0,0,0,0,0,0,0,0,0,-0.000267012942103277,0,0,0,0,0,0,0,0,0,0,0,0.0380553929777896,0,0,0,0,0,0,0.000799641198379687,0,0,0,0,0,0,0,0.0413589726541825,0,0,0,0,0,0,-0.000857410585600262,0,0.0193363683554102,0
0.445293313360872,0.445293313360872,0.445293313360872,0.445293313360872,0.445293313360872,0,0,0,0,0,0,0,0,0,0,-0.0255007692846293,0,0,0,0,0,0.0324478646571144,0,0,0,0,0,0,0,0,0,0,0,0,0,0,0,0,0,0,0,0,0,-0.0243278347924649,0,0,0,0,0,0,0,0,0,0,0,0,0,0,0,0,0,0,0,0,0,0,0,0,0,0,0,0,0,0,0,0,0,0.00632521680231131,0,0,0,0,0,0,0,0,-0.00731775741048169,0,0,0,0.0253628569749712,-0.0711825091404823,0,0,0,0,0,0,0,0,0,0,0,0,0,0,0,0,0,0,0,0,0,0,0,0,0,0,0,0,0,0,0,0,0,0,0,0.016628205881452,0,0,0,0,0,0,0,0,0,0,0,0,0,0,0,0,-0.0139301610349099,0,0,0,0,0
0.445750196735404,0.445750196735404,0.445750196735404,0.445750196735404,0.445750196735404,0,0,0,0,0,0,0,0,0,0,0,0,0,0,0,0,0,0,0,0,0,0,0,0,0,0,0,0,0,0,0,0.0185374071984768,0.00017033860909327,0,0,0,0,0,0,0.00512817217827663,0,0,0,0,0,-0.0173695246183059,0,0,0,0,-0.00115253772250247,-0.0102337432163483,0,0,0,0,0,0,0,0,0,0,0,0,0.0181042122543848,0,0.0205405061699587,0,0,0,0,0,0,0,0,0,0,0,0,0,0,0,0,0,0,0,0,0,0,0,0,0,0,0,0,0,0,0,0,0,0,-0.0555274377054949,0.0211958294280233,0,0,0,-0.0327551048664189,0,0,0,0,0,0,0,0,0,0,0,0,0,0,0,0,0,0,0,0,0,0,0,0,0,0,0,0,0,0,0,0,0,0,0,0.0200239451388763,0,0
0.444366440562258,0.444366440562258,0.444366440562258,0.444366440562258,0.444366440562258,0,0,0,0,0,0,0,0,0,0,0,0,0,0,-0.0107665245129153,0,0,0,0,0,0,0,0,0,0,0,-0.0695089156176299,0,0,0,0,0,0,0,0,0,0,0,0,0.000503350969438946,0,0,0,0,0,0,0,0,0,0,0,0,0,0,-0.0806170990066638,0,0,0,0,0,0,0.0233883767325016,0,0,0,0,0,0,0,0,0,0,0,0,0,0,0,0,0,0,0,0,0,0,0,0,0,0,0,0.0137742997521077,0,0,0,0,0,0,0,0,0,0,0,0,0,0,0,0,0,0,0.0210852525033735,0,0,0,0,0,0,0,0,0,0,0,0,0,0,0,0,0,0,0,0,0,0,0,0,0,0,0,0,0,0,0,0,0,0.00801372087725734,0,0
0.44593475567528,0.44593475567528,0.44593475567528,0.44593475567528,0.44593475567528,0.0125791972046679,-0.00431396064503242,0,0,0,0,0,0,0,0,0,0,0,0,0,0,0,0,0,0,0,0,0,0,0.00431590648276481,0.0150172731977249,0,0,0,-0.0167506622827811,0,0,0,0,0,0,0,-0.022879401038415,0,0,0,0,0,0,0,0,0,0,0,0,0.0134708740597765,0,0,0,0,0,0,0,0,0,0,0,0,0,0,0,0,0,0,0,0,0,0,0,0.0100055810572326,0,0.0265847485127421,0,0,0,0,0,0,-0.0202614119224843,0.0129634021112584,0,0,0,0,0,0,0,0,0,0,0,0,0,0,0,0,0,0,0,0,0,0,0,0,0,0,0,0,0,0,0,0,0,0,0,-0.00711624779169048,0,0,-0.0535572981002096,0,0,0,0,0,0,0,0,0,0,0,0,0,0,0,0,0,0,0,0,0
0.445243786697121,0.445243786697121,0.445243786697121,0.445243786697121,0.445243786697121,0,0,0,0,0,0,0,0,0,0,0,0,0,0,0,0,0.0186367823893859,0,0,0,0,0,0,0,0,0,0,0,0,0,0,0,0,0,0,0,0,0,0,0,0,0,0,-0.0227507181924847,0,0,0,0,0,0,0,0,0,0,0,0,0,0,0,0,0,0,0,0,0,0,0,0,0,0,0,0,0,0,0,0,0,0,0,0,0,0,0,0,0,0,0,0,0,0,0,0,0,0,0,0,0,0,0,0,0,0.0308364662444516,0,0,0,0,0,0,0,0,0,-0.0151479673333334,0,0,0,0,0,0,0,0,0,0,0,0,0,0,0,0,0.0267794425375918,0,0,0,0,0,0,0.0484804561054501,0,0,0,0,0.0606389764948749,0,0,0,0
0.445273986349201,0.445273986349201,0.445273986349201,0.445273986349201,0.445273986349201,0,0,0,0,0,-0.0202095760441616,0,0,0,0,0,0,0,0,0,0,0.0421215405484413,0,0,0,0,0,0,0,0,0,0,0,0,0,0,0,0,0,0,0,0,0,0,0.0135636383307046,0,0,0,0,0,0,0,0,0,0,0,0,0,0,0,0,0,0,0,0,0,0,0.00265729607256864,0,0,0,0,0,0,0,0,-0.0446088645337418,0,0,0,0,0,0,0,0,0,0,0,0,0,0,0,0,0,0,0,0,0,0,0,0,0,0,0,0,0,0,0,0,0,0,0,0,0,0,0,0,0,0,0,0,0,0,0,0,0.0497352912576269,0,0,0,0,0,0,0,0,0,0,0,0,0,0,0,0.008424298554676,0,0,0,0.0417993056952506,0,0,0,0
0.445712550692915,0.445712550692915,0.445712550692915,0.445712550692915,0.445712550692915,0,0,0,0,-0.00793666252134929,0,0,0,0,0,0,0,0,0,0,0,0,0,0,0,0,0,0,0,0,0,0,0,0,0,0.0389535745827007,0,0,0,0,0,0,0,0,-0.0204879526561803,0,0,0,0,0,0,0,0,0,0,0,0,0,0,-0.0324245962724293,0,0.0129759076739382,0,0,0,0,0,0,0,0,0,0.00799897872746509,0,0,0,0,0,0,0,0,0,0,0,0,0,0,0,0,0,0,0,0,0,0,0,0,0,0,0,0,0,0,0,0,0,0,0,0,0,0,0,0,0,0,0,0,-0.0226955272010406,-0.0331589992255329,0,0,0,0,0,0,0,0.00187240711821995,0,0,0,0,0,0,0,0,0,0,0,0,0,0,0,0,0,0,0,0,0,0,0,0.0424223833397461
0.444767531489691,0.444767531489691,0.444767531489691,0.444767531489691,0.444767531489691,0,0,0,0,0,-0.0199400993009019,0,0,0,0,0.0131149566399699,0,0,0,-0.047531393079215,0,0,0,0,0,0,0,0,0,0,0,0,0,0,0,0,0,0,0,0,0,0,0,0,0,0,0,0,0,0,0,0,0,0,0,0.021036811101023,0,0,0,0,0,0,0,0,0,0,0,0,0,0,0,0,0.066478262444982,0,0,0,0,0,0,0,0,0,0,0,0,0,0,0,0,0,0,0,0,0,0,0,0,0,0,0,0,0,0,0,0,0,0,0,0,0,0,0,0,0,0,0,0,0,0,0,0,0,0,0,0,0,0,-0.000825046586661735,0,0,0,0,0,-0.0567255161819707,0,0,0,0,0,0,0,0,0,0,0,0,0,0,0,0
0.443538093176475,0.443538093176475,0.443538093176475,0.443538093176475,0.443538093176475,0,0,0,0,0,0,0,0,0,0,-0.00769337945380108,0,0,0,0,0,0,0,0,0,0,0,0,0,0,0,0,-0.10746550837199,0.0141252748943192,0,0,0,0,0,0,0,0,0,0,0,0,0.00371969316221813,0,0,0,0,0,0,0,0,0,0,0,0,0,0,0,0,0,0,0,0,0,0,0,0,0,0,0,-0.00335957530103133,0,0,0,0,0,0,0,0,0,0,0,0,0,0,0,0,0,0,0,0,0,0,0,0.00300134272430976,0,0,0,0,0.0349023731144462,0,0,0,0,0,0,0,0,0,0,0,0,0,0,0,0,0,0,0,0,0,0,0,0,0,0,0,0,0,0,0,0,0,0,0,0,0,0,0,0,0,0,0,0,0,0.0575321298786864
0.445886390323446,0.445886390323446,0.445886390323446,0.445886390323446,0.445886390323446,-0.0245303196029832,0,0,0,0,0,0,0,0,0,0,0,0,0,0,0,0,-0.0050980793120683,0,0,0,0,0,0,0,0,0,0,0,0,-0.0290329710374624,0,0,0,0,-0.00116474822893074,0,0,0,0,0,0,0,0,-0.032770392829636,0,0,0,0,0,0,0,0,-0.016138742562503,-0.0329969849110176,0,0,0,0,0,0,0,0,0,0,0,0,0,0,0,0,0,0,0,0.00672253703334749,0,0,0,0,0,0,0,0,0,0,0,0,0,0,0,0,0,0,0,0,0,0.00453058427303159,0,0,0,0,0,0.0378616974517458,0,0,0,0,0,0,0,0,0,0,0,-0.000197109196985908,0,0,0,0,0,0.00704631577592103,0,0,0,0,0,0,0,0,0,0,0,0,0,0,0,0,0,0,0,0,0,0,0,0.021967308950313
0.444602452704152,0.444602452704152,0.444602452704152,0.444602452704152,0.444602452704152,0,0,0,0,0,0,0,0,0,0,0,0,0,0,0,0,0,0,-0.0608616515541666,0,0,0,0,0,0,0,0,0,0,0,0,0,0,0,0,0,0,0,0,0,0,0,0,0,0,0,0.0393672789794281,0,0,0,0,0,0,0,0,0,0,0,0,0,0,0,0,0,0,0,0,0,0,0,0,0,-0.0140059646213871,0,0,0,0,0,0,0,0,0,0,0,0,0,0,0,0,0,0,0,0,0,0,0.0113928901688302,0,0,0,0,0,0,-0.0279389673876251,0,0,0,0,0,0,0,0,0,0,0,0,0,0,0,0,0,0,0,0,0,0,0,0.0726826599587845,0,0,0,0,0,0.000228066592196186,0,0,0,0,0,0,0,0,0,0,0,0
0.445002172578496,0.445002172578496,0.445002172578496,0.445002172578496,0.445002172578496,0,0,0,-0.065641119133481,0,0,0,0,0,0,0,0,0,0,0,0,0.0024411324851036,0,0,0,0,0,0,0,-0.00750953229662303,0,0,0,0,0,0,-0.00608431014900634,0,0.00593956647204135,0,0,0,0,0,0,0,0,0,0,0.0311151448692817,0,0,0,0,0,0,0,0.000536478435471683,0,0,0,0,0,0,0,0,0,0,0,0,0,0,0,0,0,0,0,0,0,0,0,0.0105571979406669,0,0,0,0,0,0,0,0,0,0,0,0,0,0,0,0,0,0,0,0.0579424619852985,0,0,0,0,0,0,0,0,0,0,-0.0310838260455977,0,0,0,0,0,0,0,0,0,0,0,0,0,0,0,0,0,0,0,0.00396743403656641,0,0,0,0,0,-0.0016606760415594,0,0,0,0,0,0,0,0,0,0,0
0.443962276469712,0.443962276469712,0.443962276469712,0.443962276469712,0.443962276469712,0,0,0,0,0,0,0,0,0,-0.0566217263285728,0,0,0,0,-0.00433489109092008,0,0,0,0,0,0,-0.00834328365313631,0,0,0,0,0,0,0,0,0,0,0,0,0,0,0,0,0.0292387875377739,0,0,0,0,0,0,0,0,0,0,0,0,0,0,0,0,0,0,0,0,0,0,0,0,0,0,0,0,0,0,0,0,0,0,0,0,0,0,0,0,0,0,0.0962588830691888,0,0,0,0,0,0,0,0,0,0,0,0,0,0,0,0,0,0,0,0,0,0,0,0,0,0,0,0,0,0,0,0,0,0,0,0,0,0,0,0,0,0,0.0326727583658604,0,0,0,0,0,0,0,0,0,0,0,0,0,0,0,0,0,0,0,0.00220803038916514
0.445411871019509,0.445411871019509,0.445411871019509,0.445411871019509,0.445411871019509,0,0,0,0,0,0,0,0.0672069005603628,0,0,0,0,0,0,0,0,0,0,0,0,0,0,0,0,0,0,0,0,0,0,0,0,0,0,0,0,0,0,0,0,0,0,0,0,0,0,0,0,0,-0.0123740774208703,0,0,-0.000572517564300667,0,0,0,0,0,0,0.0376960705979089,0,0.00642018718936926,0,0,0,0,0,0,0,0,0,0,0.00909038426565695,0,0,0,0,0,0.00527588057704278,0,-0.00198082581720046,0,-0.00752636827864872,0.013900471285612,0,0,0,-0.00154019250619813,0,0,0.0166817023856602,0,0,0,0,0,0,0,0,0,0,0,0,0,0,0,0,0,0,0,-0.00031796151287043,0,0,0,0,0,0,0,0,0,0,0,0,-0.0348572920907938,0,0,0,0,0,0,0,0.00698955563313686,0,0,0,0,0,0,0,0,0,0,0,0,0
0.44578080131865,0.44578080131865,0.44578080131865,0.44578080131865,0.44578080131865,0,-0.0264114239216444,0,0,0,0,0,0,0,0,0,0,0,0,0,0,0.0429392557656619,0,0,0,0,0,0,0,0,0,0,0,0,0,0,0,0,0,0,0,0,0,0,0,-0.000914775373970552,0,0,0,0,0,0,0,0,0,0,0,0,0,0,0.00346665340349058,-0.00753244742151785,0,0,0,0,0,0,0,0,0.0175686090158512,0,0,0,0,0,0,0.00625954971094245,0,0,0,0,0,0,0,0,0,0,0,0,0,0,0,0,0,0,0,0,0,0,0,0,0,0,0,0,0,0,0,0,0,0.000831289438114839,0,0,0,0,0,-0.0407014576083267,0.0122329945358584,0,0,0,0,0,0,0,0,0,0,0,0,0,0,0,0,-0.0346808108425711,0,0,0,-0.0191425047045969,0,0,0,0,0,0.00790396444738152,0,0,0,0
0.445528657150705,0.445528657150705,0.445528657150705,0.445528657150705,0.445528657150705,0,0,0,0,0,0,0,0,0,0,0.0428195791581171,0,0,0,0,0,0,0,0,0,0,0,0,0,0,0,0,0,0,0,0,0,0,0,0,0,0,0,0,0,0,0,0,0,0,0,-0.032829406979,0,0,0,0,0,0,0,0,0,0,0,0,-0.010758380473389,0,0,0,0,0,0,0,0,0,0,0,0,0,0,0,0,0,0,0,-0.0489231120781624,0,0,0,0,0,0,0,0,0,0,0,0,0,0,0,0,0,0.0245953815838577,0,0,0,0,0,-0.0133901610979361,0,0,0,0,0,0,0,0,0,0,0,0,0,0,0,0,0,0,0,-0.0329699324235548,0.000422669277733892,0,0,0,0,0,0,-0.0151378339579015,0,0,0,0,0,0,0,0,0,0,0,0,0
0.445888428416919,0.445888428416919,0.445888428416919,0.445888428416919,0.445888428416919,0,0,0,0,0,0,0,0,0,0,0,0,0,0,0,0,0,-0.0137576851997738,0,0,0,0,0,0,0,0,0,0,0,0,0,0,0,0,0,0,0,0,0,0,0,0,0,0,0,0.0472497456048064,0,0,0,0,0,0,0,0,0,0,0,0.0166148654591599,0,0,0,0,0,0,0,0,0,0,0,0,0,0,0,0,0,0,0,0.0204499325798741,0,-0.0333693197430531,0,0,0,0,0,0,0,0.0124501893134898,-0.0304704667709151,0,0,0.00137940358399047,0.0194852532018479,0,0,0,0,0,0,0,0,0,0,0,0,0,0,0,0,0,0,0,0,0,0,0,0,0,0,0,0,0,0,0,0,-0.0119630710439397,0,0,0,0,0.00736861321372616,0,0,0,0,0,-0.000457732437520207,0.00503132254648661,0,0,0,0,0,0,0
0.445679087539102,0.445679087539102,0.445679087539102,0.445679087539102,0.445679087539102,0,0.0028838922885406,0,0,0,0,0,0,0,0,0,0,0,0,0,0,0,0,-0.0273551709564836,0,0,0,0,0,0,0,0,0,0,0,0,0,0,0,0,0,0,0.00232838780725822,0,0,0,0,0,0,0,0,0,0,0,0,0,0,0,0,0,0,0,0,0,0,0,0,-0.047630582934061,0,0,0,0,0.00928636406508533,0,0,0,0,0,0,0,0,0,0,0,0,0,0,0,0,0,-0.0252849728496621,0,0,-0.00196519703067088,0,0,0,0,0,0,0,0,0,0,0,0,0,0,0,0,0,0.00197018229370154,0.0188445154307868,0,0.010259785264723,0,0,0,0,0,0,0,0,0,0,0,0,0,0,0,0,0,0.0388332353772711,0,0,0,0,0,0,0.0334256801701102,0,0,0,0,0,0,0,0,0.00102633861931571,0
0.445645990195663,0.445645990195663,0.445645990195663,0.445645990195663,0.445645990195663,0,0,0,0,0,-0.00252829853029986,0,0,0,0,0,0,0,0,0,0,0.000556910768790505,-0.00170262430356855,0,0,0,-0.00274496038105426,0,0,0,0,0,0,0,0,0,0,0,0,0,0,0,0,0,0,0,-0.00194833880775326,0,0,0,0,0,0,0,0.0415605803826584,0,0,0,0,0,0,0,0,0,0.0306861241412306,0,0,0,0,0,0,-0.0178932255559925,0,0,0,0,0,0,0,0,0,0,0,0,0,0.0228335050777539,0,0,0,0,0,0,0.000793922665266161,0,0,0,0,0,0,0,0,0,0,0,0,0,0.0494027817266027,0,0,0,-0.00148748865652362,0,-0.00498621736237244,0,0,0,0,0,0,0,0,0,0,0,0,0,0,0,0,0,0,0.0136223753818396,0,0,0,0,0,0,0,0,0,0,0,0,0.028512438063157,0,0,0,0,0
0.444319360858394,0.444319360858394,0.444319360858394,0.444319360858394,0.444319360858394,0,0,0,0,0,0,0,0,0.0104720716081895,0,0,0,0,0,0,0,0,0,0,0,0,0,0,0,0,0,0,0,0,0,-0.00889890501152442,0,0,0,0,0,0,0,0,0,0,0,0,0,0,0,0,0,0,0,0,0,0,0,0,0,0,0,0,0,0,0,0,0,0,0.0743328907589697,0,0,0,0,0,0,0,0,0,0,0,0,0,0,0,0,0,0,0,0,0,0,0,0,0,0,0,0,0,0,0,0,0,0,0,0,0,0,0,0,0,0,0,0,0.0352134285057341,0,0,0,0,0,0,0,0,0,0,0,0,0,0,0,0,0,0,0,0,0,0.0265834557004876,0,-0.0723921869063036,0,0,0,0,0,0,0,0,0,0
0.446018350231583,0.446018350231583,0.446018350231583,0.446018350231583,0.446018350231583,0,0.0300611827545048,0,0,0,0,0,0,0,0,0,0,0,0,0,-0.0421886439142059,0,0,0,0,0,0,0,0,0,0,0,0,0,0,0,0,0,0,0,0,0,0,0,0,0,0,0,0,-0.0164070271649553,0,0,0,0,0,0,0,0,0,0,0,0.0181078101570223,0,0,0,0.00754071282834584,0,0,0,0,0.0236199536473699,0,0,0,0.00798236544363818,0,0,0,0,0,0,0,0,0.00254965640659393,0,0,0,0,-0.0247871988695069,0,0,0,0,0,-0.00641517211307793,0,0,0,0,0,0,0,0,0,0,0,0,0,0,0,0,0.0210506302770955,0,0,0,0,0,0,0,0.0163876283751002,0,0,0,0,0,0,0,0,0.00230000967384645,0,0,0,0,0,0,0,0,0,0,0,0,0,0,0,0,0,0,0,0,0
0.445411331934705,0.445411331934705,0.445411331934705,0.445411331934705,0.445411331934705,0,0,0,0,0,0,0,0,0,0,0,0,0,0,0.0544038511786032,0,0,0,0,0,0,0,0,0,0,0,0,0,0,0,0,0,0,0,0,0,0,0,0,0,0,0,0,0,0,0,0,0,0,0,-0.0243722920217215,0,0,0,0,0,0,0,0,0,0,0.0341188536374507,0,0,-0.0348257804279219,0,0,0,0,0,0,0,0,-0.00425824667057419,0,0,0,-0.0299619108417495,0,0,0,0,0,0,0,0,0,0,0,0,0,0,0,0,0,0,0,0,0,0,0,0,0,0,0,-0.00651013009366711,0,0,0,0,0,0,0,0,0,0,0,0,0,0,0,0,0,0,0,0,0,0,0,0,0,0,0,0,-0.0339820182379669,0,0,0,0,0,0,0,0,0,0
0.445819302026665,0.445819302026665,0.445819302026665,0.445819302026665,0.445819302026665,0,0,0,0,0,0.0197658144263969,0,0,0,0,-0.0258252001058562,0.0120444152800609,0,0,0,0,0,0,0,0,0,-0.00250199949841643,0,-0.0165681169671563,0,0,0,0,0,0,0,0,0,0,0,0,0,0,0,0,0,0,0,0,0,0,0,0,0,0,-0.011429383993303,0,0,0,0,0,0,0,0,0,0,0,0,0,0,0,0,0,0,0,0,0,0,0,0,0,0,0,0,0,0,0,0.00318431933349432,0,-0.00340891729685804,0,0,0,0,0,0,0,0,0,0,0,0,0,0.0510922659834135,0,0,0,0,0,0,0,-0.00413754216839804,0,0,-0.00195526254524408,-0.0297149579245573,0,0,0,0,0,0,0,0,0,0,0,0,0,0,0,0,0,0,0,0,0,0,0,0,0,0,0.0321142648995805,0,0,0,0,0,-0.00665077222711615,0
0.444213271859222,0.444213271859222,0.444213271859222,0.444213271859222,0.444213271859222,0,0,0,0,0,0,0,0,0,0,0,0,0,0,0,0,0,0,0,0,0,0,0,0,0,0,0,0,0,0,0,0,0,0,0,-0.0365568415456591,0,0,-0.00771484693932131,0,0,0,0,0,0,0,0.0769400902995793,0,0,0,0,0,0,0,0,0,0,0,0,0,0,0,0,0,0,0,0,0,0,0,0,0,0,0,0,0,0,0,0,0,0,0,0,0,0,0,0,0,0,0,0,0,0,0,0,0,0,0,0,0,0,0,0,0,0,0,0,0,0,0,0,0,0,0,0,0,0,0,0,0,0.0411562560386242,0,0,0,0,0,0,0,0,0,0,0,0,0,0,0,0,-0.0660553486638835,0,0,0,0,0,0,0
0.445370308544313,0.445370308544313,0.445370308544313,0.445370308544313,0.445370308544313,0,0,0,0,0,0,0,0,0,0,0,0,0,0,0,0,-0.00374712236124674,0,0,0,0,0,0,0,0,0,0,0,0,0,0,0,0,0,0,0,0,0.00514170904790122,0,0,0,0,0,0,0,0,0,0,0,0.0218043841370691,0,0,0,0,0,0,0,-0.0126560793025757,0,0,0,0,0,0,0,0,0,0,0,0,0,0,0,0,0,0,0,0,0,0.000513897636882314,0,0,0,0,0,-0.0145272857254521,0,0,0,0,0,0,0,0,0,0,0,-0.0175715657540374,0,0.0683925782428618,0,0,0,0,0,0,0,0,0,0,0,0.00780483029733096,0,0,0,0,0,0,0,0,0,0,0,0,0,0,0,0,0,0,0,0.00367187478014942,0,0,0,0,0,0,-0.0285677483105445,0,0,0,0,0,-0.0382391244655612
0.445799943131566,0.445799943131566,0.445799943131566,0.445799943131566,0.445799943131566,0,0,0,0,0,0,0,0,0,0,0,0,0,0.0206311727341123,0,0,0,0,0,0,0,0,0,0,0,0,0.01542199891051,0,0,0,-0.0158965159283475,0,0,0,0,0,-0.00122241453371792,0,0,0,0,0,0,0,0,0,0,0,0,0,0,0,0,0,0.00335903937809204,0,0,0,0,0.0262544542860351,0,0.00120216106439054,0,0,0,0,0,0,0,0,0,0,0,0.00994636790141271,0,0,0,0,0,0,0,0,0,0,0,0,0,0,0,0,0,0,0,0,0,0,0,0,-0.0120910299888846,-0.0391130129461661,-0.00389264238040284,0,0,0,0,0,0,0,0,0,0,0,0,0,0,0,0,0,0,0,0,0,0,0,0,0,0.00911746710164457,0,-0.0520978094237775,0,0,0,0,0,0,0,0,0,0,0,0.0102439405478558,0,0,0,0
0.444819808552743,0.444819808552743,0.444819808552743,0.444819808552743,0.444819808552743,0,0,0,0,0,0,0,0,0,0,0,0,0,0,0,0,0,0.0762972802702861,0,0,0,0,0,0.00424011661709921,0,0,0,0,0,0,0,0,0,0,0,0,0,0,0,0.013407131648599,0,0,0,0,0,0,0,0,0,0,0,0,0,0,0,0,0,0,0,0,0,0,0,0,0,0,0,-0.0162446379078802,0,0,0,0,0,0,0,0,0,0,0,0,0,0,0,0,0,0,0,0,0,0,0,0,0,0,0,0,0,0,0,0.00406603898203667,0,0,0,0,-0.0572841650410471,0,0,0,-0.0185173340649279,0,0,-0.00964667751173697,0,0,0,0,0,0,0,0,0,0,0.0256873179758473,0,0,0,0,0,0,0,0,0,0,0,0,0,0,0,0,0,0,0,0,0,0
0.443647220081603,0.443647220081603,0.443647220081603,0.443647220081603,0.443647220081603,0,0,0,-0.0338650613381516,0,0,0,0,0,0,0,0,0,0,0,0,0,0,0,0,-0.0008884638977357,0,0,0,0,0,0,0.0710507439445576,0,0,0,0,0,0,0,0,0,0,0,0,0,0,0,0,0,0,0,0,0,0,0,0,0,0,0,0,0,0,0,0,0,0,0,0,0,0,0,0,0,0,0,0,0,0,0,0,0,0,0,0,0,0,0,0,0,0,0.0215336506473367,0,0,0,0,0,0,0,0,0,0,0,0,0,0.0959402430086864,0,0,0,0,0,0,0,0,0,0,0,0,-0.000550759131421754,0,0,0,-0.0025799439331961,0,0,0,0,0,0,0,0,0,0,-0.00363830190414342,0,0,0,0,0,0,0,0,0,0,0,0,0,-0.00120647456993488,0,0
0.445621004270815,0.445621004270815,0.445621004270815,0.445621004270815,0.445621004270815,0,0,0,0,0,0,0.0205311077544859,0,-0.0304540953987814,0,0,0,0,0,0,0,0,0,0,0,0,0,0,0,0,0,0,0,0,0,0,0,0,0,0,0,0,0,0,0,0,-0.0281874259117428,0,0,0,0,0.0364916165514487,0,0,0,0,0,0,-0.0193000003861727,0,0,0,0,0,0,0,-0.0453159755701902,0,0,0,0,0,0,0,0,0,0,0,0,0,0,0,0,0,0,0,0,0,0,0,0,-0.0343372420298553,0,0,0,0,0,0,0,0,0,0,0,0,0,0,0,0,0,0,0,0,0.00158312108854846,0,0,0,0,0,-0.00518413673787831,0,0,0,0,0,0,0,0,0,0,0,0,0,0,0,0,0,0,0,0,0,0,0,0,0,0,0,0,0,0,0
0.445124574989588,0.445124574989588,0.445124574989588,0.445124574989588,0.445124574989588,0,0,0,0,0,0,0,0,0,0,0,-0.0199052528064919,0,0,0,0,0,0,0,0,0,0.010207163675622,0,0,0,0,0,0,0,0,0,0,0,0,0,0,0,0,0,0,0,0,0,0,0,0,0,0,0,0,0,0,0,0,0,0,0,0,0,-0.0356538109498043,0,0,0,0,0,0,0,0,0,0,0,0,0,0,0,0,0,0,0,0,0,0,0,0,0,0,0.0335109993159529,0,0,0,-0.0745612576889891,0,0,0,0,0,0,0,0,0,0,0,0,0,0,0,0,0,0,0,0,0,0,0.00793686804769662,-0.0126401409673863,0,0,0,0,0,0,0,0,0,0,0,0,0,0,0,0,0,0,0.0249759847221085,0,0.00447538966118873,0,0,0,0,0,0,0,0,0
0.443213121556855,0.443213121556855,0.443213121556855,0.443213121556855,0.443213121556855,0,0,0,0,0,0,0,0,-0.086069597856897,0,0,0,0,0,0,0,0,0,0,0,0,0,0,0,-0.0044895336890861,0.0808481324898821,0,0.0620168709630358,0,0,0,0,0,0,0,0,0,0,0,0,0,0,0,0,0,0,0,0,0,0,0,0,0,0,0,0,0,0,0,0,0,0,0,0,0,0,0,0,0,0,0,0,0,0,0,0,0,0,0,0,0,0,0,0,0,0,0,0,0,0,0,0,0,0,0,0,0,0,0,0,0,0,0,0,0,0,0,0,0,0,0,0,0,0,0,0,0,0,0,0,0,0,0,0,0,0,0,0,0,0,0,0,0,0,0,0,0,0,0,0,0,0,0,0,0
0.445749133163461,0.445749133163461,0.445749133163461,0.445749133163461,0.445749133163461,0.0368188579075151,0,0,0,0,0,0,0,0,0,0,0,0,0,0,0,0,0,0,0,0,0,0,0,-0.00399780313200124,0,0,0,0,0,0,0,0,0,0,0,0,0,0,0,0,0.0208881998665013,0,0,0,0,0,0,0,0,0,0,0,0,0,0,0,0,0.000214918082694359,0,0,0,0,0,0,-0.00489925176051624,0,0,0,0.0317719812528139,0,0,0,0,0,0,0,0,0,0,0,0,0,0,0,0,0,0,0,0,0,0,0,-0.019904418444114,0,0,0,0,0,0,0,0,0,0,0,-0.0190664663327858,0,0,0,0,-0.0182735617386093,0,0,0,0,0,0,0,0,0,0,0,0,0,0,0,0,-0.00604250835328795,0,0,0,0.0498579872621117,0,0,0,0,0,0,0,0,0,0,0,-0.00900812283292406,0
0.44611175056557,0.44611175056557,0.44611175056557,0.44611175056557,0.44611175056557,-0.0252308657955038,0,0,0,0,0,0,0,0,0,0,0,0,0,0,0,0,0,0,0,0,0,-0.00942932303972296,0,0,0,0,0,0,0,0,0,0,0,0,0,0,0,0.00902786124058778,0,0,0,0,0,0,0,0,0,0,0,0,0,0,0.0140922306906092,0,0,0,0,0,0,0,0,0,0,0,0,0,0,0,0,0,0.0144811955570518,0.0289804554657896,0,0,0,0,0,0,0,0,0,0,0,0,0,0.029656586788491,0,0,0,0,0,0,0,0,0,0,0,0,-0.0203140097989526,0,0,0,-0.0253627388623606,0,0,0,0,0,0,0,0.0258037554171297,0,0,0,0,0,0.0162790451148638,0,0,0,0,0,0,0,0,0,0,0,0,0,0,0,-0.000272922184265478,0,0,0,0,0,0,0,0,0,0,0
0.445152008103113,0.445152008103113,0.445152008103113,0.445152008103113,0.445152008103113,0,0,0,0,0,0,0,0,0,0,0,0,-0.0544373556329793,0,0,0,0,0,0,0,0,-0.0557406399156472,0,0,0,0,0,0,0,0,0,0,0,0,0,0,0,0,0,0,0,0,0.0132480217627554,0,0,0,0,0,0,0,0,0,0,0,0,0,0,0,0,0,0,0,0.0186905503907384,0,0,0,0,0,0,0,0,0,0,0,0,0,0,0,0,0,0,0,0,0,0,0,0,0,0,0,0,0,0,0,0.0368419915637241,0,-0.00854172265108644,0,0,0,0,0,0,0,0,0,0,0,0,0,0,0,0,0,0,0,0,0,0,0,0,0,-0.00204333484410954,0,0,0,0,0,0,0,0,0,0,0,0,0,0,0,0,-0.0341860855065724,0,0,0,0,0
0.445395143456122,0.445395143456122,0.445395143456122,0.445395143456122,0.445395143456122,0,0,-0.004011049400447,0,0,0,0,0,0,0,0,0,0,0,0,0,0,-0.00280292908733768,0,0,0,-0.0288581495863016,0,0,0,0,0,0,0,0,-0.0482145458678205,0,0,0.0037522394229663,0,0,0,0,0,0,0,0,0,0,0,0,0.00245067756363998,0,0,0,0,0,-0.00227230205508758,0,0,0,0,0,0,0,0,0,0,0,0,0,0,0,0,0,0,0,0,0,0,0,0,0,0,0,0,0,0,0,0,0,0,0,0.00450528531485582,0,0,0,0,0,0,0,0,0,0,0,0,-0.0181544783519987,0,0,0,0,0,0,0,0,0,0,0,-0.00698753070826029,0,0,0,0,0,0,0,0,0,0,0.0607038644948977,0,0,0,0,-0.0158092700493573,0,0,0,0,0,-0.0239917035996001,0,0,0,0,0,0,0,0,0
0.444770842005159,0.444770842005159,0.444770842005159,0.444770842005159,0.444770842005159,0,0,0,0,0,0,0,0,0,0,0,0,0,0,-0.0101249255992847,0,0.0325249230248677,0,0,0,0,0.0106881132865113,0,0,0,0,0,0,0,0,0,0,0,0,0,0,0,0,0,0,-0.00314781548142904,0,0,0,0,0.0418397185601823,0,0,0,0,0,-0.0072575280211845,0,0,0,0,0,0,0,0,0,0,0,0,0,0,0,0,0,0,0,0,0,0,0,0,0,0,0,0,0,0,0,0,0,0,0,0,0,0,0,0,0,0,0,0,0,0,0,0,0,0,0,-0.0773528967554201,0,0,0,0,0,-0.0426996120285009,0,0,0,0,0,0,0,0,0,0,0,0,0,0,0,0,0,0,0,0,0,0,0,0,0,0,0,0,0,0,0,0,0,0,0
0.445586883155264,0.445586883155264,0.445586883155264,0.445586883155264,0.445586883155264,0,0,0,0,0,0.018903553009851,0,0,0,0,0,0,0,0,0,0,0,0,0,0,0,0,0,0,0,0,0,0,0,0,0,0,0,0,0,0,0,0,0,0,0,0,0,0,0.00602816399558087,0,0,0,0,0,0,0.012230910709408,0,0,0,0,0,0,0,0,0,0,0,0.0483478863325379,0,0,0.000439300822901759,0,0,0,0,0,0.0416284951488385,0,0,0,0,0,0,0,0,0,0,0,0,0,-0.0372737240839356,0,0,0,0,0,0,0,0,0,0,0,0,0,0,0,0,0,0,0,0,0,0,0,0,0,0,-0.0296880864149626,0,0,0,0,0,0,0,0,0,-0.0110476066720088,0,0,0,0,0,0.0159675998168346,0,0,0,0,0,0,0,0,0,0,0,0,0,0,0
0.44559801987022,0.44559801987022,0.44559801987022,0.44559801987022,0.44559801987022,0,0,0.00270251350806333,0,0,0,0,0,0,0,0,0,0,0,0,0,0,0,0,0,0,0,0,0,0,0,0,0,0,0,0,0,0,0,0,0.0556980262297354,0,0,0,0,0,0,0,0,0,0,0.0233335841632921,0,0.0392396129741055,0,0,0,0,0,0.00298827697974902,0.0127604440742267,0,0,0,0,0,0,0,0,0,0,0,0,-0.00868522301842657,0,0,-0.00498419261343688,0,0,0,0,0,0,0,0,0,0,0,0,0,0,0.0371780456414064,0,0,0,0,0,0,0,0,0,0,0,0,0,0,0,0,0,0,0,0,0,0,0,0,0,0,0,0,0,0,0,0,0,0,0,0,0,0,0,-0.0159826176384443,0,0,0,0,0,0,0,0,0,0,0,0,0.00515824390144267,0,0,0.00669126566858642,0.00609759702116352,0
0.445503593497793,0.445503593497793,0.445503593497793,0.445503593497793,0.445503593497793,0,0,0,0,0,0,0,0,0,0,0.0131254664176261,0,0,0,0,0,0,0,0,0,0,0.000170328322432053,0,0,0,0,0,0,0,0,0,0,0,0,0,0.0165444376795113,0,0,0,0,0,-0.0476811159979034,0,0,0,0,0,0,0,0,0,0,0,0,0,0,0,0,0,-0.0364306014923597,0,0,0,-0.0482659478362191,0,0,0,0,0,0,0,0,0,0,0,0,0,0,0,-0.0134440292774641,0,0,0,0,0,0,0,0,0,0,0,0,0,0,0.0244574964262496,0,0,0,0,0,0,0,0,0,0,0,0,0,0,0,0,0,0,0,0,0,0,0,0,0,0,0,0,0,0,0,0.0218523518444457,0,0,0,0,0,0,0,0,0,0,0,0,0,0,0,0,0,0
0.445731238449342,0.445731238449342,0.445731238449342,0.445731238449342,0.445731238449342,0.00576704663478318,0,0,0,0,0,0,0.0191407174482388,0,0,0,0,0,0,0,0,-0.0378218011618378,0,0,0,0,0,0,0,0,0,0,0,0,0,0,0,0,-0.0121866501758349,0,0,0,0,0,0,0,0,0,0,0,0,0,0,0,0,-0.0187412558770505,0,0,0,0.0324993294935726,0,0,0,0,0,0,0.0259323711826805,0,0,0,0.0448159689142578,0,0,0,0,0,0,0,0,0.023475111537224,0,0,0,0,0,0,0,0,0,0,0,0,0,0,0,0,0,0,0,0,-0.00045329811098725,0,0,0,0,0,0,0,0,0,0,0,0,0,0,0,0,0,0,0,0,0,0,0,0,0,0,0,0,0,0,0,0,0,0,0,0,0,0,0,0,0,0,0,0,0,0,0,0,0
0.446043384787275,0.446043384787275,0.446043384787275,0.446043384787275,0.446043384787275,0,0,0,0,0,0,0,0,0,0,0,0,0,0,0,0,0,0,0,0,0,0,0,0,0,0,0,0,0,0,0,0,-0.0167341629075502,0.0103545573388719,0,0,0,0,0,0,0,0,0,0,0,0,0,0,0,0,0,0,0,0,0,0,0,0,0,0,0,0,0,0,0,0,-0.0248015786896351,0,0,0,0,0,0,0,0,0,0,0,0,0,0,0,0,0,0,0,0,0,0,0,0,-0.0104680934280212,0.0147868230913364,0,0,0,0,0,0,-0.0315303338379569,0,0,0,0,0,0.0126179960289627,0,0.0376843117543611,0,0,0,0,-0.0117973684863415,0,0,0,0,0,-0.0223479230899255,0,0,0,0,0,0,0,0,0,0.0261496701938394,0,0,0,0,0,0,0,0,0,0,0,0,0,0,0,0
0.445720307053788,0.445720307053788,0.445720307053788,0.445720307053788,0.445720307053788,0,0,0,0,0,0.0215745971032245,0,0,0.0605691562591423,0,0,0,0,0,0,0,0,0,0,0,-0.0141628973060253,0,0,0,0.00873409234857673,0,0,0,0,0,0,0,0,-0.0185444393613795,0,0,0,0,0,0,0,0,0,0,0,0,0,0,0,0,-0.00494954039417502,0,0,0,0,0,0,0,0,0,0,0,0.00676670282682538,0.00192131812426387,0,0,0,-0.0124793427922795,0,0.0355810318232344,0,0,0,0,0,0,0,0,0,0,0,0,0,0,0,0,0,0,0,0,0,0,0,0,0,0,0,0,0,0,0,0,0,0,0,0,0,-0.00448380544621486,0,0,0,0,0,0,0,0,0,0,0,0,0,0.0027156378963448,0,0,0,0,0,0,0,0.00116712129023064,0,-0.0165048925204038,0,0,0,0,0,0,-0.0107336320219151,0,0,0,0,0,0
0.445820812126873,0.445820812126873,0.445820812126873,0.445820812126873,0.445820812126873,0,0,0,0,0,-0.0381071791491891,0,0,0,0,0,0,0,0,0,0,0,0,0,0,0,0,0,0.00130847146029121,0,0,0,0,0,0,0,0.0151646510398449,0,0,0,0,0,0,0,0,0.0328328636990856,0,0,0,0,0,0,0,0,0,0,0,0,0,0,0,0,0,0,0,0,0,0,0,0,0,0.00244579463158579,0,0,0,0,0,0,0,0,0,0,0,0,0,0,0,0.0316100967422615,0,0,0,0,0,0,0,0,0,0,0.0200843508319166,0,0,0,0,0,0,0,0,0,-0.0381582544232917,0,0,0,-0.0144115111426561,0,0,0,0,0,0,0,0,0,0,0,0,0,0,0,0,0,0,0,0,0,0.0176044855892336,0,0,0,0,0,0,0,0,0,0,0,0,0,0.00865802343945597,0
0.445685809654934,0.445685809654934,0.445685809654934,0.445685809654934,0.445685809654934,0,-0.0135409382374575,0,0,0,0,0,0,0,0,0,0,0,0,0,0,0,0,0,0,0,0,0,0,0,0,0,0,0,0,0,-0.0198591020489673,0,0,0,0,0,0,0,0,0,0,0,0,0,0,0,0,0,0,0,0,0,0,0,0,0,0,0,0,0,0,0,0,0,0,0,0,0,0,0,0,0,0,0,0,0,-0.0383369537868246,0,0,0,0.0121847662084818,0.00405542812044127,0,0,0,0,-0.0164947904791862,0,0.0108524955699577,0,0,0,0,0,0,0,0.00202673217789876,0,-0.0541796902806533,0,0,0,0,0,0,0,0,0,0,0,0,0,0,0,0,-0.0298842585142348,-0.0196455390844054,0,0,0,0,0,0,0,0,0,0,0,0,0,0,0,0,0,0,0,0,0,0,0,0,0,0,0
0.445995390169305,0.445995390169305,0.445995390169305,0.445995390169305,0.445995390169305,0,0,-0.0120024803663722,0.00490826899097797,0,0,0,0,0,0,0,0,0,0,0,0,0,0,0,0,0,0,0,0,0,0,0,0,0,-0.0409407187979865,0,0,0,0,0,-0.00560638764496402,0,0,0,0,0,0,0,0,0,0,0,0,-0.0243204478398083,0.0192019105292626,0,0,0,0,0,0,0,0,0,0,-0.00916251888021689,0,0,0,0,0,0,0,0,0,0,0,0,0,0,0,0,0,0,0,0,0,0,0,-0.0150100482598686,0,0,0.0125258206050743,0,0,0,0,0,0,0,0,0,0,0,0,0,0,0,0,0,0,0,-0.0343182433171136,0,0,0.00553663848059809,0,0,0,0,0,0,0,0,0,0,0,0.0298815952274266,0,0,0,0,0,0,0,0,-0.00609771299698518,0,0,0,0,0,0,0,0,0,0,0,0,0
0.445510329785649,0.445510329785649,0.445510329785649,0.445510329785649,0.445510329785649,0,0,0,0,0,0,0,0,0,0,0,0.0130050390274048,0,0,0,0,0,0,0,0,0,0,0,0,0,0,0.00745504726406072,0,0,0,-0.0515165292376093,0.00992964720894968,0,0,0,0.0185028170003329,0,0,0,0,0,0,0,0,0,0,0,0,0,0,0,-0.0114639478162134,0,0,0,0,0,0,0,0,0,0,0,0,0,0,0,0,0,0,-0.00322036010060511,0,0,0.00744232421929397,0,0,0,0,0,0,0,0,-0.0463146709931423,0,0,0,0.000878237480950483,0,0,0,0,0,0,0,0,0,0,0,0,0,0,0,0,0,0,0,0,0,0,0,0,0,-0.00911649132308369,0,0,0.0430929821832845,0,0,0,0,0,0,0,0,0,0,0,0,0,0,0,0,0,0,0,0,0,0,0,0,0,0,0,0,0
0.445374328555401,0.445374328555401,0.445374328555401,0.445374328555401,0.445374328555401,0,0,0,0,0,0,0,0,0,0,0,0,0,0,0,0,0,0,0.00564343572526403,0,0,0,0,0,0,0,0,0,0,0,0,0,0,0,0,0,0,0,0,0,0,0,0,0,0,0,0,0,0,0,0,0,0,0,0,0,0,0,0,-0.00200877979573021,0,0,0,0,0,0,0,0,0,0,0,0,0,0,0,0,0,0,0,0,0,0,0,0,0,0,-0.0495892450381484,-0.00644150115177985,0,0,0,0,0,0,0,0.00766456615661282,0,0,0,0,0,0,0,0,0,0,0,0,0,0,0,0,0,0,0,0,0,0.0164493540746259,0,0,0.056940194746898,0,0,0,0,0,0.0187759554203304,-0.0303630789464518,0,0,0,0,0,0,0,0,0,0,0,0,0,0.0287419889503289,0,0,0
0.446061130932789,0.446061130932789,0.446061130932789,0.446061130932789,0.446061130932789,0,0,0,0,0,0,0,0,0,0,0,0,0,0,0,0,0,0,0,-0.010430758765569,0,0,0,0,0,0,0,0,-0.025040856452004,0,0,0,0,0,0,0,0,0.0156172761711664,0,0,0,0,0,0,-0.0377353171067759,0,0,0,0,0,0,0,0,0,0,0.0183618331295131,-0.0329772228765775,0,0,0,0,0,0,0,0,0,0,0.0176956259336423,0,0,0,0,0,0,0,0,0,0,0,0,0,0,0,-0.0184644281185217,0,0,0,0,0,0,0,0,0,0,0.0172103803020863,0,0,0,0,0,0,0,0,0,0,0,0,0,0,0.00836729097107465,0,0,0,0,0,-0.0172830982923006,0,0,0,0,0,0,0,0,0,0,0,0,0,0,0,0,0,0,0,0,0,0,0,0,0,0,0,0,0
0.44458372017046,0.44458372017046,0.44458372017046,0.44458372017046,0.44458372017046,0,0,0,0,0,0,0,0,0,0,0,0,0,0,0,0,0,0,0,0,0.0806129720058637,0,0,0,0,0,0,0,0,0,0,0,0,0,0,0,0,0,0,0,0,0,0,0,0,0,0,0,-0.00866253853275954,0,0,0,0,0,0,0,0,0,0,0,0,0,0,0,0,0,0,0,0,0,0,0,0,0,0,0,0,0,0,0,0,0,0,0,0,0,0,0,0,0,0,0,0,0,0,0,0,0,0,0,0,-0.0357413011894257,0,0,0,0,0,0,0,0,0,0,0,0,0,0,0,0,0,0,0,0,0,-0.0367645884780042,0,0,0,0,0,0,0,0,-0.0178147975693167,0,0,0,0,0,0,0,0,0,0,-0.0469749441555065,0
0.445569701330349,0.445569701330349,0.445569701330349,0.445569701330349,0.445569701330349,-0.0159172175860443,0,0,0,0,0,0,0,0,0,0,0,0,0,0,0,0,0,0,0,0,0,0,0,0,0,0,0,0,0,0,0,0,0,0,0,0,-0.0146229131238162,0,0,0,0,0,0,0,0,0.000849852408821846,0,0,0,0.0162000337229209,0,0,0,0,0.0577956773024194,0,0,0,0,0,0,0,0,0,0,0,0,0,0,0,0,0,0,0,0,0,0,0,0,0.0382957236998046,0,0,0,0,-0.0319071962948092,0,0,0,0,0,0,0,0,0,0,0,0,0,0,0,0,0,0,0,0,0.0115892895306659,0,0,0,0,0,0,0,0,0,0,0,0,0,0,0,-0.0224619300061708,0,0,0,0,0,0,0,-0.0120014024559616,0,0,0,0,0,0,0,0,0,0,0,0,0,0
0.444458296339848,0.444458296339848,0.444458296339848,0.444458296339848,0.444458296339848,0,0,0,0.00731143268042769,0,0,0,0,0,0,0,0,0,0,0,0,0.0120315180666108,0,0,0,0,0,0,0,0,0,0,0,0,0,0,0,0,0,0,0,0,0,0,0,0,0,0,0,0,0,0,0,-0.0807781920134129,0,0,0,0,0,0,0,0,0,0,0,-0.0589253817661273,0,0,0,0,0,0,0,0,0,0,0,0,0,0,0,0,0,0,0,0,0,0,0.0105295583411209,0,0,0,0,0,0,0,0,0,0,0,0,0,0,0,0,0,0,0,0,0,0,0,0.0414117511399539,0.0162104270762848,0,0,0,0,0,0,0,0,0,0,0,0,0,0,0,0,0,0,0,0,0,0,0,0,0,0,0,0,0,0,0,0,0,0,0,0
0.443555032207526,0.443555032207526,0.443555032207526,0.443555032207526,0.443555032207526,0,0,0,0,0,0,0,0,0,0,0,-0.00094441503005062,0,0,0,0,0,0,0,0,0,0,0,0,0.0774821713030168,0,0,0,0,0,0,0,0,0,0,0,0,0,0,0,0,0,0,0,0,0,0,0,0,0,0,0,-0.0261840751052279,0,0,0,0,-0.00494842099323637,0,0,0,0,0,0,0,0,0,0,0,0,0,0.0958049729008646,0,0,-0.00795857775413069,0,0,0,0,0,0,0,0,0,0,0,0,0,0,0,0,0,0,0,0,0,-0.0183919486590188,0,0,0,0,0,0,0,0,0,0,0,0,0,0,0,0,0,0,0,0,0,0,0,0,0,0,0,0,0,0,0,0,0,0,0,0,0,0,0,0,0,0,0,0,0,0,0,0
0.445308596176293,0.445308596176293,0.445308596176293,0.445308596176293,0.445308596176293,0,0,0,0,0,0,0,0.00721735792541287,0,0,0,0,0,-0.033299304827355,0,0,0,0,0,0,0,0,0,0,0,0,0,0,0,0.0190232342582742,0,0,0,0,0,0,0,0,0,0,0,0.00591677153866774,-0.00641846926690742,0,0,0,0,0,0,0,0,0,0,0,0,0,0,0,0,0,0,0,0,0,0,0.0571855766987457,0,0,0,0,0,0,0,0,0,-0.00482926786531933,-0.0468251266984873,0,0,0,0,0,0,0,0,0,0,0,0,0,0,0,0,0,0,0,0,0,0,0,0,0,0,0,0,0,0,0,0,0,0,0,0,0,0,0,0,0,0,0,0,0,0,0.0373082285554361,0,0,0,0,0,0,-0.00492342426710783,0,0,0,0,0,0,0,0,0,0,0,0,0,0
0.44539044284688,0.44539044284688,0.44539044284688,0.44539044284688,0.44539044284688,0,0,0,0,0,0,0,-0.0599585992577507,0,0,0,0,0,0,0,0,0,0,0,0,0,0,0,0,0.0116104429896805,0,0,0,0,0,0,0,0.0177854949021654,0,0,0,0,0,0,0,0,0,0,0,0,0,0,0,0,0,0,0,0,0,0,0,0,0,0,0,0,0,0,0,0,0,0,0,0,0,0,0,0,0,0,0,0,0,0,0,0,0,0,0,0,0,0,0,0,0,0,0,0,0,0.0110658459324616,0,0,0,0,0,0,0,0.0223966813283139,0,0,0,0,0,0,0,0,0,0,0,0,0,-0.0438608938875948,0,0,0,0.0175977554232865,0,0,0,0,0.0349596903232306,0,0,0,0,0,0,-0.00330212450429459,0,0,0,0,0,0,0,0,0,0,0,0
0.444611355094252,0.444611355094252,0.444611355094252,0.444611355094252,0.444611355094252,0,0,0,0,0,0,0,0,0,0,0,0,0,0,0,0,0,0,0,0,-0.0428057291787526,0,0,0,0,0,0,0,0,0.0418880773632442,0,0,0,0,0,0,0,0,0,0,0,0,0.0825912682368054,0,0,0,0.0158776514187954,0,0,0,0,0,0,0,0,0,0,0,0,0,0,0,0,0,0,0,0,0,0,0,0,0,0,0,0,0,0,0.0235323348259792,0,0,0,0,0,0,0,0,0,0,0,0,0,0,0,0,0,0,-0.0197379062883393,0,0,0,0,0,0,0,0,0,0,0,0,0,0,0,0,0,0,0,0,0,0,0,0,0,0,0,0,0,0,0,0,0,0,0,0,0,0,0,0,0,0,0,0,0,0,0,0
0.445744358669863,0.445744358669863,0.445744358669863,0.445744358669863,0.445744358669863,0,0,0,0,0,0,0,0,0,0,0,0,0,0,0,0,0,0,0.00523732157214986,0,0,0,0.00241422809219756,0,0,0,0,0,0,0,0,0,0,0,0,0,0,0,0,0,0,0,0,0,0,0,0,0,0,0,0.0089026848339807,0,0,0,0,0,0,0,-0.021942567763444,0,0,0,0,0,0,0,0,0.0231365438047686,0,0,0,0,0,0,-0.0447185479441577,0,0,0,0,0,-0.019144931860803,0,0,0,0,0,0,0,0,0,0,0,0,0.0118199491675796,0,0,0,0,0,0,0,0,0,0,0,0,0,0,0,0.00797074866704645,0,0,0,0.0402275292940573,0,0,0,0,0,0,-0.0352528964336764,0,0,0,0,0,0,0,0,0,0,0,0,0,0,0,0,0,0,0,0,0,0,0,0
0.445727312704323,0.445727312704323,0.445727312704323,0.445727312704323,0.445727312704323,0,0,0,0,0,-0.00137670027904396,0,0,0,0,0,0,0,0,0,0,0,0,0,0.030823475490272,0,0,0,0,0,0,0,0,0,0,0,0,0,0,0.00804194115535107,0,0,0,0,0,0,0,0,0.0562406134886433,0,0,-0.00655343615132149,0,0,0,0,0,0,0,0,0,0,0,0,0,0,0,0,0,0,0,0,0,0,0,0,0,0,0,0,0,0,0,0,0,0,0.0189186144042176,0,0,0.0289024044102426,0,0,0,0,0,0,0,0,0,0,0,0,0,0,0,0,0,0,-0.0172634607030861,0,0,0,0,0,0,0,0,0,0,0,0,0,0,0,0,0,0,0.00972548183793633,0,0,0,0,0,0,0,0,0,0,-0.00254858953943091,0,0,0,-0.019135897691827,0,-0.0213225641101914,0,0,0,0,0
0.44467941946709,0.44467941946709,0.44467941946709,0.44467941946709,0.44467941946709,0,0,0,0,0,0,0,0,0,0,0,0,0,0,0,0,0,0,0,-0.0794945372010966,0,0,0,0,0,0,0,0,0,0,0,-0.0525236712851563,0,0,0,0,0,0,0,0,0,0,0,0,0,0,0,0,0,0,0,0,0,0,0,0,0,0,0,0,0,0,0,0,0,0,0.0164318734145366,0,0,0,0,-0.00537001295029792,0,0,0,0,0,0,0.0351064579404626,0,0,0,0,0,0,0,0,0,0,0,-0.017880939432411,0,0,0,0,0,0,0,0,0,0,0,0,0,0,0,0,0,0,0,0,0,0,0,0,0,0,0,0,0,0,0,0,0,0,0,0,0,0,0,0,0,0,0,0,0,0,0,0,0,-0.0192851532237696,0,0,0,0
0.445983862262594,0.445983862262594,0.445983862262594,0.445983862262594,0.445983862262594,0.0198946647589335,0,0,0,0,0,0,0,0,0,0,0,0,0,0,0,0,0,0,-0.00228842374359952,0,0,0,0,0,0,0,0,0,0,0,0,0,0,0,0,0,0,0,0,0.00278890892491942,0,0,0,0,0,0,0,0,0,0,0,0,0,0,0,0.00274118905376725,0,0,0,0,0,0,0,0,0,0,0,0,0,0,0.0188414366205314,0,0,0,0,0.000185205193236983,0,0,0,0,0,0,0,-0.0124254849152317,0,0,0,0,0,0,0,-0.021378518943504,0,0,0,0,-0.0242878971190656,0,0,0,0,0,0,-0.0350728751329257,0,0,0,0,0,0,0,0.0274151795344885,0,0,0,0,0,0,0,0,0,0,0,0,0,0,0,0,0,0,0,-0.03541275762952,0,0,0,0,0,0,0,0,0,0,0,-0.016837889900485
0.445974486369261,0.445974486369261,0.445974486369261,0.445974486369261,0.445974486369261,0.00130372865385208,0,0,0,0,0,0,0,0,0,0,0,0,0,0,0,0,0,0,0,0,0,0,0,0,0,0,0,0,0,0,-0.00353939382300019,0,0,0,0,0,0,0,0,0,0,0,-0.00968026493443921,0,0,0,0,0,0.0213608727844019,0,0,0,0,0,0.0318638822214506,0,0,0,0,0,0,0,0,0,0,0,0.032805805672533,-0.00431729680729998,0,-0.0144888542025845,0,0,0,0,0,0,0,0,0,0,0,0,0,0,0,0,0,0,0,0,-0.00694727770491951,0.000325399201366484,0,0,0,0,0,0,0,0,0,0,0,0,0,0,0,0,-0.0398650797383457,-0.0110274073565919,0,0,0,0,0,0,0,0,0,0,0,0,0,0,0,0,0,0,0,0.0225298010116664,0,0,0,0,0,0,0,0,0,0,0,0,0,-0.019562246824422
0.445787470621651,0.445787470621651,0.445787470621651,0.445787470621651,0.445787470621651,0,0,0,0,0,0,0,0,0,0,0,0,0,0,0,0,0,0,0,0,0,0,0,0,0,0,0,0,0,0,0,0,0,0,0,0,0,0,0,0,0,0,0,0,0.00149945062583771,0,0,0,0,0,0,0,0,0,0,0,0,0,0,0,0,0,0,0,0,0,0,0,0,0,0,0,0,0,0,0,0,0,0,0,0,0,0,0,0,0,0,0,-0.0163952200876289,0,0,0,0,0,0,0.0158372416700068,0,0,0,0,0,0,-0.0229955020903273,0,0,0,0,0,0,0,0,0,0,0,0,-0.0053739580689704,0,-0.0318352422482539,0,0,0.00543293046730751,0,0,0,0.0192356955832325,0,0,0,0,-0.0205576921349708,0.0490721062397054,0,0,0,-0.032317350458682,0,0,0,0,0,0,0,0,0,0
0.444175113990766,0.444175113990766,0.444175113990766,0.444175113990766,0.444175113990766,0,0,0,0,0,0,0,0,0,0,0,0,0,0,0,0,0.00612939379919065,0,0,0,0,0,0,0,0,0,0,0,0,0,0,0,0,0,0,0,0,0,0,0,0,0,0.0122814641715333,0,0,0,0,0,0,0,0,0,0,0,0,0,0,0,0,0,-0.0451136992326671,0,0,0,0,0,0,0,0,0,0,0.0973435301499959,0,0,0,0,-0.0148799563397443,0,0,0,0,0,0,0,0,0,0,0,0,0,0,0,-0.0370184578010194,0,0,0,0,0,0,0,0,0,0,0,0,0,0,0,0,0,0,0,0,0,0,0,0,0,-0.0158476713351949,0,0,0,0,0,0,0,0,0,0,0,0,0,0,0,0,0,0,0,0,0,0,0,0,0,0
0.445738990236947,0.445738990236947,0.445738990236947,0.445738990236947,0.445738990236947,0,0,0,0,0,0,0,0,-0.00319935161330811,0,0,0,0,0,0,0,-0.0230761422825049,0,0,0.0329517874231737,-0.00711876687961435,0,0,0,0,0,0,0.0137451897678909,0,0,0,0,-0.0410358578706257,0,0,0,0,0,0.0343255915151748,0,0,0,0,0,0,0,0,0,0,0,0.0241813438660272,0,0,0,0,-0.000374859412596412,0,0,0,0,0,0,0,0,0,0,0,0,0,0,0,0,-0.00413157006692456,0.00130239366872495,0,0,0,0,0,0,0,0,0,0,0,0,0.0353519372318792,0,0,0,0,0,0,0,0,0,0,0,0,0,0,0,0,0,0,0,0,0,0,0,0,0,0,0,0,0,0,0,0,0,0,0,0,0,0,0,0,0,0,0,0,0,0,0,0,0,0,0,0,0,0,0,0,0,0
0.445785024964446,0.445785024964446,0.445785024964446,0.445785024964446,0.445785024964446,0,0,0,0,0,0,0,0,0,0,0,0,0,0,0,0,0,0,0,0,0.00951757978793379,0,0,0,0,0,0,0,0,0,0,0,0,0,0,0,0,0,-0.00260822132061476,0,0,0,0,0,0,0,0,0,0,-0.00739510911217656,0,0,0,0,0,-0.0114875786355904,0,0,0.032659284985024,0,0,0,0,0,0,0,0,0,0,0,0,0,0,0,0,0,0,0,0.0233489377254016,0,0,0,0.0484985950033541,0,0,0.0412259361314741,0,0,0,0,0,0,0,0,0,0,0,0,-0.00660134116410851,0,0,0,-0.00991985099957033,0,0,0,0,0,0,0,0,0,0,0,0,0,0,0,0,0,0,0,0,-0.00593855587296419,0,0,-0.0034759119941306,0,0,0,0,0,0,0,0.0153356605330186,0,0,0,-0.00255205469558365,0,0,0,0,0,0
0.445637504875115,0.445637504875115,0.445637504875115,0.445637504875115,0.445637504875115,0,0,0,0,0,-0.00471420169323255,0,0,0,0,0,0,0,0,0,0,0,0.00906569068674638,0,0,0.0270307112697555,0,0,0,0,0,0,0,0,0.0201262578654208,0,0,-0.00485654189522538,0,0,0,0,0,0,0,0,0,0,0,0,0,0,0,0,0,0,0.0469772689057208,0,0,0,0,0,0,0,0,0,0,0,0,0,0,0,0,0,0,0,0,0,0,0,0,0,0,0,0,0,0,0,0,0,-0.0189209120022928,0,0,0,0,0,0,0.0484542513308404,0,0,0,0,0,0,0,0,0,0,0,0.00929750352118614,0,0,0,0,0,-0.000385325667283965,0,0,0,0.00395149613586095,0,0,0,0,0,0,0,0,0,0,0,0,0,-0.0275220574340359,0,0,0,0,0,0,0,0,0,0,0,0,0,0,0,0
0.445741536795934,0.445741536795934,0.445741536795934,0.445741536795934,0.445741536795934,0,-0.0024560647709974,0,0,0,0,0,0,0,0,0,0.0232979724618217,0,0,0,0,0,0,0,0,0,-0.000712290435256212,0,0,0,0,0,0,0,0,0,0,0,-0.031167138773035,0,0,0,0,0,0,0,0.000269023975978834,0,0,0,0,0,0,0,0.0161220542259673,0,0,0,0,0,0,0,0,0,-0.00594335336798193,0,0,0,0,0,0,0,0,0,0,0,0.0212601194895948,0,0,0,0,0,0,0.00839005721726353,0,0,0,0,0,0,0,0,0,0,0.0457519430136852,0,0,0,0,0,0,0,0,0,0,0,0,0.0318765154197193,0,0,0,0,0,0,0,0,0,0.0335355256522082,0,0,0,0,0,0,0,0,0,0,0,0,0,0,0,0,0,0,0,0,0,0,0,0,0,0,0,0,0,0,0,0
0.445371594325245,0.445371594325245,0.445371594325245,0.445371594325245,0.445371594325245,0,0,0,-0.0411513564587378,0,0,0,0,0,0,0,0,0,0,0,0,0,0,0,0,0,0,0,0,0,0,0.00644763565282556,0,-0.0425745720651952,0,0,0,0,0.0324029142646628,0,0.0293778307870433,0,0,0,0,0,0,0,0,0,0,0,0,0,0,0,0,0,0,0,0,0,0,0,0,0.00910683511149077,0,0,0,0,0,0,0,0,0,0,0,0,0,0,0,0,0,0,0,0,0,0,0.0110153459471663,0,0,0,0,0,0,0,0,0,0,0,0,-0.0505552808698329,0,0,0,0,0,0,0,0,0,0,0,0,0,0,0,0,0,0,0,0,0,0,0,0,0,0,0,0,0,0,0,0,0,0,0,0,0,0,0,0,0,0,0,0,0,0,0,0
0.445780343431444,0.445780343431444,0.445780343431444,0.445780343431444,0.445780343431444,-0.0102820741866859,0,0,0,0,0,0,0,0,0,0.0193864136184932,0.033421973429163,0,0,0,0,0,0,0,0,-0.0161039926952077,0,0,0,0,0,0,0,0,0,0,0,0,0,0,0,0,0,0,0,-0.00421634171857645,0,0,0,0,0,0,0,0,0,0,0,0,0,0,0,0,0,0,0,0,0,0,0,0,0,0,0,0,0,0,0,0,0,0,0,0,0,0,-0.000345611605531394,-0.0411547008597387,0,0,0,0,0,0,0,0,0,0,0,-0.0230234691566175,0,0,0,0,0,0,0,0,0,0,0,0,0,0,0,0,0.00523925400018233,0,0,0,0,0,0,-0.0338355047314146,0,-0.0335786896243495,0,0,0,0,0,0,0,0,0,0,0,0,0,0,0,0,0,0,0,0,0,0,0,0,0,0
0.444749054696163,0.444749054696163,0.444749054696163,0.444749054696163,0.444749054696163,0,0,0,0,0,0,0,0,0,0,0,0,0,0,0,0,0,0,0,-0.0209969057748931,0,0,0,0,0,0,0,0,0,0,0,0,0,0,0,0,0,0,0,0,0,0,0,0,0,0,0,0,0,0,0,0,0,0,0,0,0,0.0214197578866805,0,0,0,0,0,0.0287940286441461,0,-0.0165586412439017,0,0,0,0,0,0,0,0,0,0,0,0,0,0.0534579075258417,0,0,0,0,0,0,0.00648780088339789,0,0,0,0,0,-0.0780294273435025,0,0,0,0,0,0,0,0,0,0,0,0,0,0,0,0,0,0,0,0,0,0,0,0,0,0,0,0,0,0,0,0,0,0,0,0,0,0,0,0,0,0,0,0,0,0,0,0,0,0,0,0
0.445148401146468,0.445148401146468,0.445148401146468,0.445148401146468,0.445148401146468,-0.0532513965365372,0,0,0,0,0,0,0,0,0,0,0,-0.0267407386575214,0,0,0,0,0,-0.046875329438572,0,0,0,0,0,0.0133603032254239,0,-0.0183573828249397,0,0,0,0,0,0,0,0,0,0,0,0,0,0,0,0,0,0,0,0,0,0,0,0,0,0,0,0,0,0,0,0,0,0,0,0,0,0,0,0,0,0,0,0,0,0,0,0,0,0,0,0,0,0,0,0,0,0,0,-0.052926530945731,0,0,0,0,0,0,0,0,0,0,0,0,0,0,0,0,0,0,0,0,0,0,0,0,0,0,0,0,0,0,0,0,0,0,0,0.0122360554221123,0,0,0,0,0,0,0,0,0,0,0,0,0,0,0,0,0,0,0,0,0,0
0.445702684108294,0.445702684108294,0.445702684108294,0.445702684108294,0.445702684108294,0,0,0,0,0,0,0.0082963206563967,0,0,0,0,0,0,0,0,0,0,0,0,0,0,0,0,0,0,0,0,0,0,0,0,0,0,0,0,0,0,0,0,0,0,0,0,0,0,-0.0331523270679772,0,0,0,0,0,0,0,0,0,0,0,0,0,0,0,0,0,0,0,0,-0.00414397776834643,0,0,0,0,0,0,0,0,0,0,0,0,0,0,0,0,0,0,0,0,0,0,0,-0.0399090924847683,-0.00895823732032092,0,0,0,0,0,0,0.0333481230996443,0,0,0,0,0,0,0,0,0,0,0,0,0,0,0,0,0,0,0,0.0080152548466519,0,0,0,0,0,0,0.0298652234874859,0,0,-0.0397037590029671,0,0,0,0,0,0,0,0,0,0,0.0155840065071464,0,0,0,0,0
0.444368112651081,0.444368112651081,0.444368112651081,0.444368112651081,0.444368112651081,0,0.0354848874738431,0,0,0,0,0,-0.0842390662243004,0,0,0,0,0,0,0,0,0,0,0,0,0,0,0,0,0,0,0,0,0,0,0,0,0,0,0,0,0,0,0,0,0,0,0,0,0,0,0,0,0,0,0,0,0,0,0,0,0,0,0,0,0,0,0,0,0,0,0,0,0,0,0,0,0,0,0,0,0,0,0,0,0,0,-0.00649686011631453,0,0,0,0,0,0,0,0,-0.00996652781275315,0,0,0,0,0,0,0,0,0,0,0,0,0,0,0,0,0,0,0,0,0,0,0,0,0,0.0440984341693864,0,0,0,0,0,0,0,0,0,0,0,0,0,0,0,0,0,0,0,0,0,0,-0.0473634037311759,0,0,0,0
0.446174006930955,0.446174006930955,0.446174006930955,0.446174006930955,0.446174006930955,0,0,0,0,0,0,0,0.0105995365755306,0,0,0,-0.0309398157434105,0,0,0,0,0,0,0,0,0,-0.00406096136126038,0,0,0,0,0,0,0,0,0,0,0,-0.0408719030596426,0,0,0,0,0,0,0,0,0.00604851027817106,0,0.00415447758619422,0,0,0,0,0,0,0,0,0,0,0,0,0,0,0,0,0,0,0,0,0,0,0,0,0,0,0,0,-0.0156516654945399,0,0,-0.0160118332624499,0,0,0,0,0,0.00508607053687047,0,0,0,0,0,0,-0.0142275788166626,0,0,-0.0150682846886308,0.0110082343680014,0,0,0,0,0,0,0,0,0,0,0,0,0.0160488448255598,0,0,0,0,0,0,0,0,0,0,0,-0.00195754260841635,0,0,0,0,0,0,0,0,-0.021586029691883,0,0,0,0,0,0,0,-0.0052984192311791,0,0,0,0,0,0,0,0,0
0.444127055122038,0.444127055122038,0.444127055122038,0.444127055122038,0.444127055122038,0,0,0,-0.0616701798211389,0,0,0,0,0,0,0,0,0,0,0,0,0,0,0,0,0.011400760947772,0,0,0,0,0,0,0,-0.0112908664256527,0,0.0927712497982426,0,0,0,0,0,0,0,0,0,0,0,0,0,0,0.0146538647300955,0,0,0,0,0,0,0,0,0,0,0,0,0,0,0,0,0,0,0,0,0,0,0,0,0,0,0,0,0,0,0.0282002210290512,0,0,0,0,0,0,0,0,0,0,0,0,0,0,0,0,0.00886732442103811,0,0,0,0,0,0,0,0,0,0,0,0,0,0,0,0,0,0,0,0,0,0,0,0,0,0,0,0,0,0,0,0,0,0,0,0,0,0,0,0,0,0,0,0,0,0,0,0,0,0,0
0.445681598270283,0.445681598270283,0.445681598270283,0.445681598270283,0.445681598270283,0,0,0,0,0,0,-0.0189649776324353,0,0,0,0,0,0,0,0,0,0,0,0,0,0,0,-0.00524849043822466,0,0,0,0,0,0,0,0,0,0,0,0,0,0,0,0,0,0,0,0,0,0,0,0,0,0,0,0,0,0,0,0,0,0,0.0343517484223065,0,0,0,0,0,0,0,0,0,0,0,0.0203552475819554,0,0,0,0,0,0.00467467302031769,0,0.0037210768612368,0,0,0,0,-0.0440595913435967,0,0,0.00876740347269739,0,0,0,0,0,0,0,0,0,0,0,0,0,0,0,0,0,0,0,-0.00144993594817615,0,0,0,0.0240315774821379,0,0,0,0,0.00919752632282722,0,0.046259502905855,0,0,0,0,0,0,0,0,0,0,0,0,0,0,0,0,0,0,0,0,0,0,0,0,0,0,0,0
0.445778021828928,0.445778021828928,0.445778021828928,0.445778021828928,0.445778021828928,0,0,0,0,0,0,0,0,0,0,0,0,0,0,0,0,0.0168737418145267,0,0,0,0.00596945531550704,0,0,0,0,0,0,0,0,0,0,0,0,0,0,0,0.0522929932455536,0,0,0,0,0,0,0,0,-0.0205800190036519,0,0,0,0,0,0,0,0,0,0,0,0.00778337797856441,0,0,0,0,0,0.00500342286944924,0,0,0,0,0,0,0,0,0,0,0,0,0,0,0,0,-0.0127402325256693,0,0,0,0,0,0,0,0,0,0,0,0,0,0,0,0,0,0,0,0,0,0,0,0,0,0,-0.0328199771722491,0,0,0,0,0,0,0,0,0,0,0,0,0,0,0,0,0,0,0,-0.0337027133121504,0,0,0.0153878625671525,0,0,0,0,0,0,0.0151028452357481,0,0.00234299259831362,0,0,0,0,0
0.445713841344837,0.445713841344837,0.445713841344837,0.445713841344837,0.445713841344837,0,0,0.0251197270989125,0,-0.0181960581605425,0,0,0,0,0,0,0.00241674388960404,0,0,0,0,0,0,0,0,0,0,0,0,0,0,0,0,0,0,0,0,0,0,0,0,0,0,-0.0165931439745967,0.0043313424806895,0,0,0,0,0,0,0,0,0,0,-0.0299559759144582,0,0,0,0,0,0,0,0,0,0,0,0,0,0,0,0,0,0,0,0,0,0,-0.027525060449833,0,0,0,0,0,0,0,0,0,0,0,0.0273561185392605,0,0,0,0,0,0,0,0,0,0,0,0,-0.00622337858628239,0,0,0,0,0,0,0,0,0,0,0,0,0,0,0,0,0,0,0,0,0,0,0,0,0,0,0,-0.0539905380351326,0,0,0,0,0,-0.000462709828458007,0,0,0,0,0,0,0,0,0.0087497391012217,0,0,0
0.446190434226902,0.446190434226902,0.446190434226902,0.446190434226902,0.446190434226902,0,0,0,0.0348604971591491,0,-0.016630890124927,0,0,0,0,0,0,-0.00488031941235009,0,0,0,0,0,0,-0.0182305823149478,0,0,0,0,0.00350271643797296,0,0,0,0,0,0,0,0,0,0,0,0,0,-0.0135900784413271,0,0,0,0,0,0,0,0,-0.00824612274916791,0,0,0,0,0,0,0,0,0,0,0,0,0,0,0,0,0,0,0,0,0,0,0,0,0,0,0,0,0,0.0155576760395389,0,0,0,0,0,0,0,0,0,0,0,0,0,0,0.00995959521217009,0,0.0338693761844113,0,0,0,0,0,0,0,0,0,0,0.00934734840812101,-0.00687356537786458,0,0,0,0,0,0,0,0,0,0,0,0,0,0,0,0.0260143265907463,0,0,0,0,-0.00586885201609835,0,-0.0111056251798755,0,0,0,0,0,0,0,0,0,0,0,0,0,0,0
0.445099124924191,0.445099124924191,0.445099124924191,0.445099124924191,0.445099124924191,0,0,0,0,0,0,0,0,0,0,0,0,0,0,0,0.0361835203286308,0,0,0,-0.020649259152113,0,0,0,0,0,0,0,0,0,0,0,0,0,-0.0213275670669538,0,0,0,0,0,0,0,0,0,0.0154826520618826,0,0,0,0,0,0,0,0,0,0,0,-0.00449250456012274,0,0,0,0,0,0,0,0,0,0,0,0,0,0,-0.0226787044101203,0,0,0,0,0,0,0,0,0,0,0,0,0,0,0,0,0,0,0,0,0,0,0,0,0,0,0,0,0,0,0,0,-0.0225698029525452,0,0,-0.077120344914677,0,0,0,0,0,0,0,0,0,0,0,0,0,0,0,0,0,0,0,0,0.00348976271517742,0,0,0,0,0,0,0,0,0,0,0,0,0,0,0,0,0
0.445493109268859,0.445493109268859,0.445493109268859,0.445493109268859,0.445493109268859,0,0,0,0,-0.0112281115644136,0,0,0,0,0,0,-0.0145005750224745,0,0,0,0,0,0,0,0,0.000831816216099299,0,0,0,0,0,0,0,0,0,0,0,0,-0.0161208881532237,0,0,0,0,0,0,0,0,0,0,0,0,0,0,0.00282140829838512,0,0,0,0,-0.00735979274069196,0,0,0,0,0,0,0,0,0,0,0,0,0,0,0,0,0,0,0,0,0,0,0,0,0,-0.0124271314316608,0,0,0,0.0194133892634139,0,0,0,0,0,0,0,0,0,0,0,0,0,-0.000595067792653888,0,0,0,0,0,0,0,0,0,0,0,0,0,0,0,0,0,0,0,0,0.00324140034633205,0.0185940374730913,0,0,-0.0150815424562802,0,0,0,-0.0714001213811618,0,0,-0.0284089142990021,0,0,0,0,0,0,0,0,0,0,0,0,0,0,0
0.445569935390746,0.445569935390746,0.445569935390746,0.445569935390746,0.445569935390746,0,0,0,0,0,0,0,0,0,0,0,0,0,0,0,0.00553721828285356,0,0,0,0,0,0,0,0,0,0,0,0,0,0,0,0,0,0,0,0,0,0,0,0,0,0,0,0,0,0,0,-0.0337985462277857,0.0140333896538334,0,0,0,0,0,0,0,0,0,0,0,0,0,0,0,0.0316846690609293,0,0,-0.00958116672668326,0,0,0,0,0,0,0,0,0,0,0,0,0,0,-0.020480466227803,0,0,0,0,0,0,0,0,0,0,0,0,0,0,0.0163901123532843,0,0,0,0,0,0,0,0,0,0,0,0,0,0,0,0,0,-0.0535390940898909,-0.0362890354578695,0,0,0,0,0,0,0,0,0,0,0,0,0,0,0,0,0,-0.000306367748515869,0,0,0,0,0,0,0,0,0,0
0.444870477169516,0.444870477169516,0.444870477169516,0.444870477169516,0.444870477169516,0,0,0,0,0,0,0,0,0,0,0,0,0,0,0,0,0,0,0,0,-0.0256734301835237,0,-0.0238782696318083,0,0,-0.00710948304459512,0,0,0,0,0,0,0,0,0,0,0,0,0,0,0,0,0,0,0,0,0,0,0,-0.00179039299085763,0,0.012521500201866,0,0,0,0.00892231521715613,0,0,0,0,0,-0.0279915605908375,0,0,0,0,0,0,0,0,0,0,0,0,0,0,0,0,0,0,0,0,0,0,0,0.00287583750573362,0,0,-0.00485942266573115,0,0,0,-0.0186895992817087,0,0,0,0,0,0.0880888616669776,0,0,0,0,0.00273668395480492,0,0,0,0,0,0,0,0,0,0,0,0,0,0,0,0,0,0,0,0,0,0,0,0,0,0,0,0,0,0,0,0,0,0,0,0,0,0,0,0,0
0.446008339372785,0.446008339372785,0.446008339372785,0.446008339372785,0.446008339372785,0,0,0,-0.0104035381837223,0,0,0,0,0,0,0,0,0,0,0,0,0,0,0,0,-0.0152486986894293,0,0,0,0,0,0,0,0,0,0,0.0174362075158218,0,0,0,0,0,0,-0.0065354400703147,0,-0.0246031117086888,0,0,0,0,0,0,0,0,0,0,0,0,0,0,0,0,0,0,0,0,0,-0.00720214757665402,0,0,0,0,0,0,0,0,0,0,0,0,0,0,0,0,0,0,0,0,0,0,0,0,0,0,0,0,0,0,0.0177810921088068,0.00911692212547205,0,0,0,0,0,0,0,0,0,0,0,0,0,0,0,0,0,0,0,0,0,0,-0.0175558963163576,0,0,0,0,0,0,0,0.0146240081961844,0,0.0387862997856381,0,0,0,0,0,0,0,0,0,0,-0.0401546836421644,0,0,0,0,0,0
0.445790940727245,0.445790940727245,0.445790940727245,0.445790940727245,0.445790940727245,0,0,0,0.0283179881153509,0,0,0,0,0,0,0,0,0,0,0,0,0,0,0,0,0,0,0,-0.0242897060084216,0,0,0,0,0,0,0,0,0,0,0,0,0,0,0,0,0,0,0,0,0,0,0,0,0,0,0,0,0,0,0,0,0,0,0,0,0,0,0,0,0,0,0,0,0,0,0,0,0,0,0,0,0,0,-0.0258422175031878,0,0,0,0,0,0,0,0,0,0,0,0,0,0,0,0,0,0,-0.0158856039093571,0,-0.0385498332088011,0,0,0,0,0,0.00902422185471493,0,0,0,-0.00727381362388525,0,0,0,0,0,0,0,0,0,0,0,0,0,0,0,0,0,0,0,0.00622052401635585,0.0211648345365633,0,0,0,0,0,0,0,0,0,0,-0.0439662963703142,0,0,0
0.445433230432342,0.445433230432342,0.445433230432342,0.445433230432342,0.445433230432342,0,0,0,0,0,0,0,0,0,0,0,0,0,0,0,0,0,0,0,0,0,0,0,0,0,0,0,0,0,0,0,0,0,0,0,0,-0.0234982142681868,0,0,0,0,0,-0.0197640431158764,0,0,0,0,0,0,0,0,0,0,0,0,0,0,0,0,0,0,0,0,0,0,0,-0.0395156676425162,0,0,0,0,0,0,0,0.0384127492493146,0,0,0,0,0,0,0,0,0,0,0,0,0,0,0,0,-0.0203733337554198,0,0,0,0,0,-0.0571418159641,0,0,0,0,0,0,0,0,0,0,0,0.0137083641169582,0,0,0,0,0,0,0,0,0,0,0,0,0,0,0,0,0,0,0,0,0,0,0,0,0,0,0,0,0,0,0,0,-0.00990940250909507,0,0
0.445457362522505,0.445457362522505,0.445457362522505,0.445457362522505,0.445457362522505,0,-0.0162078780534182,0,0,0,0,0,0,0,0.00232738898159776,0,0,0,0,0,0,0,0,0,0,0,0,0,0,0.0469447734112767,0,0,0,0,0,0,0,0,0,0.0213124183777109,0,0,0,0,0,0,0,0,0,0,0,0,0,0,0,0,0,0.00217782513568478,0,0,0,0,0,0,0,0,0,0,0,0,0,0,0,0,0,0,0,0,0,0,0,0,0,0,0,0,0,0,0,0,0,0,0,0,0,0,0,0,0,0,0,0,0,0,0,0,0,0,0,0,0,0,-0.0521307970496393,0,0,0,0,0,0,0,0,0,0,0,0,0,0,0,0,0.0267707942277867,0,5.06846457864258e-05,0,0,0,0,0,0,-0.0267354141598065,0,0,0,0,0,0,-0.0275449561279453,0,0,0,0
0.44579117660766,0.44579117660766,0.44579117660766,0.44579117660766,0.44579117660766,0,0,0,0,-0.0393168477032619,0,0,0,0,0,0,0,0,0,0,0,0,0,0.00372382320081469,0,0,0,0,0,0,0,0,0,0,0,0,0,0,0,0,0,0,0,0,0,0,0,0,0,0,0,0,0,0,0.0130287074733822,0,0,0,0,0,0,0,-0.0294992164074824,0,0,0,0,0,0,0,0,0,0,0,0,0,0,-0.0196844830887316,0,0,0,0,0,0,0,0,-0.0119793598243401,0,0,0,0,0,0,0,0,0,0,0,0,0,0,0,0,0,0,0,0.00620405514229168,0,0,0,0,0,0,0,0,0,0,0,0,0,0,0,0,0,0,0,0.0294616665915037,0,0,0,0,0,-0.0301610810287068,0,0,0,0,0,0,0,0,0,0,0,0,0,-0.037474619284365,0,0,0
0.445191176079765,0.445191176079765,0.445191176079765,0.445191176079765,0.445191176079765,0,0,0,0,0,0,0,0,-0.041608568473761,0,0,0,0,0,0,0,0,0,0,0,0,0,0,0,0,0,0,0,0,0,0,0,0,0,0,0,0,0,0,0,0,0,-0.00469192732781786,0,0,0,0,0,0,0,0,0,0,0,0,0,0,0,0,0,0,0,0,0,-0.0393139218996151,0,0,0,0,0,0.0275910263859768,0,0,0,0,0,0,0,0,0,0,0,0,0,0,0,0,0,0,0,0,0,0,0,0,0,0,0,0,0,0,0,0,0,0,0.0623988434138429,0,0,0,0,0,0,0,-0.00174025727262205,0,0,0,0.0236316287770891,0,0,0,0,0,0,0,0,0,0,0,0.0225576888336298,0,0,0,0,0,0,0,0,0,0,0,0,0,0,0
0.445476753669248,0.445476753669248,0.445476753669248,0.445476753669248,0.445476753669248,0,0,0,-0.0107467444137729,0,0,0,0,0,0,0,0,0,0,0,0,0,0,0,0,0,0,0,0,0,0,0,0,0,0,0,0,0,0,0,0,0,0,0,0,0,0,0,0,0,0,0,0,0,0,0,0,0,0,0,0,0.0127640819613631,0,0,0,0,0,0,0,0.0247548791428424,0,0,-0.0121843101354913,0,0,0,0,0,0,0,0,0,0,0,0,0,0,0,0,0,0,0,0,0,0,0,0,0,0,0,0,0,0,0,0,0,0.0290344755550586,0,0,0,0,0,0,0,0.0434576866867917,0,0,0,0,0,0,0,0,0,0,0,0,0,0,0,0,0,0,0,0,0,0,0,0,0,0,-0.0428539901288887,0,0,0,0,0,0,0,-0.0463098064127308
0.44517000798675,0.44517000798675,0.44517000798675,0.44517000798675,0.44517000798675,0,0,-0.0659085069640594,0,0,0,0,0,0,-0.00784948284334193,0,0.00343161591928918,0,0,0,0,0,0,0,0,0,-0.000436984987477683,0.0501507842483658,0,0,0,0,0,0,0,0,0,0,0,0,0,0,0,0,0,0,0,0,0,0,0,0,0,0,0,-0.0119876180828285,0,0,0,0,0,0,0,0,0,0,0,0,0,0,0,0,0,0,0,0,0,0,0,0,0,0,0,0,0,0,0,0,0,0,0,0,0,0,0,0,0,0.00561668108823821,0,0,0,0,0,0,0,0,0,0,0,0,0,0,0,0,-0.0353766262406867,0,0,-0.00316758184052601,0,0,0,0.00455504305474378,0,0,0,0,0,0,-0.0101598679327858,0,0,0,0.0249989096470858,0,0,0,0,0,0,0,0,0,0,0,0,0,0,0,0,0
