8.540376161966278801e-02,4.425206634138065809e-01,1.963673762345159446e-01,1.924128942980134482e-01,7.130763530209360823e-02,6.398419473550021053e-04,2.427901901739648594e-02,1.167899646008763170e-02,6.653206904037034519e-04,1.088791585844539611e-02,3.873595664229885216e-01,1.050379321316796677e-04,9.321948952474734540e-03,-1.441109187894085153e-04,8.224358599677650261e-02,1.444479796761610757e-01,5.687677434906035501e-02,1.726311880125903642e-01,1.056894964079546639e-02,2.542743250574019953e-02,-2.581705557291869013e-04,2.575652460848409930e-02,1.356219953080772811e-01,1.255297888573396747e-01,1.138424062499066025e-02,2.359042863198350659e-01,1.242309389413316367e-01,1.985126803310945931e-01,3.439239516774286187e-01,3.823154828342723022e-03
2.253926931785930066e-01,7.981960046985427937e-01,1.378852237913186229e-02,4.005671580116647590e-01,1.188063773112357779e-02,1.599862193509160591e-02,9.291883182954663312e-02,-6.266982402109988470e-04,5.838662771897595860e-03,3.500881032749703081e-03,1.973268574945663545e-02,1.132683764097031087e-02,-1.392562355935211826e-04,5.321188691338818444e-02,8.142154971197435032e-02,1.564084263543747966e-01,2.974560815873772412e-04,5.710193576682964789e-02,1.325614363551714803e-01,2.234016241529079849e-02,1.650288469388545565e-01,1.628435182791312386e-01,2.872055126843520156e-04,6.341001024457781909e-03,-4.649391765809696153e-04,1.175941187167577340e-01,6.899163354422199745e-03,-6.469544518301617586e-04,1.004359527581755174e-02,-3.932155651407143182e-04
9.301955153874192916e-01,1.530208185035037971e-01,3.288435842358605754e-02,8.208413836695180876e-01,1.417643002298140331e+00,9.696789996169741244e-03,5.411863417094853190e-02,6.464042652239054831e-02,1.416288274547961024e-01,6.665735054785759672e-02,5.143621546552612500e-02,1.724527620998728139e-04,5.234949153216295059e-02,1.066479013838517176e-01,1.587776466868628944e-02,5.409169230124355465e-03,1.581646396251912279e-02,2.144160991929178195e-01,1.191059324072041292e-01,1.568165635033063054e-01,3.070930136944038935e-02,5.293510228631337355e-02,1.442882221930208431e-02,2.420000090213036970e-04,2.063224892065562699e-03,2.476011480868400838e-03,1.006681248532537154e-03,7.518490941554833995e-02,9.704014391307058673e-02,1.140259543652089036e-02
5.896557217185538491e-02,4.368879979013140513e-02,1.470794470445113689e-01,7.490491257647668988e-03,4.023655878462379931e-01,4.330770862159383228e-03,2.053237275995645206e-02,5.381091290902695334e-02,5.913615900742463793e-03,4.388852669894305336e-04,1.379945377408287044e-02,1.115722422994824825e-02,1.321267473348184396e-01,-3.468691561746339858e-03,3.351737479517780116e-04,2.050824175756016388e-02,2.982203907349045835e-03,-7.850457920186570959e-04,-9.613421492167262272e-04,2.397703140285747381e-01,1.751525320504931926e-03,-3.933577315657466045e-03,2.248132166853267222e-04,3.783160647208738681e-03,1.941770367035289269e-02,9.400799864564213237e-03,3.890380414288685529e-04,1.229573594319077756e-05,7.546811211681436760e-03,8.379925860753090205e-04
4.796796637149292053e-02,2.301172259602060066e-01,-1.802808872025352116e-02,-4.496028115786288026e-02,2.289369194130138396e+00,6.102324564782435345e-03,-6.958463985942131558e-04,7.754637487750581926e-02,1.542389723546833125e-02,1.616963319472475291e-02,1.957926960446165765e-02,6.112861592120300003e-02,1.121524396809370216e-02,7.896205040709869394e-02,2.461726578391942866e-02,1.789775656107828183e-03,6.269520314441123787e-02,-6.994870500864891483e-05,-2.172432491400755339e-03,2.670558552085058324e-01,2.548871882066627848e-02,3.318079842083321296e-03,1.408074073093334988e-02,1.642372267418332754e-01,-1.100016404256720648e-03,5.956829369520111328e-02,4.387764972735386237e-02,-1.142886566763756662e-03,3.047956085859837572e-04,8.152059861120442008e-03
2.410370878915379933e-03,8.586424301673112325e-03,-4.929823586240722477e-03,8.422095128172379930e-03,9.705755854346520550e-03,4.836186296524047634e-04,1.242308875322439832e-02,-3.083679209898271267e-03,6.657122848840835161e-02,4.122777079791362098e-04,5.705951533753150784e-02,8.981110362401345526e-03,-2.402276271622483250e-04,-2.773708085799242440e-04,1.423296089254932895e-02,2.882183675113925148e-02,1.929450015857980816e-03,5.479718108652420483e-02,-1.140310008107547901e-04,4.578217176170795710e-03,2.105885402891694014e-03,3.021582134845512968e-02,3.042605895434835617e-02,8.318569040113654722e-02,6.712004596770348996e-03,1.355441766492138100e-02,-3.585775485684727926e-03,1.845239822300204224e-02,9.948264991387834044e-02,2.927537715957750919e-02
2.876820918793310256e-02,-1.642163589110623434e-05,3.783878055506839644e-03,2.916948520555298074e-01,3.324468438341554588e-04,4.715746680760624088e-02,2.642266423627059879e-02,3.626228434096745445e-02,1.154495106400776905e-02,5.227546454050457925e-02,3.971836829568253791e-02,6.141950719510802514e-02,1.890737972181977256e-02,5.354606087733415620e-02,3.649692303913898428e-02,1.723026756565992912e-02,4.888634943953640288e-03,1.961648350470657221e-02,6.085657096437380176e-03,6.731138523876012414e-02,1.267858563010371142e-03,3.011958812499049287e-02,-4.422169509012974231e-04,4.500985096145271314e-04,8.995983814591657080e-02,6.222257677161824319e-02,4.982999991786929428e-02,9.768054898892764015e-03,1.093304789886859751e-01,9.546389414658129624e-03
1.879175994257469284e-01,8.523025425723051995e-02,1.443883621287725738e+00,9.054105292775282976e-03,1.662696278875834821e-01,1.146783350985280947e-03,2.697953628167937268e-04,2.881215974234851984e-02,2.198794015652261180e-03,1.044811334870487940e-02,9.113920847521939095e-02,9.911133204890454351e-03,6.010901396941825681e-03,2.072306242784094366e-05,2.565526894328762353e-03,2.690735346880135381e-02,4.367512467817746824e-04,2.555111389774822328e-04,5.035215233998169282e-02,-4.562127351181999302e-05,6.390823891724295436e-04,2.039128025261405242e-03,3.090483686956613241e-02,1.392647584459538734e-02,4.714223256665217576e-02,4.536403954426848628e-02,-5.526768859374087128e-04,2.526276437421870469e-03,7.068000775922733681e-03,7.682137508965958261e-03
1.140796970139748012e-01,1.323528353957916792e-01,1.034432866107017901e-01,6.112468897781599964e-01,1.485124700733964076e-01,1.036341705701193661e-02,2.355297791021637721e-02,6.479793839084013740e-02,6.345129413392047724e-02,3.803649848533030564e-02,1.631482706265785509e-06,4.663852463602324860e-02,5.690872612659880758e-03,6.291330532741579162e-02,3.157314400749200445e-02,6.580386682583316826e-03,2.766173267440974470e-01,2.743382348235723356e-02,1.637191130974269271e-02,6.014719503514154297e-02,1.666925525920603945e-02,6.131087808461721522e-03,3.136583027973927074e-06,6.182332839194337737e-03,2.326501978211874544e-01,6.139254278051176072e-03,7.535632668627290087e-02,9.001666518376971737e-03,6.029853389886152826e-02,-2.337995798579406426e-03
4.147773162325032459e-01,9.607639838643322605e-02,2.189287338031984831e+00,-6.644642259725763722e-02,2.552414379155720781e-02,8.461629328770925440e-06,4.804950775291860765e-02,-3.129411386471048218e-04,1.162339336296192016e-01,5.821136171793028780e-03,1.486672332195899671e-01,-2.185221097566802939e-03,5.476479235937681267e-02,5.096546089506048816e-03,2.180295063499926300e-03,1.727105357777958261e-02,9.379412788414054347e-02,1.204276281443306118e-01,4.107270679184260587e-03,4.473769320646905356e-01,5.896389375288091372e-02,5.805508015759563989e-02,1.259484038265945571e-02,3.240597789032406695e-02,-8.219211077387100772e-04,6.303767274063787340e-03,1.046079312072549783e-01,1.492613605283903411e-01,1.827765078829859391e-01,7.862211039295630144e-04
5.113789510025057439e-04,2.570900957991106850e-02,9.433632132932778802e-02,5.999089914025468318e-02,3.288799421221533237e-02,2.151755630656282392e-03,1.467972974118936236e-02,1.516595329299974537e-02,1.083737924915162409e-02,4.417357679265876413e-03,2.299674076052582450e-03,6.555518441277996544e-03,5.224344834338978671e-03,4.237598613849691276e-02,3.209192001572880315e-03,1.769833268180676100e-02,1.728352323346804553e-02,1.196635268708945432e-03,6.932393800200919998e-02,5.584265937356391873e-03,8.199897482166207396e-03,5.672593600247477497e-02,1.612771421291014917e-03,1.293878994082930944e-02,2.400205895435814085e-02,1.287281468238710147e-02,1.452392936287960623e-02,-5.703580420552967212e-04,2.968112972050462872e-04,2.574529395371172313e-03
-2.457831788853059862e-02,-8.581534985595773435e-03,6.310081517909971183e-02,8.610072873273644234e-03,7.729501213882716826e-02,2.963515856885390320e-02,3.596770503818547127e-02,1.321024210993826387e-02,3.986151943502314055e-02,1.102429767507748792e-01,-7.134874145551250990e-04,9.878231937617165670e-03,8.807835762245197486e-03,1.975577643310595377e-01,1.114202123249228293e-01,1.168824991276871117e-01,4.390789035855835465e-02,-8.767977743406873969e-05,5.246141086263289566e-02,4.507392039549529272e-03,5.383929305836776535e-02,2.839690552557172509e-02,1.197170944895731282e-02,6.900234707331254214e-02,1.442582521599788947e-03,1.086272399831500479e-03,-3.632994519959353852e-03,9.318247593904871451e-03,2.210752309476582411e-02,5.542090849370495675e-02
4.714784290895668306e-02,7.918723371086411333e-01,4.785754425078936336e-01,-6.614802029864641497e-03,3.208513027693093989e-02,5.922701481999581574e-04,4.789685207909677445e-03,8.605021094478360055e-03,-2.626723699256316991e-03,5.824393820094186935e-02,2.860419970569871850e-02,1.872241745173575111e-02,1.198066897154959065e-02,4.802796314719870452e-02,1.651611390981386762e-01,1.452119595987877432e-01,-2.053198372387043946e-05,4.876936677074894533e-03,-2.853994532809878137e-03,-1.063158440283373807e-03,2.202711255001155166e-02,1.121436057195355218e-01,7.698036147228748405e-02,1.821677139734134698e-02,7.798079899791865444e-03,-2.321796109558960097e-04,4.309306180390759522e-02,2.826068154730254633e-02,9.596067391020923765e-03,4.171702395053511481e-02
-1.641434697932631082e-02,3.015420742235264129e-03,1.964204749921067972e-01,2.106538313498163006e-01,1.713300473200316532e-01,3.984310043786187805e-03,1.399217396474696784e-01,3.442908493994423225e-03,4.972372173129713246e-02,6.101392846611908283e-02,1.349647498221884234e-02,7.135584149831952772e-02,-1.833518908043174633e-04,2.136952010981651995e-02,2.655511996824344578e-03,3.314756664651064000e-02,4.291144115944334203e-04,3.111579462027069809e-02,4.229845357089789815e-02,3.958772310614033785e-02,7.913445492566140160e-02,5.223994748432758684e-02,2.251408471823994617e-01,9.251193969309845500e-03,5.297183556273665772e-02,5.785143340372833620e-03,1.947449432021741700e-03,2.907160052641843961e-01,5.001385359730825542e-03,8.495536777349510515e-02
1.684570887287506480e-02,9.060259909148271618e-02,7.314098539194402449e-01,-5.097108533488992066e-03,1.669045930484447382e-02,1.349523194101642787e-03,1.084301737434882895e-01,1.989795339265576501e-02,1.194681858754975678e-02,4.349857636842813235e-05,1.875692168523990233e-02,2.965161360890533615e-08,2.188771144364540788e-01,6.375396887963358239e-02,4.138245892160963280e-02,1.753267575320816007e-01,1.372812293022018792e-02,3.985244986469371753e-02,1.232109588714003223e-03,3.324785267941532396e-02,-1.608370159551064660e-03,2.073160678430774340e-03,1.001238868420628592e-02,9.565438377406287884e-02,6.320682034364644153e-03,2.008630363004471064e-03,-2.541804685121107354e-04,8.397668874570030084e-02,2.178423681908014942e-03,1.130907128839542253e-02
-1.263640277650335264e-02,-3.410899340307427252e-02,2.191490707115892889e-01,-8.884148968034466520e-03,-3.318142374165944375e-03,1.599479886023402742e-02,1.501209616154852711e-03,-4.781361586996268898e-04,2.399215665308851442e-02,2.420791727405280369e-02,3.387348507482990101e-02,1.926156096285769337e-02,2.009409509604420663e-02,5.003924988473507085e-02,1.153279611529978155e-02,3.214282415106950452e-02,-4.163242321407523150e-03,1.636304905438636936e-01,5.509272215640592663e-02,-9.536797468840951808e-03,7.427018299547683000e-02,2.747415263296915100e-03,1.852322599099842648e-03,8.569654053506070568e-03,1.644072958289743980e-02,1.490161801005296383e-02,1.704434826925691482e-01,-1.096236773404601905e-02,9.933705824028749021e-03,2.066875047419181044e-02
1.176852727400756748e-03,6.429464624879699386e-05,2.467320353010649114e-02,6.108223195905537750e-03,6.349172426452387441e-02,3.554062370405741689e-02,1.489515058752388654e-03,2.600033957329017653e-01,4.598809314545704297e-03,-1.485362621336250299e-04,4.287037291715201093e-02,6.080442640312710978e-04,3.771846049843041726e-03,1.630656856531942367e-02,1.558352042066779575e-02,7.850070232399186665e-02,9.275594070849102479e-02,5.637459160229330024e-02,2.274204713581973181e-03,2.726147228393571709e-02,7.748563390272078522e-02,1.482188992207156275e-02,3.687723232768203019e-02,3.650375428347896190e-02,1.580556296144752793e-02,1.209785411109720599e-03,2.290979374702750704e-02,1.069703389471321486e-03,6.153907749908427149e-04,7.481884158523310902e-02
-1.581087888459009605e-03,1.002754265612670892e-01,5.404288142534774408e-02,3.194066249384102107e-01,1.815631582661847432e-02,7.830482041368824753e-04,7.261464405274864475e-04,2.381271289103636946e-02,7.103912578657833876e-03,7.278412689695201720e-03,2.014765796128159536e-02,-6.278225248035340655e-05,9.634980140714510810e-03,3.375841597125095461e-02,3.356704896011297734e-02,1.101086823253165647e-01,1.426148233562685164e-03,2.318076318152151316e-02,1.792218337365980574e-03,1.011239249465933909e-02,1.492505960278833754e-04,1.736613609221393517e-02,-1.564896332433285409e-03,2.157672407249400237e-03,5.426149543416691756e-03,1.330189978536466811e-02,-7.488798393424644928e-04,-4.248181202004985835e-03,2.917271452615111116e-03,-2.954702310859147474e-03
7.106335731026369729e-03,5.949764752860531303e-02,4.077005477060868799e-02,-2.689760713952260573e-02,-5.335155434643468197e-03,1.008878601395784003e-01,7.189141642569740753e-02,5.903030742585890778e-02,4.645286305825990780e-02,-2.312919622582398915e-05,2.740696801133424287e-04,5.175532566745566498e-02,6.858107590961282085e-04,5.615260877115968441e-02,2.581722173301521650e-01,1.315518545308203002e-01,1.475056969634458426e-02,3.722296210112219228e-03,-8.763847979498251561e-04,8.428002144877666524e-02,1.032111885655062622e-02,2.984319724058437373e-03,1.300867365753255456e-01,6.431935128320986905e-02,4.399495798458552542e-03,-2.907356516939074709e-04,-1.619064331759290098e-04,1.777883025384063842e-03,9.081110396888192327e-03,3.191673316216281364e-04
1.414927305873270313e-02,1.148482161730477458e-01,1.860500966601907891e-01,2.492326044955488484e-01,1.818480493578134016e-01,1.374304856090295957e-01,5.875464239953664958e-03,3.366743269084633283e-01,3.757293412617723760e-02,1.234796065635812568e-03,1.221013056168285260e-02,1.105478285925833859e-01,6.726811025234979979e-04,2.692779104807740964e-02,9.488018625885885626e-02,4.736872919854917541e-04,-1.039522031529571677e-03,1.687630751363045079e-02,6.631791053607116737e-03,1.890772032346355047e-01,2.452579451178671377e-02,5.052212235367115056e-03,4.121065654699851422e-02,1.774167780541135997e-01,8.108104852942332741e-03,1.401569590335478566e-01,4.567167970859209447e-03,7.008928804782232902e-02,6.110051051159715030e-02,1.199955108492734013e-02
1.241881649408031585e+00,3.230123857882460925e-03,8.634932577214371463e-03,2.103882030972670236e-04,1.125099303783336779e-01,3.138027892999240009e-02,2.242599118426547022e-02,6.108362893173335806e-02,1.459940906459067378e-03,7.055832335624678819e-03,1.103175826366786794e-02,5.021786894382795907e-02,1.401543732566956635e-02,1.417300428252055156e-03,1.820999452668559115e-04,3.208629778031202306e-02,1.332340746919520313e-01,9.505261586491897674e-03,1.383721805996795950e-02,3.895959426424511207e-02,1.573262400266282057e-01,3.469144281020941634e-02,8.297464033255153026e-03,1.019076523000173040e-02,1.162035008544659576e-02,5.377195990408267789e-02,1.043400289608698017e-04,9.990447391725609805e-04,3.471787598224196358e-03,1.472916227028253644e-02
5.520570496724426235e-01,7.314158437361051313e-03,-7.509365034210624401e-03,2.382333711311179769e-02,1.944381134022954427e-03,6.790208085976523478e-03,1.366391691725343804e-02,5.218870258166141696e-03,2.811869807893074835e-02,3.328515180000479745e-02,4.473723722278499793e-03,5.708037077113115032e-02,1.576488010961263342e-02,6.331780196343395062e-03,1.290824592657280334e-03,4.731953259350785146e-02,3.405023618142966058e-02,4.647643558106651085e-04,4.602406916039747387e-02,2.666643632180587531e-02,7.781784950195191897e-02,3.857480701428173120e-02,5.262570762047236173e-02,2.319807243753579939e-03,4.253753257943948540e-02,1.007453481520359517e-01,6.275975802692190797e-02,-1.202259497139479549e-04,3.546187968539982194e-02,5.325857723328830673e-03
1.088385737588604130e-01,6.847345699057427737e-03,-2.865407150780541201e-04,6.391617238566915660e-02,7.628961703099168545e-02,-3.078720417750702154e-04,2.185103738918670047e-04,8.502130193850376827e-03,9.271660843799267582e-04,9.359877695916729579e-03,4.415337903341853831e-02,8.454970161436037301e-03,1.811472989789120192e-02,2.258828846664862056e-02,7.686004089439535392e-03,4.851641337660694830e-03,2.323571941293067766e-03,1.280432504599104959e-02,-5.165225971381914860e-07,7.573070817361582385e-04,2.490844824920124267e-03,2.052783453212558840e-02,4.693398815396321311e-04,1.784023235154208464e-02,5.530194027194035300e-02,1.463054684677622674e-02,7.132029533866379722e-02,9.986961412814743255e-03,8.031945108485061269e-02,2.522761783122895451e-02
2.467878437943316072e-01,3.164950530837460363e-01,-9.178795661687111362e-03,-1.566539404661844159e-01,2.003905578904825013e+00,4.123869582811856560e-03,-6.721570934447029799e-04,5.177300469181389531e-02,8.835112582987747487e-04,3.892100791084374123e-03,3.256948611380252601e-01,1.179892865248621803e-02,1.410031032188481248e-01,1.504642084365848120e-03,4.804808466688648139e-02,-2.918625911606298473e-03,1.341192610714969646e-02,-3.018260223486279870e-03,1.515136372994163594e-03,1.637475361383966543e-02,1.442017460464128931e-03,3.624780288404849671e-04,1.712291770528207024e-02,3.807500352424497692e-03,5.074429442460726136e-03,2.722307917606592298e-02,1.004294954257529682e-01,1.401416381154874102e-03,-1.000810050927114503e-02,4.688703498269219949e-03
-4.258208022749343513e-03,4.449261349330209114e-01,7.708934584587634475e-02,8.452406510490240166e-01,2.249948577754796730e-01,1.726282919056210119e-02,7.020514333129668216e-03,8.862182587565214931e-03,1.261063673123796747e-02,4.108775249891394310e-04,1.538507157100443834e-02,1.463817838787129233e-03,-4.175257585403713279e-04,1.989207080480728251e-01,2.241442682795469210e-02,7.213383778152593351e-02,5.377178813986027706e-03,1.782113521321715410e-02,6.666579852154796981e-04,1.897456433487487715e-02,2.090045232906501127e-02,-1.075847974727928147e-03,1.923952097276249162e-02,6.207536213381992241e-03,2.140617901625230246e-02,1.098269824931552563e-02,6.000490984821027496e-03,1.301355452592911632e-02,2.065314181193933507e-03,1.937550613295258017e-03
1.783904365591440389e+00,9.951444376718576734e-02,3.328424803214886651e-01,-5.539279992312451384e-02,-1.577252816054741658e-02,4.005114148838373467e-02,4.499518984436789992e-03,1.003692113485143977e-02,8.659669380840639974e-02,-2.194572057541144261e-03,-1.342223240492934622e-03,1.388948825208800031e-01,8.134232798742146997e-04,1.317387475888054382e-03,2.220787086942799249e-02,5.948178089061784135e-03,1.222648122093517031e-02,8.880537769059948516e-02,5.875612007044406226e-02,2.648710194906200854e-03,4.060177869554948415e-02,-5.793588964717599765e-04,2.800926396628788950e-02,1.660746686175738063e-01,7.283620845889515749e-03,2.898279781179091685e-02,-1.087912389712286654e-03,-2.198079425006937981e-03,2.194177031924482435e-04,9.263487029594230648e-03
1.137392068358818342e+00,3.336680650044856478e-01,9.662847687630424787e-01,1.481819456857191852e-02,1.448354072746553811e-01,3.606510670872253854e-03,1.072999054135994612e-01,4.726786273688698969e-02,6.483309691579997036e-02,1.907722692482849425e-03,5.045447771207633991e-03,1.263301635405209566e-01,1.403915793158763137e-01,1.834424691223670578e-01,2.908408768872838834e-02,3.082932464588150623e-02,2.169909408785031246e-03,-3.848215433755797221e-03,4.804233292257364951e-02,3.716949532198743356e-02,2.057506438192007181e-01,1.947595088043030387e-01,8.043151358648703564e-02,3.725310297091954936e-02,3.905316903309863363e-02,6.405719143959487383e-03,1.812040139737014499e-02,1.040908731069283277e-01,2.602927871251647929e-02,7.984056317961663041e-02
-1.235564877680239704e-02,1.633304663604588924e-01,1.662435002178046517e+00,-1.205113168903704235e-02,3.110396408585458516e-04,8.213106031093531101e-02,3.423722265778472718e-03,1.530369076517867910e-02,1.583835826630997090e-01,1.348723545958740999e-02,1.828769661405571512e-01,2.236854719835701388e-02,1.135247138006452161e-01,1.199022913678682301e-02,1.175043178832479995e-01,9.552734403033280586e-02,1.012194096529217546e-02,1.971734096744448550e-02,4.457532285114318427e-02,1.459219312564741244e-01,7.287741901693678415e-04,4.689353100602566826e-02,6.043981992139180193e-03,1.136865506869320086e-01,1.868771719093409445e-02,9.257787335716116672e-02,2.742156795498829069e-04,4.294471368686636481e-02,1.229058213659328658e-02,7.854582385808051015e-03
-1.372243672321609154e-01,-3.166890383891285410e-03,5.540021125572724969e-02,1.858001626918390770e-01,-1.701447218924201366e-02,-3.910953039856224223e-04,-7.601657545555084994e-04,1.255231011800361784e-02,-2.317792097555226860e-03,8.794285842856908175e-04,3.907550766180989399e-03,7.226405633698007591e-02,4.855071644891406635e-02,4.961785459530965170e-03,1.585338052357876393e-02,2.917964158569930078e-03,3.916548099326000454e-02,4.927660573357961482e-02,1.713686702367844816e-01,1.689459298409801136e-03,2.143649320637557310e-01,1.648615678518563499e-01,1.171876423591022842e-02,8.766433930747830061e-03,-2.486980623496393150e-03,-1.422909336943334324e-04,3.425094287544929728e-01,7.974543610545836714e-03,1.120591838002464868e-01,4.674835136013033576e-02
-5.365563638872039576e-02,-4.095002936625302681e-02,-1.210816689640381583e-02,-1.365358004566363803e-02,-4.244418906543589998e-02,1.458210337382048749e-02,-5.167632248497255887e-04,5.824785442056779061e-04,1.197043073963044435e-02,7.202026405236061635e-02,8.789074651360806456e-03,2.670307049108089359e-03,3.627206446622288638e-03,7.805997151214505436e-02,1.029321816712123194e-01,1.405808767380278823e-03,1.220627913789229524e-02,1.202257280659857486e-02,6.475097134055474157e-03,4.383423826335697271e-02,3.449389604719144131e-02,2.328762902495018494e-02,5.312057514491819177e-02,3.056933505736303403e-02,1.592948869301578085e-01,2.021573238916829496e-03,1.283958913704275062e-02,8.855573587339904407e-03,2.170015234394284676e-02,1.248884333040702899e-01
9.587024277736055922e-03,-8.556269777835190382e-03,-1.253494128000642860e-02,-1.616674841599863299e-02,1.231227965867542906e-02,1.077706664446420604e-02,9.409288529292769709e-02,9.763767714446469625e-02,-8.234876799839696560e-05,-3.208130279910292870e-04,1.586992505017725819e-02,2.781080650764344853e-02,2.024841861079007543e-02,5.223998585938449679e-02,8.544882996437408451e-04,2.847701134372560006e-02,1.085899443882265558e-02,3.035517770113660418e-02,6.071940182809587583e-02,1.823228598381021470e-04,1.738584295647616074e-02,2.361629559155975500e-02,3.552744925921835772e-03,3.299417240905100357e-04,1.188472659461305980e-01,4.219338199457745020e-03,3.419662548991730944e-02,2.946747513236758209e-03,2.341158065360282592e-02,6.686940441147370962e-04
9.406994989219708003e-02,8.105493963673078284e-01,4.710094835000244728e-01,5.290696767801872369e-02,2.009429128739368409e-01,2.130808006572948443e-05,3.205154496748541249e-02,2.703413880612179909e-01,1.971492849250378043e-01,5.551368627362496255e-02,3.520076311705544470e-02,3.321135386644691323e-03,2.394439712677165488e-02,8.247184460840895071e-02,1.141647456767085345e-01,4.132844064922824856e-02,5.972580655529302618e-02,2.858287556506411420e-05,1.889812959218328814e-02,5.753140047033422633e-02,2.225425042112760821e-05,8.282644789820992060e-04,1.187584489077124772e-01,3.867492385128201704e-02,4.883502005700801618e-02,2.018032227102306564e-02,1.452122274928768775e-02,5.827131595124157570e-04,3.830273521415961113e-03,6.721007215837104809e-02
1.030099609604695488e-01,9.542329391472348377e-01,2.306867767834201999e-01,9.262240994729609156e-04,6.727945826046131117e-01,1.973411131883597847e-01,1.362062979810030328e-02,-6.590935566803679535e-04,7.794059350598381286e-02,1.088937011793582599e-01,2.044146805188162830e-03,2.527302201703101048e-01,1.000556383098505364e-02,1.970140509611262303e-01,3.825365401416291888e-02,6.025219650869129140e-02,8.706653633590022423e-04,-3.582159249990723993e-04,2.129972473104757569e-02,-3.297580738023775382e-03,2.007585946972962887e-01,9.319582638003254260e-04,-1.961341123529436459e-02,-1.445952246825754628e-08,1.434434810444109587e-01,1.948640555687219944e-03,1.905350176347102575e-01,1.310855533631345438e-01,-1.180080841206176956e-02,1.788576607522287532e-01
9.032312967440647711e-01,1.388910392145259465e-02,7.866217259425107855e-01,1.842278674845889697e-01,2.053790553256842344e-01,-2.590903458221660571e-04,4.668876729051785190e-02,3.921886516889561136e-02,5.456794443565105013e-02,5.567276489385708516e-02,5.357503812921748931e-02,1.210701699517988672e-01,5.197295913857491456e-02,-1.842154031974629902e-04,8.595481643280500350e-03,1.240424325464672961e-02,1.930466803528485542e-02,1.717030917288386860e-02,4.271796220782775322e-04,6.880549356580445419e-04,4.380929138556970415e-01,-6.469728961793208555e-04,1.051364710160118676e-02,6.492151668568979517e-04,2.019958458312043348e-02,1.908894720602898332e-01,8.215403043928759530e-03,1.623654476636016142e-02,-4.097123722290874070e-04,1.715930590867387195e-03
-2.063739628203631327e-02,6.711750832793406119e-02,6.781582884984249660e-02,4.821044376381244945e-02,-3.150607425676366091e-02,1.766265956366375178e-02,1.872822170110310935e-02,8.645034307884102986e-03,1.094680706113404511e-02,6.070752157873826604e-02,5.977640489786306688e-02,1.876448717256717913e-02,2.730133208661555955e-04,7.722464268669693155e-02,6.886339008519648530e-03,7.587398917872700821e-02,2.697439954336289247e-02,3.456835773274580248e-02,1.014366740068339823e-02,2.611764991278420212e-02,5.595628415636433317e-03,9.037149158138557681e-02,7.074492864078685272e-03,1.280902593890562713e-01,5.992908099777416453e-02,-1.081730319331342116e-03,3.293256009178247012e-02,2.174669230037284962e-02,1.050679125565130434e-01,3.807612026385243098e-05
3.409371383991555149e-03,9.699622257741680187e-05,4.077792534650459544e-02,9.671306716321854680e-01,2.912490494136044106e-02,1.911690027421943938e-01,6.284333509310791044e-03,1.229851586135310981e-04,1.394774980384205776e-02,2.478814984665156373e-02,9.706016262398975414e-03,3.797798269879493205e-02,2.066125071757163312e-02,5.859922620130575410e-04,1.171253941152095024e-02,4.698399532782637777e-02,-1.920431968689406688e-03,1.344044173360563477e-01,-2.629571829722010534e-04,5.965831858388437325e-02,7.826720302990253231e-03,1.226447886964088241e-02,7.664688163266930587e-05,4.959323232815471272e-02,7.051735215341636831e-03,1.021432621638673766e-03,8.589355385891117578e-02,1.790649139944839874e-01,8.445775366157093345e-03,7.956110994531861991e-03
2.852102006682954993e-03,-9.061967229742240448e-02,-6.081846066885265856e-02,6.457313592033742111e-02,-7.706692036913675992e-02,-8.885185608145107494e-04,2.138295455111460797e-03,8.760900040886721030e-02,1.537119613951887231e-02,1.190045465813360792e-01,2.169766722468491338e-02,-7.519300666141148781e-04,7.312440734608838255e-02,4.217228684430285313e-02,6.758285825201593155e-02,3.719098195356096426e-04,-1.535590524560426218e-03,5.307993017343193287e-03,5.279455972479762949e-02,-3.810554678059574485e-03,8.199891494341748910e-03,5.522105339638372357e-02,1.009746565953761888e-02,4.197182009598954266e-03,1.568289746587403499e-03,2.766716302324390142e-03,4.023549945381788007e-03,1.402643416868354365e-02,6.615314829820029274e-03,1.216795618735666551e-03
-4.628930110155238253e-01,6.373986710996879523e-01,9.142989169780593173e-01,7.048954117494163896e-01,-4.413360843779576825e-01,2.103858271786762657e-02,2.638604931657351216e-02,5.480077807312078164e-02,9.166742132554794864e-02,6.028274422516384234e-01,1.007271874238231391e-01,1.325220592082674287e-01,5.406779557243446277e-03,1.593326414973832428e-01,8.886769672187799785e-02,-1.503657314927409061e-05,3.290496527352360090e-03,3.066916242622408362e-02,-6.842765556521968051e-03,1.777810004072133410e-02,1.191725178787628181e-03,1.397488801284110238e-01,-4.838219899155227210e-03,1.004494881096729131e-02,3.770371830632335275e-03,7.889768391519336177e-02,1.475567576380765189e-02,-2.946892008606205593e-03,1.040172824152332254e-01,-2.645327008603537422e-03
3.255304385340185291e-02,1.990398807729851782e-01,7.140210122472456789e-02,1.844744811273280050e-03,4.703213052860251153e-01,1.081356816400669274e-01,1.383813989717985748e-03,6.779801639572369254e-03,7.565803053692388147e-02,2.979418818949142178e-05,3.385014546545050962e-03,2.793823787579086115e-04,4.877407970355829292e-02,2.231288010881016248e-04,6.736730844433047594e-03,5.639460646825078527e-03,5.656970261815885692e-04,3.314881191283305384e-01,1.513685174005630074e-01,1.629955066078103698e-03,1.149180185964659984e-03,-1.371704068047208125e-04,4.792471717410329290e-02,7.302873448201019357e-03,1.407735483993466374e-02,1.798336247575438307e-02,2.244037865230330553e-01,9.175612442862668416e-02,9.746590196489002267e-02,1.650064707626430760e-02
3.558939714789399744e-02,4.334169260346687480e-02,2.415467510283875185e-04,2.399148994632038345e+00,3.320885647362104010e-05,5.744460617502333832e-03,2.951383323669176661e-02,1.606888061013691527e-01,5.429377001620494525e-03,2.990011303296569167e-03,4.761817349971053659e-03,6.693665564404049917e-02,2.833500835348079505e-02,1.399432403738183339e-01,4.950073129811194406e-02,2.019323838720055164e-05,2.695089532407379807e-04,2.286571320316177491e-02,1.385620626448424986e-01,1.781767264853595378e-02,4.182566979018886855e-02,1.251516616926906522e-04,7.817628797594089463e-02,-4.134738889263189776e-04,6.291390311135458546e-03,2.374332836687109705e-02,2.112059508262209562e-02,1.640596711510982075e-01,3.847241213437158081e-02,1.568966473547206419e-03
-3.004721408631993995e-02,6.010957862890542458e-01,9.555642359793026230e-02,-2.474939069709769512e-02,2.270389461382320562e-01,4.651065973707702028e-02,4.240921866079716551e-03,1.323280352875624288e-01,1.805499679070656782e-01,1.351326906315897247e-03,1.138462524594707759e-03,6.859714247102566276e-02,6.416487420910499395e-04,4.136007744879055537e-02,-9.504424130746258470e-04,6.912581588573196711e-02,7.926598365430148618e-02,8.675460549936175880e-04,1.278786667406883737e-02,3.508855442664327029e-04,2.615274798213373941e-02,3.160061172428374476e-02,5.643680690933017274e-03,6.589897371531705517e-03,8.457047567864250937e-03,2.752628574681814655e-01,1.600612927049738232e-02,4.241178647458987427e-02,-2.906456554772951506e-03,8.058203358077165035e-02
1.444224679167938064e-01,-4.814058440842927666e-04,1.700665340378311186e-01,4.333552899659132152e-01,1.441573798963338149e-01,4.977813043136691817e-02,1.222744386113303605e-01,2.250157686785847488e-01,1.520015358160087260e-02,1.022422923946733064e-01,9.000930511623206343e-02,1.828588195357916391e-02,1.283162577077359146e-01,1.599565314769977320e-01,6.125637172811071451e-02,9.623992672239012336e-03,4.209510514334624531e-02,1.975795535301534400e-01,-4.451559729538701049e-03,2.140441434369257934e-01,2.661659761023393855e-02,8.023343381910308381e-02,6.050107702260199005e-02,1.401559974041095558e-01,4.562194910733019526e-02,4.341635141618560567e-03,5.659069583653053570e-02,7.138186230192289372e-02,7.547949499092609926e-02,2.775801852892705313e-01
1.168034291471364838e-02,8.111101281567911769e-02,3.017639114463399608e-03,-1.926105774171738005e-03,3.351555161880677147e-01,1.840887691782278068e-02,2.665127547526502383e-02,1.070495010785244006e-02,-1.092130502987842533e-03,1.753170018967278310e-01,4.788350897694915176e-02,9.341332457691020608e-02,1.439584593359999332e-02,3.760478720960414023e-03,3.169195422255022265e-03,3.418314849350956308e-03,3.736025438966539269e-02,2.913990429629276235e-02,3.461365126555371319e-03,6.281305427248717876e-02,9.401351377419153721e-03,9.070370980611830447e-02,1.069994389280193303e-02,-5.137739781684302898e-04,1.779816608658002508e-03,1.234800973976915017e-01,2.939288360740111017e-02,-4.028285405208720249e-04,6.154466316232731771e-02,3.209838697022693310e-02
5.557557168863649366e-01,3.708399649312204005e-01,8.933497472478713064e-02,-1.641800080142985507e-02,1.035483959862020242e-01,3.285493173635245512e-03,7.113278788373200712e-03,1.098857854436463555e-02,1.489119868226227439e-01,1.530314504485374982e-04,7.418917696766946790e-03,9.134679191136196863e-02,-1.209581682925175983e-03,-3.500571947832042952e-03,4.132131127141160931e-01,1.996718531927932361e-02,1.271856134302762342e-02,6.112202395323995674e-01,7.701417990935599533e-02,3.129754706509757511e-02,1.614634256816778191e-01,3.421773777030345798e-02,-2.128694558116706048e-04,3.160995220433626685e-02,-2.783062885828968547e-03,9.702630210711404857e-02,2.066876979975784678e-02,5.780266284483026595e-03,-5.425340968369773975e-03,7.216879123892994130e-02
-1.032504532390321472e-01,-3.091153613782715581e-02,-6.066658083542009194e-03,-4.548909803600231783e-02,-1.016802798156337673e-01,1.863275161561972482e-02,3.402584362741567503e-02,1.734641681299553539e-02,2.163471259180127504e-02,1.346416988878917920e-02,1.415684740989382462e-01,2.078109940516270626e-03,1.654968669621226240e-03,3.244488261208644531e-02,1.012219618335397087e-02,-6.545968465827556315e-04,8.794425974539166191e-02,-4.362137731828141796e-05,8.647938561674450852e-04,1.989278812866146495e-02,1.005714771631360804e-04,9.252784502177924253e-03,6.948069253454924876e-03,2.196183265148476949e-03,-1.191237040331749597e-03,7.262379418424824706e-02,1.470147842965729978e-04,1.250321516359953478e-03,1.103853046993030773e-02,1.914006798461453940e-02
-9.224616056530976493e-02,4.820952155868596378e-01,6.020005938773387300e-02,-4.397840429910360172e-02,2.936251439479065084e-02,-1.305186891897847090e-08,1.201825339335513831e-01,1.953497219469522150e-01,3.209545815371406263e-02,1.032155163747106030e-04,9.661750757239317977e-02,1.774323943362432487e-02,4.050695798977343998e-02,9.100567488315736142e-02,1.353252884134015233e-02,4.162893873313322501e-02,1.185237735562338912e-03,-1.663735852826420114e-03,4.096294246808138695e-01,3.217136802207143376e-02,5.086495666662562698e-01,2.697900311474654700e-03,4.692801134723545431e-02,1.275011919027857488e-02,-2.126811849414877997e-03,2.706407965084141054e-01,4.842139125001043709e-02,1.493954784805318070e-02,2.560896884881636026e-02,6.648850694729091515e-02
1.457828327686216063e+00,-6.161729400972415505e-02,-4.161264194750913248e-02,7.588127446051515790e-01,-2.304040759555014972e-02,5.680264741112495130e-04,-7.964139563148009415e-04,1.509095896060674846e-02,5.262093690222879871e-02,5.125372990075138802e-02,3.232680414853650319e-02,-1.051515983241380070e-03,2.895574076282514397e-02,6.058431461575874977e-02,2.418956077566569718e-02,4.468843138170619511e-02,3.171571377342807807e-02,2.500748101349614672e-02,9.568679690513448577e-03,4.820580563967880039e-02,1.185471079216693369e-02,7.161396925469354358e-03,2.167948639033312475e-02,-7.152122212057854256e-03,-4.912626790511964714e-04,-1.624738845439566148e-03,1.646855657272787710e-01,1.188849544653525214e-02,1.914165598671360158e-01,1.214439501747044403e-03
6.502993385170796614e-03,2.952674063511828706e-02,-1.752210850559077215e-02,-3.779846860018043486e-02,-2.878853129062797223e-02,3.098298831343271331e-04,4.849760263032187879e-02,3.349965378596664323e-03,1.316059668302216323e-02,1.337046132388408637e-02,3.895934631966468942e-03,-1.212096100948301114e-03,4.447933654077296239e-02,5.390529266952270859e-03,3.477351227377933895e-02,1.742560158056871700e-02,1.081271737618649809e-02,8.970439784989547860e-02,4.189470457562016747e-03,6.446378533666141664e-03,5.285555429104071834e-02,7.441107513319167310e-03,6.858886631356497787e-02,3.802762186255748134e-04,2.556258805372380039e-02,4.522879924677702945e-03,5.502086395034844202e-02,1.890632949249493322e-02,4.914286597192862871e-02,6.956720701385421535e-04
1.088629917523387114e+00,-2.476396982757478327e-03,1.210267495269350846e+00,3.312766158927704652e-02,9.908763601363368423e-02,2.431571988239857873e-01,4.576810222611094048e-02,-1.990868164076786684e-04,-7.225321911441540124e-05,1.018023707321713545e-02,4.612406129174306813e-02,7.113882656355485778e-03,1.276217450871719450e-02,1.231417429072338976e-01,3.919734243103789595e-02,9.386134510290400357e-02,-7.645193743144318432e-05,5.488744600282480235e-03,6.701204549191075444e-02,3.160969025381987763e-04,3.783158655691920558e-02,2.398714783519206861e-01,2.527428158415654380e-01,2.011941183198739935e-02,3.741801615530082614e-02,4.757956735939394832e-02,2.282556787607159521e-02,4.476402454189676305e-01,1.226151479369690378e-01,1.536127086028766797e-01
-1.099813524808723741e-01,3.089251417415290746e-01,-2.173626796815320006e-02,-8.554563225390499070e-02,-9.209606875032605444e-02,1.089146522857209476e-02,9.629421886241829043e-03,-2.260570824701879644e-03,6.499024284243759553e-03,2.179903685369044553e-02,4.836106526597383493e-03,7.780599244560093553e-03,2.133337261748113889e-02,1.926949200464189715e-02,8.434245129569273303e-02,3.907963802371501316e-01,7.610118625693829131e-03,3.134088705268212038e-03,5.542748210885140026e-02,4.632529634978688193e-02,1.392161293232909713e-01,1.327210538011769358e-03,3.079457577395228185e-02,1.946563116156863060e-02,1.990473393891178944e-01,5.978382574497143054e-02,1.993216658568996991e-02,-9.418242567234003104e-04,1.083522480676890609e-02,8.368640586422948502e-03
-1.043725160219795001e-01,1.591217919764194022e-01,-2.898735312353108995e-01,-3.186625054416332148e-01,1.563900890959687651e+00,1.881855600038910836e-01,6.670820936260923872e-05,1.245070130660508312e-02,2.649015292393386289e-02,1.181105557701656039e-02,1.636919717418923170e-01,6.350470929934282083e-02,2.040429583019172100e-01,4.322344946508849262e-03,9.321563092687412677e-02,6.081004756559593716e-04,5.039582698291500407e-02,-1.248206353280956193e-02,9.305838885181216824e-02,2.703462088172514655e-03,-5.562176679196895179e-03,7.067539139749268173e-02,1.684205224552695057e-01,-6.445207388612317345e-03,6.043984730784490722e-02,4.167203493431337336e-02,9.540103277376310587e-03,1.446698710078404559e-01,3.138485202051040091e-01,-4.840409845904147801e-02
3.288406290077938721e-01,-1.166395729144564797e-02,5.204490012629570117e-03,1.017382377826425710e-02,-6.501859846308022384e-03,2.655477614488432891e-02,7.310686552483680600e-03,1.789140837873404166e-03,-1.701492089354772475e-03,7.325654932101155481e-02,2.714716727962063203e-02,1.499954762621591442e-02,1.000755964448218904e-01,2.819981640858326699e-02,-1.234334164808004175e-04,-7.621310089831467849e-04,1.738028112383727120e-02,5.450003085203825037e-03,3.340152060743850626e-02,6.920677300010069644e-02,3.234732634261039408e-02,3.877655881423969220e-03,2.028200572056082507e-02,2.716723200749333600e-01,2.720621936216360837e-04,1.716808232840794091e-02,5.476633562973187708e-02,4.122248499573455405e-02,4.443769944573539021e-02,9.515838242103669131e-03
-1.653467347564330225e-02,3.755625429956044314e-02,3.099168078916392233e-02,1.817384505748442791e-02,8.157646109337548523e-01,2.207831654972736146e-03,9.220169730750260584e-02,4.915010379811235453e-04,7.315313312111904054e-02,1.398730446490858981e-02,1.415212140827293297e-04,4.700686579468538184e-04,1.469636259060891348e-02,6.509975224870956367e-04,4.834292149347163559e-04,1.736547685653277995e-02,3.732870492521911387e-03,6.061165729958872816e-02,2.406055906120307952e-02,3.288272333232544753e-02,5.889526594377869628e-02,9.216035547365386549e-03,3.186049642174282326e-04,7.799401943293737816e-02,8.579530774890820055e-03,1.200814166781860592e-03,-2.335799938357752126e-04,7.955630710923156101e-02,2.955701032174573584e-04,9.341651956873420204e-06
3.146769869595056335e-01,9.330433800750714823e-02,2.358968369127190101e-03,6.496474890083092646e-04,8.819816100344368692e-02,3.901508969004652272e-03,1.266417633871697035e-06,5.540153960981619718e-03,3.314741908801543957e-03,5.202537263178896865e-02,1.739051740221597697e-04,4.048727680967267872e-02,1.540179796068130713e-02,4.971231640727324930e-03,5.088213737369784440e-04,5.126598989084385494e-02,-8.019391746660886611e-05,2.772620557214722226e-03,1.870717240908614798e-02,1.653527919980390948e-02,6.604950364419437392e-06,1.164017872609424131e-02,1.399052152515345426e-02,8.879914644781550237e-04,3.611890196689948596e-03,1.491928297178013452e-02,-2.696170818463627938e-04,1.000730355727164067e-02,1.566028783931283641e-02,7.285053922445605679e-03
5.005391288327221133e-02,1.677039757902907269e-01,8.149890837582329794e-02,2.097411642933648679e-01,6.638035582623045272e-01,4.754243508751203606e-01,7.113302296014367698e-03,-4.772736100235874801e-04,2.017820186104302138e-04,1.797912069769749266e-01,1.820398976511992117e-01,2.308616115506989530e-02,3.580183718622897970e-03,-1.345635671558653712e-03,1.062717344230215133e-01,3.371702729319894232e-01,9.692181091584561869e-02,9.997741366132295582e-03,1.079196709823611044e-01,7.928971977184406938e-02,3.718903326983102886e-03,4.428492449293752742e-02,3.885832763796948086e-03,2.828690876781259078e-02,2.477099255550285761e-02,-2.276012721411646567e-04,1.552457326234408796e-01,5.737295032150591112e-03,1.031694571405221694e-01,1.038437328093282375e-01
6.251991842226800600e-03,-2.095931904905778964e-02,1.374673770080914181e-02,1.425962138212835129e-01,2.081923538075791669e-02,3.046553590091960473e-02,-1.175483843960378749e-03,1.297654286753413544e-02,7.306056170012453777e-03,3.962151254282986201e-02,1.025260356556803032e-01,2.091432381091173909e-02,1.005999752979924722e-02,5.979690131368275985e-02,6.798524383180293285e-04,1.107689869196892829e-02,1.035447505889415254e-01,9.872153984793285986e-02,2.417094317691947936e-02,-2.887239743252223434e-04,4.681009684759374068e-05,1.988543359409673528e-01,-1.470299361091420565e-02,1.039151499785617716e-03,5.492237201636740451e-02,1.741768174088615950e-01,9.175813080378958375e-03,9.979664768122731289e-04,2.512287579374117286e-02,-1.718470833965035638e-03
2.178893693951522437e-02,3.339617114977064816e-01,1.833922556371861745e+00,1.196263796190857320e-01,-7.723048557881373455e-02,2.277524470897862585e-02,1.014669001506929291e-01,1.229265292750705285e-01,1.007572386654880248e-01,-6.098488326684581295e-03,8.471562623627004740e-02,5.215750462244983510e-03,1.872434343823119463e-01,-1.581115247029529769e-03,6.669341131373318632e-02,3.009247241783086224e-03,1.427589595816236567e-03,5.024099639098444925e-03,2.284123967957008006e-02,1.453509316283154718e-01,3.817631970327184376e-02,-8.219019821015471905e-03,2.810725128764168801e-02,1.362162951509482411e-02,-5.236316679418706599e-03,1.059389180025016586e-01,5.027493562982598974e-03,1.088761244263380945e-04,3.813982953515093755e-03,4.715386553281053494e-02
2.897344245272215346e-02,2.935615135763125494e-02,8.736825963097238912e-02,2.304518029214097652e-01,1.363245288026799784e-01,-2.234135092633593445e-03,7.561147861325778763e-02,9.669525843989390523e-03,2.186301763476983240e-02,2.495770724991075440e-03,4.333207035434938348e-03,-5.969756378771506888e-03,7.792769383589970289e-03,1.785545753259576429e-02,1.582677004597421444e-02,6.972524434312710184e-02,3.150371844126986787e-02,-2.008262878945288321e-04,1.702180684412368805e-02,1.847589073343414157e-02,-1.290972286636105082e-03,-2.360732038646062847e-03,2.038222875532014200e-03,-4.688860179470566436e-03,1.528902751740268684e-02,4.543650700751911131e-02,5.004143236526381600e-02,-2.533082842302469828e-03,7.563258557095942081e-03,8.257594079131180820e-03
6.339353885595500060e-02,4.156924472936962545e-01,3.622240979030966201e-02,-1.649930350879458274e-03,5.905042918983127720e-02,8.632393038502605975e-03,2.531909776546470425e-02,1.586899724784984755e-02,1.031763779598238173e-01,2.368952664938550612e-02,4.406557424927903810e-03,4.925875280088654051e-02,1.742438571354387733e-02,1.666731988473557635e-03,2.347228625112940392e-03,2.449160277517581363e-02,1.304785065708546909e-02,-8.459544374544769596e-03,1.131721718037770330e-02,1.162880861145421107e-02,4.827262100007612133e-02,7.030177397551184981e-04,7.304589423373641921e-05,9.019620425424257348e-03,5.738332932311340784e-02,-3.370634143182726916e-04,1.450879108038094500e-03,3.229813837672956822e-03,1.439639964662120519e-05,2.531853091440705583e-02
1.140317057855915195e-01,5.251923290272131339e-03,1.545672266343736112e-01,6.804073979843394682e-02,1.209192538050016807e-01,2.891971894623157624e-02,-8.719978276712225806e-04,7.030260786681186147e-02,1.024910807188028627e-03,7.782561247838692964e-02,6.616209328957900482e-02,5.278832413104339594e-03,1.193266469907605654e-02,7.201425909297576311e-02,1.010760240774821739e-02,-6.064134960226397197e-05,7.237682456842975398e-03,1.058083256010249329e-01,4.695243084126943245e-03,3.700232077979315193e-03,4.131844911041682167e-03,5.217640126869760309e-03,2.271583957918821284e-02,1.165322822178360695e-02,4.049860315534559163e-03,1.404566926365546919e-02,1.047622367422018641e-01,1.613401355096835132e-01,4.582741885023278172e-02,2.557634365646599406e-03
1.648835822210870106e-03,-1.526652256673077801e-02,1.910943552155083935e+00,1.224644016379885514e-01,2.192875071190059089e-02,4.802134003445424071e-03,3.351481255632560163e-02,1.643162415987475811e-02,4.759033294519632307e-02,2.457274777988693870e-02,3.076114422244824453e-02,-2.644290860711606683e-04,4.269793865591475779e-01,4.469247154370137309e-03,7.432457750742305080e-02,5.389660839855814345e-03,5.449352891352177153e-03,7.252015566403269275e-02,1.511380335473653247e-01,1.364394470538279336e-01,8.656911547161705300e-02,1.102524049352204827e-02,2.689912619711165576e-02,-9.068496784969681812e-05,5.575423240692156668e-02,1.181222916108204402e-02,3.004471298579680649e-02,6.082458377567689922e-02,3.836828873756559233e-02,8.696159548419402086e-03
9.599367956145243852e-03,8.996870967069980907e-02,1.400131739530277031e-01,1.590840604634662370e-01,8.210162644697760470e-02,9.229431487104200471e-03,3.714306485775864530e-03,1.445656747180912305e-02,6.454128166806682998e-03,3.594946974121882022e-03,7.756419537567893485e-03,-3.049236578087644034e-04,1.371271082307679023e-02,3.321851218060700717e-02,5.331481668280346753e-02,1.102669489515131218e-01,1.149894568456488742e-03,2.783674806764402376e-02,1.003420328377195858e-01,2.202766834781044736e-02,1.127516338337208879e-02,5.441254514851223689e-03,3.880715852001337396e-03,2.476999317755090857e-02,1.369413995688262276e-02,6.547359777006267478e-02,1.348328479508396072e-01,1.076519852913904174e-03,4.430331444540414054e-03,1.816142798301800809e-02
5.298855084661369119e-02,2.229022391648580737e-01,3.465207636493161658e-03,1.731833238574065348e-02,3.889676517506934772e-03,7.053250961143398001e-03,3.361641915460023000e-02,6.220202165767574343e-04,8.761843865371155005e-03,7.368674208071812615e-02,-1.099953805043796251e-03,7.334115459394219272e-02,3.243741941576061549e-03,3.736434343964667448e-02,-1.185260594319892391e-03,5.085198357987508189e-02,1.853586350196678723e-02,2.401790498895550741e-03,5.758660318438835191e-02,2.412931784973419980e-01,1.031164419697727652e-02,2.418073063935644029e-02,1.946878231649229463e-02,6.945736935232815767e-03,2.601659196031214094e-02,8.454937143228757890e-02,5.794027186023953391e-03,4.150361283802972423e-03,2.469607771086135273e-02,1.854383395230048137e-01
3.068413033217183283e-01,-9.307419277275741365e-04,-1.574286027079185857e-02,2.217800793148807514e+00,1.975182859614932340e-02,-6.475154587537446105e-05,2.123320777832127249e-02,2.510024888714541547e-01,4.489152973747856379e-02,1.861322570685342015e-02,2.677258526181081066e-02,1.936279776653506701e-01,2.253092271292356230e-02,1.785504618787374653e-01,1.516641511127367892e-01,7.282400873210193026e-03,3.541669850407291875e-02,3.631065288121781975e-02,3.144368012623033337e-02,5.811121753686698810e-03,3.861142187535193671e-03,1.170465070890447379e-02,7.677978133775908987e-03,-1.458050657594966992e-03,1.304456055130742698e-03,2.301762878031254900e-01,1.254181909851119769e-01,6.179321227222089874e-04,4.581537208439456776e-03,6.849588532681138986e-03
1.661831702809326572e-01,3.874841106456408113e-01,4.718154269942509416e-02,4.547676621916885153e-02,2.688820264120028725e-01,1.127042022333277771e-01,8.269443722863645263e-02,4.888262304269286318e-02,2.324401951134369426e-03,1.277415378542201552e-05,4.339257461816714567e-02,1.657159705625401713e-01,-1.339183148363787268e-03,1.449454324989218890e-03,7.822932058490827956e-03,2.638970649758753950e-02,6.786522275038286978e-03,3.936407029541317826e-01,5.167518220429201392e-02,2.077244488128471289e-02,8.093619445135935564e-02,6.914722906322801066e-02,2.596345385650877802e-02,6.281213135352459176e-03,9.090996760528824439e-03,6.351360879861545072e-04,-1.912994784865063025e-04,-1.731783158609445650e-03,1.168426044576875711e-02,2.475408891294863523e-01
9.724519377096729755e-02,6.702209801987102367e-03,2.979709809671771126e-02,5.589406140757091634e-01,-1.677010884577612160e-04,8.188817947464954727e-03,1.278946866265444626e-01,2.678044708017868203e-01,1.485042193580810022e-03,2.700377871533543583e-02,3.058851426675790464e-01,1.246266732721323933e-02,3.760090889561418237e-02,8.083800433573884447e-02,5.258648186448944273e-02,2.196800349911853800e-01,6.989903343779246825e-03,5.586662295351274565e-02,8.017228001737208842e-03,3.004472800667059573e-01,5.496681141607506760e-02,5.008351441219360822e-02,4.125471412257475379e-02,6.133745947199997772e-02,1.049655061709540149e-01,1.064933613854091021e-01,5.832550740725750416e-03,1.093892650095718011e-02,2.615709186509107553e-03,8.462806534543698689e-02
-1.071397819725090628e-01,4.622831893730809938e-01,-8.383343243579677306e-02,-1.877887627834784467e-02,-1.192051686607786820e-02,5.614306091626541928e-02,-7.199807562274784800e-04,2.371271190284129915e-02,2.242966938484158845e-02,1.454992033655857497e-01,8.465744632604188524e-02,1.190869347380845156e-01,1.481799554626386239e-01,1.030934104036118626e-01,-3.242479731615510730e-03,3.719071272602558764e-02,1.169485942164314451e-01,2.220166141009798366e-01,1.053415891016493688e-01,2.112740495359055615e-02,1.765883574472049133e-03,8.587395656285057299e-02,-9.317005248767884495e-04,-4.116480533069122316e-03,1.391797019166878258e-01,2.852704593167842972e-02,1.366649991837309841e-02,6.197753994589660920e-02,1.785300750859670771e-01,-1.744617518475877205e-03
-5.543757350338625045e-01,-5.150362995843833502e-01,-4.807902091349154361e-01,1.860451696550665446e+00,5.547578334534488675e-01,1.363338741356212580e-02,1.636234554003310748e-01,3.418371226716843125e-03,-7.624453026757294083e-03,-3.269990592684024477e-02,1.310871002097790949e-02,2.907219656441917266e-02,1.339598935696280080e-01,2.493172695939449568e-02,7.648937478293316161e-02,-7.811615155179474357e-03,4.800391261190029013e-02,-3.009388223047082533e-03,1.286103018005757548e-02,-5.787840482104122941e-03,-3.918020865397053853e-03,3.242667951867517218e-02,2.856874557417388161e-02,-8.459778448582255805e-03,2.643189136790358162e-02,5.038992554852699257e-01,9.347436720830160084e-05,-3.451675303213086465e-02,3.476846708109171402e-02,1.460178829488842922e-01
7.621271995715250824e-02,-4.547643332020445683e-02,2.291411351760190840e-01,-1.643601097754121554e-02,1.357575439780731585e-01,2.229391169926753236e-02,1.722313041207854667e-01,9.039699188460748047e-02,1.168856799929507417e-03,7.785704963439865622e-02,6.152123692190247795e-02,-2.279977325132520605e-04,3.312734406238213580e-01,1.504744334074095136e-01,2.372884895257039162e-01,4.286128139426281791e-02,5.275789209436965166e-02,7.955828086447613856e-02,6.349971136617593714e-02,1.068216515962561175e-04,4.437133180346108929e-04,4.736307582953713791e-02,1.736348223857762108e-01,1.859705602471981578e-01,3.084152566848352706e-03,4.109040782739548092e-03,1.018514928831875110e-01,3.127585008379618614e-03,4.698943710112857275e-02,2.196043922707602292e-02
1.234012665849144597e-01,7.260846522530162162e-02,1.253454104644280420e-02,8.631581178757601336e-01,-5.598282901494489039e-02,9.072805284505847112e-02,1.565594909511425215e-01,8.871619098428862316e-02,1.064330109952571490e-02,6.726085064034492689e-03,4.049035253148680624e-02,4.394627504104953175e-02,1.024810664408457583e-01,4.398521685348635302e-01,2.207778798641601981e-02,-4.651715517125509791e-04,4.623451078002904779e-02,2.616945337086828971e-02,2.222157970970695118e-02,4.585051475784407415e-02,5.520679682113893705e-05,1.316238409714287627e-03,2.312812974702094238e-02,1.227062951317057227e-01,5.932127563920808200e-03,3.662087151559134668e-04,2.069749080674654351e-02,1.115664718236430986e-04,9.300315953387094936e-02,-2.241076320430579472e-05
4.659496247934669100e-02,2.711714711814705581e-01,2.913760438208790049e-02,5.777843322482159039e-01,3.270491767732863764e-03,5.078325788010840114e-02,2.883215427678109677e-04,1.539079215200738204e-01,-1.116478660474484741e-03,3.131745054691403851e-02,1.186451969665380801e-01,1.649765651958183810e-01,1.259180867289897421e-01,2.393236958083910793e-03,8.710731888003309109e-03,1.777514106112398906e-02,5.050609032839581403e-02,4.117592008189063790e-03,9.064973302014855960e-02,3.915830590261393240e-02,1.175200323718446072e-01,1.286966315196851340e-01,-1.143102091969439016e-04,6.209380967657551764e-03,6.051380011662388370e-02,1.381835995676894413e-02,9.914028292284271515e-03,7.139300545731330772e-02,2.746335856972592637e-03,3.177194892963974837e-03
1.434690518014468452e+00,1.286235424082171619e-02,2.248309972152640057e-04,1.129887002036928934e-01,1.370523441491355854e-01,5.969199889498799649e-02,9.442930666208937396e-03,1.555300528005787442e-03,6.352642251883366953e-03,-8.731729715183433882e-05,2.368498376909933256e-02,1.332463845898317345e-01,3.698455325062077748e-02,1.239500244771445381e-01,6.909104459904114037e-02,3.681807652053947777e-04,3.644571492726456086e-03,5.525948923775292343e-02,4.923242083595624763e-03,-9.920816132691356870e-04,2.114312732684631158e-02,3.655266488207686848e-03,3.459506563153702530e-02,2.668693189236570618e-02,-1.262129592096705721e-03,3.184763265642764907e-03,5.412567614193619647e-04,2.140598095667911593e-05,5.140071758078779141e-02,2.251494164132683551e-02
-5.517080652334982460e-02,-4.624308284553357851e-02,6.685999306472645287e-02,-4.632236500911357524e-02,-5.201952599400705424e-02,1.485067312661048078e-02,6.899093978011539008e-02,6.357141550818568021e-03,8.228638099490481750e-03,7.512610822733023497e-04,2.879848658079797730e-02,1.904923863487084645e-02,2.183950731261319333e-03,9.175759235869573871e-02,1.672168969058418497e-02,6.788703234396553654e-02,3.006990397250142166e-02,-5.862827551510463309e-04,-9.448034608379174415e-04,1.462503743368870346e-03,8.181649714734540169e-02,1.727109123160106563e-01,1.712476359552272953e-02,5.382972530682383905e-02,2.725705130340649873e-02,9.502149459759934302e-02,1.171645025927885442e-01,4.806066387885721269e-05,6.636984356106268024e-03,2.123911305021763951e-03
-1.482857756688638062e-02,4.210336634579903148e-02,4.929555093076221084e-02,-1.237707391054954087e-02,9.118955567901476655e-02,2.259795277586729156e-02,1.593040679176187524e-01,1.038969520214685360e-01,8.505861554170035532e-02,4.442576589711624280e-01,1.111581517860482649e-02,6.476126348349708906e-03,3.752983321618330592e-03,1.441916212520766294e-03,-1.452204370098186814e-04,6.905410971684933230e-02,9.412752259971313151e-02,7.463817494098634597e-03,5.512041417421364997e-02,2.784969047730179170e-03,3.040091396794419865e-02,3.182036760554396437e-03,3.692272416633279875e-02,2.618560745631182130e-02,1.820024908886885839e-03,2.273547181432178377e-02,1.675875288715644729e-02,1.926920280553723330e-02,1.390145790889363298e-03,7.081186972140685043e-02
6.371409957374218891e-02,1.092788602452236191e+00,1.932702182080410225e-01,1.870167956049417768e-02,2.175541742436060133e-02,4.644488777572064464e-06,5.133322468987167042e-02,1.442635843076534030e-02,7.059378929527593272e-02,1.690829438282293040e-02,4.720895287487980596e-02,1.052746142281790753e-02,4.119963176737684307e-03,2.173995954699758926e-02,8.001704157453026767e-02,2.446281978578923599e-02,1.383231610631927566e-01,2.744482455088714801e-02,2.001126470149827696e-03,2.596034881364248648e-01,1.908572013515907884e-04,1.451510570401204347e-02,2.236664370382435152e-02,5.991663414324399639e-02,4.498558268387853332e-03,2.230508849868861887e-03,1.395073448832384599e-03,8.521820687655434767e-02,1.662906899765914659e-02,4.060843734647612280e-02
-8.182362838824275286e-01,1.423857027545026632e+00,1.535596153476106451e-01,8.593124884465863644e-01,1.285020042700252496e+00,1.710949186649379783e-02,1.451239859863573400e-02,8.866344155068350830e-02,1.137103774063019657e-01,1.228081088394770148e-01,9.392482951335789920e-02,4.398489928768789525e-03,2.715825724187403978e-02,2.389868768869218840e-01,6.487292999803973004e-02,-3.174059212016278053e-02,-1.018858622990670426e-02,-4.354760252480982530e-02,3.707295058375326136e-02,2.280177643283476385e-02,1.315021651034253836e-02,1.113607299794159289e-01,1.117249998922442700e-02,2.592434349307639607e-01,4.235014680849857882e-02,1.722647873617955128e-02,-6.756665306288489603e-03,6.624030606339115224e-02,8.418088161480596909e-03,1.847768638582705236e-01
4.681589270283215143e-02,2.064336967762674391e-01,4.058630672212526491e-02,5.652901958547840167e-02,2.317078201569344742e-03,5.157180492848656428e-02,1.434163106517161168e-02,7.988350507523556132e-03,1.906024088307756159e-02,3.410388045326229189e-04,4.753738673243468327e-03,6.155061151564389377e-03,4.055024877813728779e-03,-2.924609381543596953e-03,6.667734926050883359e-03,6.904357360337343152e-03,1.213117468542357358e-03,1.009130266700353218e-04,-1.247236980272070639e-03,2.531524916844229978e-02,4.517572430498439928e-03,3.664841161831411398e-03,-3.625676555491175179e-03,3.570165941324265901e-02,1.647090211435919826e-02,1.526172154692018168e-01,9.591426134745617560e-03,3.207398753800383417e-03,4.072307942155184435e-03,1.611044514488568780e-02
4.012019109729925148e-01,-1.799603047868814087e-02,4.043111859387265028e-01,5.309789619247773373e-03,2.497992345724675545e-03,7.373271464425457111e-03,2.771343858365860058e-03,9.493646900523966536e-02,7.797709054220725022e-03,3.701198163620578185e-02,1.726989195116601650e-05,9.849327997744516949e-03,-3.331839328319929905e-04,1.202070347264241335e-01,1.223609142709047859e-02,1.160677656641144750e-01,6.051377108403421801e-03,-2.396713590728793974e-04,-9.385181628740468796e-05,1.620513162104852967e-02,6.656270721772550303e-03,7.581855505033097131e-03,1.374083806810233455e-02,1.771581150678347427e-02,1.725875507431240408e-02,1.275739641993096640e-01,4.579408359584036248e-04,2.632871621438326315e-03,3.567340332296620176e-02,-1.914092575879600133e-03
2.055561045799221276e-01,2.448228832838097446e-01,3.605977801145021644e-01,2.164204617562752730e-01,-7.503905027904522740e-02,4.099374387532783715e-02,3.909275641085701025e-01,4.093069562087325863e-02,1.356155385049602202e-01,9.836381496049906303e-02,2.705192457857252819e-01,2.284412548100966944e-03,7.558520863254170052e-02,7.663580825454996415e-02,-2.736757079140339499e-03,9.927950781937955327e-02,4.301356799829925137e-02,1.830727278777644074e-04,2.571365966524830071e-02,1.023479596813512416e-01,3.861281453572118494e-04,1.108368749229011740e-01,3.245611616148558198e-02,2.397123469404682794e-03,7.501074952965947062e-02,5.345669761550375654e-03,2.347880247880862470e-02,-9.877008969203515676e-04,4.565959660465246372e-03,9.261446309879950434e-02
2.368002334249741381e-02,1.370839171142090862e-02,3.444393782102572743e-02,6.819315338491556133e-01,1.120250166563634409e-01,9.039259273437671993e-02,6.063587482324273026e-03,7.537143606740670521e-02,1.694939002473132561e-01,1.145093795436356032e-01,9.208101331148199620e-02,4.190488978786977015e-02,3.269800492944714421e-01,-1.133048012057713549e-03,1.109063571766100154e-03,3.710206431926454940e-02,6.545477868831639512e-03,1.601124532004245538e-01,4.271007549032646011e-04,-3.109741798141385516e-03,4.003970862737737946e-03,4.198096592283118156e-02,1.389816379132113866e-02,3.056594356937303303e-02,2.472243507820790498e-01,5.129630200833368292e-02,1.697424877930764353e-01,7.855126052153771354e-02,1.138397112317690585e-01,1.207244510172067464e-02
6.054229506011061801e-01,7.132681458424015020e-01,3.925840768760711086e-01,2.918474606087784196e-02,6.189699504160790511e-01,1.420091915006516103e-02,2.072668274341804562e-02,1.146464044521522396e-02,2.005617889472395277e-01,3.021990716356004469e-02,1.367543561838342470e-01,3.468448069602292350e-02,4.990214761400935117e-03,6.820583847471795025e-02,7.858524191837812367e-02,1.904442268509818348e-01,8.085726614131871770e-02,2.853334821253472597e-02,1.790891893129646917e-01,3.997721185044600389e-02,2.179369342918846542e-02,4.667743178392136372e-03,9.631140132925430919e-03,1.333437262856218553e-01,1.393791703130808912e-03,9.612536160960161169e-02,6.094702415749608804e-03,8.269282068382288742e-03,7.245854404711415953e-02,1.702770246061824366e-02
1.470186543380380684e-01,4.471211411739339781e-03,6.787913976431303453e-01,1.337244554199834567e-02,5.031678457230626123e-02,4.591291676074860106e-04,2.448829386185913393e-02,3.807272598786237694e-02,4.495256524524826602e-02,8.962258395900590813e-03,5.496209952251440711e-02,1.672210827997764326e-01,9.000543128692051198e-02,6.674114353605631322e-02,4.231739324327143947e-02,6.612023994967231033e-02,8.345455559373693433e-02,4.560711931484640047e-02,6.039836212057281273e-05,2.099407651270368547e-04,1.292993915881623934e-02,2.229001533136099056e-04,6.051052288655611733e-02,2.806983456465594884e-02,3.716798177589186736e-02,1.430045897020733037e-01,-7.305695354338226366e-04,1.657617062074185910e-01,9.394853105799683135e-04,3.539024952827025672e-01
1.539384728474235686e-01,1.291495317390074504e-01,2.274532785035443538e-02,1.006386254260061008e-01,6.069980574507853888e-01,1.048221287327422147e-02,4.171405790643234468e-03,1.126552530615931857e-02,9.772709222364284187e-04,1.630377067679944503e-02,1.273017915863583482e-02,4.851086474140231530e-04,5.325874509972905457e-03,5.241218072978792719e-02,4.816320529577389209e-02,1.895280324674075700e-02,3.574404878418313558e-03,4.731790120402479261e-04,5.127902320154653637e-02,9.881968242580363437e-03,9.486779073777462656e-02,9.729713124650984923e-04,1.861431786297096380e-02,8.506183738763439806e-04,2.244868648260123223e-04,2.767790582752205353e-02,3.550074453507079397e-03,4.358837425687767109e-03,1.496186994692738637e-02,3.554474641457794348e-02
3.777117061768731077e-02,6.054091067363831513e-02,1.903511647968088027e-01,1.019161026450010610e-02,1.321977334340402876e-01,9.051787219571671983e-03,3.111829792398879135e-03,1.181865910019297417e-02,3.538253334050533994e-02,6.228146397570721859e-02,1.037659635107175404e-01,5.659951958344855427e-02,9.122954948512784767e-04,2.468103421030853895e-02,1.911453071751489929e-01,4.893695000319553401e-03,2.258189312587379760e-01,3.629412912191121166e-02,5.855190560585477044e-03,1.298883200742606547e-01,1.130064611220209514e-01,7.476053242181812664e-03,1.047077080024578777e-01,8.241732098873910672e-03,-1.657798166094792691e-04,1.364502379530563303e-05,4.175202273179756673e-02,1.451259850359942760e-02,2.658244224495920349e-02,5.108570194344608240e-02
1.345209615382056967e-01,3.412674846208396673e-02,1.261260326669866316e-01,2.870129698550982766e-02,1.728408246445489738e-02,7.166420341438950459e-02,3.859092568963262693e-02,2.731099572492468042e-02,3.810437393678256512e-03,1.225206593764838203e-02,7.573446646928161385e-03,1.557106605424962709e-03,1.176742921085036642e-01,2.941534823376912300e-02,1.488613032197605435e-02,1.984513027585954603e-02,8.846072084624978515e-02,2.428501316813225230e-02,1.633465873533523904e-03,1.521064272044014842e-02,1.686653095994827822e-02,4.992521588601306348e-03,1.430211827676153291e-02,6.153664522621227206e-04,1.272446531112487733e-01,5.641163914645730415e-02,1.637802988295078421e-02,2.063756004870853644e-02,2.566651680133702484e-03,4.089267232897597637e-03
7.563840260284635519e-01,-1.756151609251155321e-02,3.765510926755855081e-02,1.015679150172310585e-03,6.894723946585834540e-01,9.806939744168019502e-03,4.020720189733673067e-02,2.009069378680727880e-02,6.585914496106060056e-02,1.204476656829100989e-03,-3.121274774896320992e-03,-1.274528455928347626e-03,1.531206423368045577e-01,1.658491056693467414e-02,9.533841252479469119e-03,2.152890885868474768e-01,2.105425600509329698e-01,2.108877359379857097e-02,2.742975884049947410e-02,1.000020409737611971e-02,8.265355905516535984e-02,1.393661278815727655e-02,-5.345169051906850655e-04,-2.457359679906723215e-02,1.213384481221524425e-01,1.738574500762890551e-02,-4.303919574204506659e-03,-1.194408940243008033e-02,2.022632731696525354e-01,3.307551787552043265e-03
1.299553992093116506e-02,-3.129864920315927890e-02,5.297072730153127296e-01,1.635931806450745540e-01,4.200407369652126022e-02,9.664591342587058875e-02,1.034131897190704308e-04,-1.242354513948384920e-04,3.016731002224606328e-01,4.956195533897567174e-02,-1.959589725295529661e-04,2.575953934981001225e-03,9.286255863685255463e-04,3.910737460875779448e-02,6.168674872224499950e-04,1.231285385151137390e-01,8.720475797437998722e-02,1.055014874123498814e-01,1.487345892906537514e-01,6.321947247692527583e-02,-3.589920557827142034e-04,3.316517253778350494e-03,3.663355149404257105e-02,3.461088063445529883e-01,4.035641708222676982e-01,6.413744061712023381e-03,2.983961083608654974e-02,2.969865264210369560e-02,-2.359349618565431683e-03,7.449249931398504998e-02
1.211788518109484514e+00,4.443418777142866816e-01,-9.546288440200889625e-02,-9.555897482036179724e-02,6.651698500184650698e-01,5.020304491065274988e-03,1.413757295882156484e-02,-1.119786620645157882e-03,-2.783198731151514949e-03,4.169099222526551074e-02,3.354044538731670855e-03,-1.728859205550214995e-03,2.199842684225572498e-03,7.963831971505364038e-02,-1.350761799890243253e-03,5.602166152697218848e-02,-6.102239101579698399e-06,6.475460336625893376e-02,-1.048736219523505042e-03,-1.855106545335161172e-03,-2.272072026636706710e-03,1.169044872254154654e-02,2.626655160889699303e-01,-1.741758082669520036e-02,1.478219037075856335e-01,4.804415179472165676e-03,3.583836983771764295e-01,3.540999043771364541e-03,1.729339929214823712e-02,2.228187128716569987e-01
1.197506341108667272e-02,5.146586443036369474e-01,1.596496723845204357e-01,8.304356705073168143e-02,2.184404629310243706e-03,1.427623222301042105e-01,5.132088747429541797e-02,3.454399883090397694e-01,6.379943940785004486e-03,4.835327103798192638e-04,2.338040355359316536e-01,2.161499878890449367e-02,6.664222903659222652e-02,1.504028619991482074e-01,4.478871674932882740e-03,1.909329391665082198e-02,5.044205217546338105e-02,8.316801618765712334e-02,4.474550049619274716e-03,1.504651419917824029e-02,1.961355354645686333e-01,3.985364551840397951e-03,8.187532994978319323e-03,9.996925354687924425e-02,2.151880938417614075e-01,2.543091674498398902e-04,7.949361193020099137e-02,1.080271572056368257e-03,1.017418662361091464e-01,2.645760989991963186e-02
-1.841729303768246950e-03,-1.160689557025307295e-03,3.003778343136964679e-02,6.100725790632388623e-02,3.479010160812476826e-01,2.440961058097546044e-02,-1.822233783762783332e-03,1.169798896288654078e-03,1.911343307931012703e-02,9.735646348557835950e-03,1.309463274577549186e-02,1.907874336398878157e-01,2.072378907918448476e-03,3.623608941673239769e-03,5.712993608813832225e-02,5.247748515682317816e-01,2.306936967623407497e-02,1.087397617521723703e-02,7.317900385910292016e-04,7.221097288638667067e-02,8.707516752348709588e-04,1.413017131285148054e-01,5.964710656235538977e-02,2.434149777724137209e-02,1.177982575626472794e-01,1.845929450370347169e-01,7.869950527199343071e-02,3.322336225441180346e-02,7.302113506508955965e-02,8.727391005170836991e-02
-1.517842371653443934e-02,-7.299652086248453742e-02,-1.501502570683665994e-02,3.523488241042818103e-01,-1.803481932283457212e-02,3.723922481134955831e-03,1.646880378283199775e-04,1.613447119741451274e-02,2.572410846985917487e-02,5.561894416992707590e-02,3.877764729221411244e-03,6.291238483137284732e-03,2.615867328763066268e-03,8.522180722505545702e-03,8.246427490115060266e-03,6.220793209455344197e-03,5.096312973761651932e-02,1.740080249539044388e-02,-4.154984588682353319e-04,-9.936250877425223393e-03,-2.144916945580277456e-03,3.197012580056579623e-02,3.462973030218412518e-01,8.019763872169960450e-03,8.201091381663694335e-03,2.044230777830335910e-02,3.041314166714581546e-02,4.015873205071684993e-03,1.611392931536226314e-02,3.292368228858677526e-02
7.726089517939893625e-01,3.689045510434985076e-01,1.299298812450855323e-01,-1.388264951854356610e-02,-1.911375427293027229e-02,4.613836258108161559e-02,1.256633514527027984e-02,1.092354009991858277e-03,1.059154263045769540e-02,6.661264673378575196e-03,2.184055455891176223e-03,3.325326026680563984e-03,2.636471167328124920e-03,5.644773028633576217e-02,2.357327124584251976e-02,1.467825798790505232e-01,1.541358437566797690e-01,4.487138362344378351e-02,2.430931382638679139e-02,4.426186865456482877e-02,4.221613072642060871e-02,1.592966878131134578e-01,2.380342941571544912e-02,4.033984739845131173e-02,7.058200964690009016e-02,3.257470212869328918e-02,6.758304664282732688e-04,2.154666410171905966e-01,7.280015601650369206e-03,8.026525026505026972e-03
3.274309890879756324e-02,2.194579329346879604e-01,9.106622622335702744e-02,1.940357547817050943e-01,8.747686694941538832e-01,4.200286487439974792e-03,7.826242254846960122e-04,8.505114109524924970e-04,8.777292219690480124e-03,5.423552721062385729e-02,5.884456329033138644e-02,4.795627224051024484e-03,3.000864895077448580e-03,7.380834605833719309e-03,1.636482153011442620e-02,-2.805419816560572599e-04,1.139574547125441484e-01,8.957927362729378729e-04,1.174319378373311906e-03,1.424941213655621652e-01,9.046929293313077380e-03,1.554660880611269391e-01,2.310163504147766389e-02,7.021450952480634555e-03,2.790764737384066052e-02,3.896042048300518701e-02,2.818996777117277475e-03,9.271285937026974011e-02,3.196728198999387871e-02,4.145126979009461365e-02
7.301513108154047416e-01,1.920233755818046006e-02,1.822773515775804043e-01,5.886368657283203021e-02,6.641782183262812111e-02,-2.708267133399999693e-04,2.491827714416139372e-02,7.670664608421695618e-03,1.362252563868704414e-02,1.410645005074950831e-02,2.820879917838148288e-02,1.960805804701060140e-02,7.079235472450928768e-02,1.288676587832426890e-02,1.443442484443302476e-02,6.965713242739735023e-02,9.018151363217263849e-02,5.088242269208009816e-03,-1.137750759250266697e-03,6.036696503687100090e-02,2.044635880622358570e-02,2.152854632671008517e-03,1.019705435623041723e-02,8.747463162726010211e-02,1.328069030099694459e-01,2.160223002730266018e-02,5.794073974282554218e-03,3.880159081102618757e-03,3.993162361562330176e-02,7.394886686336477055e-03
8.422953808322075631e-01,-1.269787342118977591e-02,7.178626275577126847e-02,3.378860923610371714e-02,1.034113478293654076e+00,6.815524380208159982e-04,6.046099595710430208e-02,9.075281821435687846e-03,-1.881523058504974699e-03,1.844552839972024572e-02,1.284517592006864106e-01,7.403795302085569574e-05,-3.530279469835306827e-03,2.328866634107029654e-04,6.413255890568070328e-02,1.003650069770207764e-01,2.801337215950105985e-03,7.536386325257105057e-02,1.826283535914363654e-02,4.656542817712328031e-03,3.772402109112782398e-03,2.925853515573173524e-02,7.809026631131033014e-03,2.214028990050209700e-02,-1.362584751587014864e-03,4.702141258037251248e-03,-1.868619607428456675e-03,-5.046076431932000617e-03,3.103920070423704658e-03,-4.027942192697864243e-03
-7.255692562194759887e-02,-5.055530082413284276e-02,1.773920082649054208e-01,2.157887094562370933e+00,1.293116483615186496e-01,2.576798746296482534e-02,1.788170545870215733e-02,1.025221827320015322e-01,2.197878679825748804e-02,4.866938879757309877e-02,1.211341949892918990e-02,4.038245946170526679e-03,4.207999376063131791e-02,2.379582314304684587e-05,-8.460845435820374405e-06,-1.390944446023922865e-02,1.305637825387329087e-02,-1.568172172961901367e-03,1.724663695341632774e-04,-7.446240561392869495e-04,1.652799023755742169e-01,2.912699950570996066e-02,3.752069992568607404e-03,2.557405986217986538e-02,3.354507915075908286e-01,1.710052352018021082e-02,5.265484800844344448e-02,1.135817855232446050e-01,1.255757550186453742e-01,1.574266756935216449e-02
8.762255424620590816e-02,9.234444345401922050e-01,4.714718906112072005e-01,-1.373602697573428344e-02,1.649216073619133027e-01,1.337016787539369034e-02,4.784306821009991495e-01,1.006395056319897563e-01,5.574428376031548282e-02,4.021009012963716600e-02,5.312948312301557507e-04,2.745039136653470990e-02,1.621378343925918841e-01,9.959730750822792800e-03,9.442178456966487943e-04,1.736974250213485504e-02,2.276827222173505305e-02,3.103714333792151336e-02,1.165055243918784456e-01,7.983050236301636460e-03,3.376043096912084707e-04,2.102823823184785113e-02,6.017835499734225380e-03,2.306978570988604815e-03,4.312064072601806686e-02,-2.004475645572156850e-03,1.161569160419784197e-02,-3.912092952331747142e-04,3.581685845398254742e-01,3.669299937238701403e-02
-2.391021945584448360e-02,1.798868857891910977e-02,-4.414511113322916458e-02,-5.058982786065868709e-03,-1.407530093391340387e-02,1.239370967145880797e-03,3.762805772073374300e-02,2.028210647118742216e-01,-1.437985532223073903e-03,-1.248698602704934046e-04,2.553500080951565110e-03,7.455547497614922747e-02,2.921845332794781314e-02,7.518544692875650526e-02,4.281777298866451531e-02,3.520262587198175197e-02,8.276556302808835142e-02,9.575791412131096081e-02,1.655330509101453629e-01,1.045001294090566191e-01,6.797329248642292043e-03,3.564378586078831290e-02,5.999576753650259775e-04,1.031307756615973403e-05,8.690895096904682759e-03,2.135910926209660943e-02,1.795651951050620809e-01,6.124557248620998706e-02,3.716716163094542225e-01,1.309897262233583604e-02
8.152786012498580703e-04,1.472134025335858354e-02,3.641949099003554124e-01,1.677182393948344341e-01,2.488831307844883156e-01,9.382861882256676722e-03,2.016693134456026826e-02,1.207534924644004803e-02,1.332157458735494515e-04,5.928919263542553608e-05,1.831390169337332452e-02,4.559628274665605829e-02,1.632006657358076041e-03,5.011641143381595498e-03,4.780660977234241216e-02,1.937848373949968561e-02,9.931194871978910044e-03,2.520203137137588811e-02,3.390794252906559336e-04,1.450920179643766517e-03,5.447588508542011709e-02,3.371577751511622978e-02,1.919133230135372514e-03,6.867171054425647014e-02,2.014416219702637179e-01,1.559099380999136031e-01,2.229971872506109065e-02,2.841949559350176457e-02,6.631829986147863565e-05,4.406610611772165953e-03
2.187648503447903181e-02,1.423730264384026611e-03,1.602489173779824583e+00,5.277148164329936719e-02,8.537584080131388475e-03,1.203504223466742573e-01,1.756572725160054915e-04,3.393411196170426081e-03,2.952737109807124227e-02,5.006281516340749249e-03,8.236410680793149197e-02,2.512739867816726758e-02,3.762567277028949775e-03,1.309819892448693679e-02,4.157774566688487994e-02,1.006230033199528862e-02,2.996417145807228621e-02,7.137978332817862537e-02,1.290080308462826508e-02,4.863558311980042959e-03,8.154240823897751511e-02,-1.137870658937778501e-03,3.745822792437536464e-02,6.227290651213479578e-02,8.878485293825644220e-02,5.208701243796021174e-03,1.705315169649423979e-02,3.241764288807225114e-02,-6.557054675848661418e-04,4.663067912363505485e-02
