2.269991670066656,-2.35656556335218,0.1419960695901663,4.438826737736303,-1.223395935619451,0.013051285351334978,0.043465363715308666,0.4894762052389108,-0.12893750056344636,-0.083410369351296,0.3450411436513942,0.6431423064293207,-0.4615012111969862,-0.1412480761768675,-0.7386923106887607,-0.46672243022396703,-0.033842104982157936,0.3887309494006526,0.7112490117907562,-0.29116644171155986,-0.15718475640489776,0.10228221456861979,0.46994468549284746,0.2408146276982334,-0.7070955030230306,-0.26162801407893643,0.19566263744631524,0.17504167119641723,0.4685140850203074,0.012561467288825545,0.24070580359243968,-0.4677006360571325,0.983808244987049,0.5208645496184876,-1.118429393744562,0.7599163156674448,0.11737854456252944,-0.2619568490670832,-1.332866993860233,-0.2946533237053333,-0.48727413381622936,-0.15559684026163112,0.9167460780304609,-0.2645727848534408,0.15245113385995984,0.4555037942902588,-0.39822836240915144,-0.17104373373850923,-0.3481396198988215,-0.034305321889766545
-0.9254773722550658,1.0925417256640606,-2.7500879171388046,-0.4068375792289256,0.25994438992850133,0.4041828940253931,1.1212330682953597,0.677700821968382,-0.025997196832656628,0.05623691560147276,-1.0759260595035534,0.8511781412341642,0.37449045163279665,0.036864260967629736,-0.35267605808548314,0.09027326071520693,0.4149253970041433,-0.9753733531558123,-0.4340100484125211,0.5480376981117878,-0.15360817607850044,-0.26983446897413466,0.8524620572977324,0.43315463275454447,0.27103695259725374,-0.16461351672402882,0.03590742726215481,-0.1878163656890665,-0.0904062052033047,-0.7265903000014569,-0.5695260653740406,0.03324418899681977,-0.33142225355822363,-0.3573745005026534,0.37215310133110896,0.557066420924194,-1.0374639986177625,0.37167085349959217,0.3790482207758538,0.013795533806858048,-0.04691637568708567,-0.5296846746398339,-0.2929204927036603,-0.8223848357283313,0.5733051763250668,-0.15558696883881648,0.15363739351615488,0.30106072411964574,-0.08550396181844819,-0.4519924670968529
1.6061218911287296,-0.9187471334578006,-3.50519982747639,0.21674927999145757,-0.4116780596412412,0.45180694976461216,0.27835103019280294,-0.10502868082745809,-0.05328304531260582,0.11389191043945332,-0.29618474962873725,-0.5622219437992915,-0.12847105211223506,-0.22738814642763586,0.9738667009915966,0.8112637548617099,0.07343163108108126,0.024159903764516818,-0.909058207308736,-0.5110710132960843,0.037631402126948044,-0.5681012070284652,0.49106151321081914,0.06386569736455469,-0.27712689075845054,-0.3166373492326532,-0.25879599975367895,0.34345122308694126,0.2792414671312837,-0.659831636404636,-0.185009076722155,0.44508280114160675,-0.1855342677690831,-0.6477237248416524,-0.508787613387732,0.15331207228346358,0.13841317216519966,-0.6182748942721581,0.8242931502428783,-0.18825675594085384,0.5656327221844529,0.0816605988234324,-0.13266720267856405,-0.08299583009112745,0.18966388782216542,-0.06345344517413369,-0.1639039641742381,-0.10073836669137082,-0.575265438740146,0.39378566644095175
0.19792176183456128,-1.3594744853163223,-2.580656442141329,-0.8519132039074102,-0.08847965709347655,0.5909937219629672,-0.16812198850983334,0.14426503414384292,0.3907986183120076,-0.3276410993217162,-0.003919459128441033,0.4872546973362706,0.05836035347797426,-0.5432227052209373,0.035111166581178806,0.333204674199282,0.18522324207933782,0.820325351622338,-0.3222764714410318,0.3605217722167404,-0.11418555650864276,-0.24738061536112588,-0.03213570989868994,-0.07795464398188982,0.6827764455107511,0.020678829421065886,-0.7364470997049234,-0.29187962308323107,-0.6415141144017238,-0.8412289392993046,0.05174284463670828,0.051208736752957396,0.2601031203538022,-0.001159287482999375,0.13812879732001676,0.3307083280768926,-0.9840562680252616,0.29812351926458674,-0.03941141883209033,-0.8979383700322358,-0.013334114935019372,-0.2959071617457193,0.10795146069647404,0.05366295363417225,0.07563789165945752,-0.19148253144977387,0.37472213332505705,-0.2606198960752207,-0.2164825609339651,-1.0287054374478364
-0.9805178406772528,-2.4600144395581416,0.3376667439839977,-0.4926996595053743,3.806642369308112,0.5330158198434004,-0.18896360176279953,0.48172858455011053,0.7302330236980719,0.9172006925430182,-0.2870138076330644,-0.47952210019581826,-0.05843056589817511,-0.0677087672299511,-0.4881379476937401,-0.17638788569205793,-0.002322734277246313,0.04755542047391368,0.30931735559605805,0.40097675376653064,-0.2727934870769418,-0.6115086336901769,-0.02513059988093709,-0.14486473330718275,1.1136044216344894,0.43001803390633714,-0.3603538627097127,0.22237340870422356,-0.08356725338556666,0.38422331925031156,0.20648435331917542,-1.233609804211349,-0.578489297588659,0.3247834279033899,0.3138555869974142,-0.3727496001466346,-0.5627101916956565,-0.2750651393175444,-0.1891782327407146,-0.16736146526986698,0.4970956639703891,0.5959376234130942,0.230092756494214,-0.23543149220051987,-1.0361931349491722,-0.4286382789579667,-0.1318781378630291,-0.1970152446457073,0.07980042715425868,0.7283658475420949
0.17977013737100223,0.4137771695896735,-0.7218662871069548,-2.01657150785148,3.407508580482342,0.5638414094032906,0.014890809501866177,-0.499279260274267,-0.15460598880425577,-0.11160178890557446,-0.22961539616682353,-0.45293068469247766,-0.12381060893305922,0.2291249628573166,0.09665738007900838,0.6083441720810628,0.060588691462759095,0.43349273814218964,0.13913836222433254,-0.5723371772013625,0.7704929823260392,0.26374809688858647,-0.03722978662885388,-0.09647328110013503,0.5682895299787225,-0.20295079584203413,0.11454523031869474,0.8377985506973584,0.33336645462036985,0.35633796259459033,0.21146682774594458,0.0034926412342414196,0.025661533661843195,0.06876941348805277,-0.4809309797746721,0.2327976053261227,-0.2337324817955886,0.529621992403896,0.5221089104574675,0.13303765411655968,0.0317472498293105,0.05455694636181994,0.4936356854449215,0.8258148720813848,-0.6194137446830578,-0.3043551107713096,0.9619967837844897,0.08230558991605147,0.27978055004941,0.37631151437751603
0.5374127006006765,0.8486317170297951,-3.050270813879317,1.3118448233085664,-0.21486186385130865,0.15206103462847023,0.08610194398004126,-0.2081753551182003,0.32910294909553695,0.3748389769448929,-0.5902902277869949,-0.4242036531258609,0.12966405779137827,-0.2954971335661909,-0.15260497910796667,0.42642059680542116,0.5356721931966368,-0.33393804909650293,0.24130089344747635,-0.23669709163168884,-0.8169111988053048,0.025094189873535643,0.058828071271408926,-0.11539183488032496,-0.03225834793795182,0.5538894008232349,0.4594136781646913,0.18577596125059745,-0.3860680374243054,0.20232002564790028,0.09688936529775102,-0.004102474161017652,0.004929509811306284,0.3470913248243932,-0.08170176926870372,0.40592572162731594,-0.18967569646081317,-0.456462480114298,-0.4333028288931193,-0.21689892119288898,-0.27246918212622145,-0.14684354829043067,-0.0561983202107402,0.3746017598162899,0.2952686775680544,-0.183057517092836,0.30751073476337987,0.18992656532694518,-0.1785763877776467,-0.24444001618346956
-4.323007806095901,-1.0159745924877894,-0.5399626508852294,1.8608120294146366,3.7600049459427773,-0.820353556147005,0.9277658662344352,-0.4173991867050959,-0.6699769021416492,-0.053831796969153,0.8849842596771943,-0.3175769052017928,-0.6594486417157985,0.6519191535572649,0.27579628945856816,-0.5801511070159052,0.6590579680364399,0.33825127583492787,-0.31659961277823767,1.2133940953662588,0.462256480183505,-0.48236236390030207,0.6187943372076677,0.15981300901429996,0.006064947926910234,0.6064389136680115,-0.7782331198936622,-0.32938692761377514,0.31450600367405135,0.7893077682328361,-0.309432082294999,0.048790253037093716,-0.06205781798223318,-0.17343471133863533,-0.16854301332209595,-0.0772360220180609,0.4491610532991994,0.5672773414187858,0.5241663441479157,0.6372242969165899,0.395633403842514,0.4634399455994958,-0.3287861996731895,0.09344802219335904,1.068533138599177,0.5975580626806638,-0.07009885762577565,0.4932701282497663,0.8864487480803271,0.5624618343602168
-2.63591475926552,2.5262413341927537,-0.3764530957006542,3.6429149361997615,2.062625136989758,-0.3967095971959462,-0.4545894667135879,0.42963523594094655,0.24666818824012168,-1.0076665139398056,-0.2179604623714759,0.03821424275155813,-0.2153865701922926,0.1605693271898247,0.11639729892652272,0.7077941161703446,0.38210716441239373,0.11843091396479291,-0.33044613993430494,-0.41503629580408496,-0.2447882358867543,-1.2401199982601177,-0.7364961196332376,0.3029356918854084,0.8525400586721872,0.40788874974233397,0.18679555946387472,0.49120803972124355,0.5185083246176034,-0.048206145241201,0.09727086159447604,-0.285118075969367,1.1444618520994456,0.9345396287433249,-0.26015775063693025,0.5096576054696317,0.40807960715323277,-0.16597917839115822,0.2736997601830208,-0.5001548811250112,0.18473611603238638,0.09895914108227673,0.35081773865616467,-0.12876353686919298,-0.2948164072642859,-0.07747717443837508,0.30708267182383275,-0.1335809939927396,-0.6781241681223671,0.34740375093425835
-0.13205005498144812,1.0748333750068246,1.140327901050251,-1.4254495517550363,-4.830405916663199,-0.22293422301953422,0.36911653090458957,0.21873065491280824,-0.49152731825866414,0.21504428263781783,-0.6024755709966675,0.1403115901774678,0.4134680910318468,-0.2034950006927614,0.12490998404054042,-0.7067627852723215,0.11425460629835571,-0.24781408007309955,0.3754133328288814,-0.14285064120695545,0.4773604368566043,-0.0667249000088155,0.7236151273068276,-0.013299479254517414,-0.4635856654211968,-0.4095777331666407,0.049502451646227796,-0.22378446910247032,0.04833318718445618,-0.42682504232966567,0.2778546703221494,-0.8396912740965974,-0.5467804411353931,-1.393641045434988,-0.36804313682636897,0.26074887242943184,0.4626748604121803,-0.07825045133021645,-0.2194599393398596,-0.6166902451975825,-0.2638530049835477,-0.054844312093317485,0.645413125119967,0.7115767188026998,0.57405194560092,0.4282402932739484,0.15682110378851247,-0.47623566036040077,-0.06614629680114603,0.15265819045996523
0.21510968010553014,-1.9554122594901555,3.296732504349428,0.2672708810071096,0.7894529450269475,-0.17499821895258985,0.02982898686302085,-0.18117491067304692,-0.3153242387536514,-0.8039981301506827,0.5725693957314255,0.15960768216611068,-0.13933345425156318,-0.2637300244371451,0.4048292003224737,0.38342813888584554,0.4041720417219245,1.180186009544072,0.25372832826125347,-0.4073157764738106,-0.2735257574157568,-0.3283873690430468,0.05198304550297034,-0.25777530400094506,0.2167213384317248,-0.2595592154848158,0.18611123164632437,0.3964560952990356,0.26453105261048937,-0.2945096899115682,-0.09187777958138145,-0.5281302677464907,-0.5530724491758942,0.370486912672435,-0.5946233528880845,0.06235236928215899,-0.12366387523422058,0.16647405458534295,0.05579164463458682,-0.40063066175145123,-0.3776286657245498,0.552212029708105,-0.4578992308088232,0.5737969262440717,-0.7578057130783723,-0.03202124797642466,0.21688777105432308,0.2151585229969675,-0.6595079615895272,-0.6991120215240907
0.48116405022772835,-0.3572643963452071,3.0046415798305808,0.27227318266017075,-1.696361662970661,0.21375522928072502,0.03570157932371288,-0.599823547738563,0.5265220406122886,0.5085853974770942,0.7200346466161467,0.6441870361297769,0.3531509519969395,-0.1031032266235853,0.49598652806479804,-0.041947521533196634,0.6333048313995125,0.425273130573711,0.4572309636697643,0.3157123177349898,-0.4308917754926249,-0.41197311067027403,-0.4829567171993169,-0.029297433227204635,-0.20424198929901735,0.42964807845481645,-0.29494742720457556,-0.6643592449854466,-0.8387507514037313,0.03885607598424753,0.7724830208437891,0.8415224651544044,-0.7221296101582397,0.08309767611790568,-0.379446096190363,0.00341193299337562,-0.24816888291048544,-0.3612999804136407,0.030716631763718683,-0.12103267946308748,-0.19382932104154935,0.1389687711003713,-0.29192816526666926,0.01711858601260824,-0.6271436461371229,-0.7669374051250373,-0.0671776464690392,1.5769336486879115,-0.1736589837035106,-0.1709523073003364
0.8596078125092019,-0.6966424642746932,-1.3121503214335133,5.025807419180641,-0.020346588820766842,-0.5287298437049706,-0.13977964500048576,-0.44338660794063633,-0.7911374060066853,0.8463153328818164,-0.992693278742743,-0.4221453231212365,0.5754381163220673,1.1259456533438825,0.2740121875419647,-0.9548038177751723,0.19839636462250843,0.3764679445953832,-0.1005633553288317,-0.36440453644677084,0.2217750926441172,-0.12865119842646375,0.35122728252048535,-0.08902472807958937,-0.2850231498802553,-0.2526944142273525,0.5277742963112715,-0.11352696364827654,-0.058147469415747444,-0.30170507178997097,0.13236238341202003,0.3188026404427159,0.084949912729334,0.5475771507731368,-0.14578892252072048,-0.4128484878240072,0.1461070400367205,-0.7503346183692747,0.8670500026811401,0.5900788141407072,-0.6895324534993056,0.5488337028183542,0.12279887071634189,0.15643349877684146,0.07932160455354866,0.4923968092460441,0.8143510122366935,0.8547556389286634,0.3224369458795014,-0.24461527841198136
0.23988879243047623,-0.29852576543770426,-5.405689535562204,4.887744356804529,3.0009732128838964,-0.5880784294217342,-0.4999218658284682,-0.14342894866368702,-0.5351351819271282,-0.4249355997352575,0.4976062600270852,-0.549304585506357,0.6231035459864539,0.27314363348056603,-0.7822881635597839,0.04620800495982282,-0.10324114553342369,-0.08609902496961395,-0.26006709796847827,-0.3413269241880891,0.7817488539238597,0.048727133074454906,-0.6154996516955722,-0.4114976245884427,0.08169074737225498,-0.34316130958432034,-0.36409995826044156,0.6404695953829079,0.4436523282824883,0.2631307651787688,0.6534841520861732,-0.034587562754674006,-0.26952655840271394,0.14463522060998113,0.20740786234432906,0.8321070654666172,0.1892527944870632,-0.26775012437145945,0.6595418129848467,0.4114941556075018,0.3725218943656937,0.7914109565840806,-0.16713604968040274,0.04785956003405634,0.21268924205752715,-0.1815820271677581,-0.41412297524351954,-0.0701017022172467,0.5057700826359338,0.49631699267113005
2.134360585087784,-0.0640083892874713,-0.2737492441498645,-1.9893713658458207,-1.097982509437442,-0.24519254391924242,0.10670121313659343,-0.5027499062906655,0.15953458785719507,0.5113796942574477,0.29311433311056484,0.5455485777992072,0.6682504797793715,0.582180693115453,-0.3491260556873046,0.18075106009763425,0.42378223240195845,0.0262651117748822,0.12257412901294669,-0.7001051538891879,0.5588833867381346,-0.03898364672530771,-0.801146755273077,0.09038413170281487,0.22955732900962258,-0.5935393259083294,-0.8743607544983343,0.14840532790214672,0.8647884913779095,0.06276763007271081,0.03271026455395959,0.366036720156134,0.5075902882005441,-0.9089966932944737,-0.6407124707705171,0.3909473687725306,-0.5884190504290254,0.13452423198910793,0.1262798187386749,0.2635267926026243,0.4813439570139207,-0.275536592565398,0.4894357026245324,-0.29533796036150456,0.036569496569763923,0.1822744397249199,0.5196102228419933,0.1402833824995133,-0.6565845031308157,-0.3071942166681486
1.0939975803820432,0.7523898806173304,-0.8933486518158569,-4.863511289709564,-1.7926378508738776,0.2520735186672298,-0.46164202939002047,-0.07727372634425717,0.5470443747491479,-1.018124548397911,-0.18776574108588032,-0.3164767512498261,-0.3447298259427917,-0.10720447086157153,0.7968932691317167,-1.048765203365756,0.5953765737071698,-0.3353486373939399,0.696855170948383,0.597330953099552,0.19662021870277122,0.31717263207197977,0.9821208252384623,0.23123867894710892,-0.6475339718694334,-0.348106634178081,0.34816251393256814,-0.9809122310990726,-0.32614566574111487,-0.0848595018964894,0.19807506129277005,0.11769607718612854,0.3879672291742899,-0.4164943414017246,0.6614081157061193,0.10168971838868018,-0.03880804332802315,-0.606951108822041,0.5081843879571087,0.6606041371431549,0.20649108009676315,-0.9117844706700007,0.3286685716537007,-0.3705083216869259,0.03291738562034577,0.09554465891260948,-1.0295738919278132,0.1937205408323109,-0.14898011128303085,0.17937294044106852
-1.1076206707204637,-2.1292192903029767,0.2571734272097264,0.37416291481655,-0.9388997722536215,0.3646786574426121,-0.08791553987330013,-0.36164308815649227,-0.30124494442472044,0.7579600015185146,0.46285563167907673,-0.05661612053529567,0.33579826669956336,-0.2349094542979944,-0.12968680956438824,0.3519855955496007,-0.3915134875230504,-0.282397243077356,-0.6131439924585099,-0.12359932486589491,0.06625116370144221,0.4092335983195735,-0.27037988144935493,0.49290957985961054,-0.07501789018687349,0.23435766913918082,-0.13317663705359245,0.07688828495381601,0.20316543081912367,-0.2144158942258774,0.5179798799447812,-0.00665588789684356,-0.23822322713956384,-0.923141945963678,0.026889623786920197,0.6302526542801179,-0.12758231335814318,0.4312880062529029,0.7472667871870137,0.5735688458687431,0.10336684155712916,-0.5924388178235245,0.25704537013241463,-0.0627450165573241,0.7400843660943507,-0.1530382594140194,-0.5627703320290469,0.3469110912395156,0.5341092016841652,-0.04108994979563228
-0.8517362824938693,-1.7260241160522736,0.2647486839743375,0.9350070902768489,-0.1056322218683683,-0.9143131639040213,0.09721297257304316,0.5452753766710386,-0.3928208039419801,0.2560187138066025,-0.15588033805815027,0.6707633142596462,0.6039040661814622,-0.0057178022022112505,0.0002450073578021531,0.1038194204954456,-0.31223664909033555,-0.8153875810565473,-0.21997550595723056,-0.15062970744427748,-0.15187117753805135,-0.45478852632853795,0.3810993043990009,0.26279752954841473,-0.21075916639682846,-0.12719229189348016,0.04318250139960976,0.5813307985036001,-0.6272655510393985,0.26407055022934245,0.7863151677304482,-0.24261345940061263,-0.9710061830452923,-0.2278214650997821,0.587086610505819,0.7467352123743657,0.17831871712000402,-0.16481733090691478,0.16595819119005117,0.2661229028999257,-0.02017121342660652,-0.4644876933913544,-0.1405682660897735,0.699036311600638,0.02148375028206919,0.07631798600536774,0.2816546840395799,-1.0632941514830803,0.4349374733914834,-0.06997938581457011
-2.346744412881042,0.13721724619195902,2.231752247006777,-5.393336392505427,1.3369655766244009,-0.16665905916750665,-0.3286549862239941,-0.13973853958507085,-1.1434642713608754,0.3035704836877356,0.8123290332444905,0.239415153145768,-0.4352049991177322,0.5123168145650936,-0.0329136709330916,-0.03031839505434262,0.2186627138512701,-0.6220113490620102,0.022176527821800584,0.03343580343670417,0.07944022009665373,-0.12086390339037077,0.14166597670972025,-0.2733606772764041,0.14991446811524056,0.2650099501161518,0.3730083873439891,-0.0811950311678967,0.2188915811613828,0.5528033832018773,0.5976639891225645,-0.2564512464366667,-0.10288467341142823,-0.09466545400762692,-0.05584629010341608,-1.0009110346324979,1.0866037671636282,-0.7641086199542968,-0.24564913687764095,0.18289575101878988,0.26776314522530775,0.6394956071017592,0.026268219583864712,-0.14849646355021753,0.38479176271298987,0.3554735469466442,-0.056363631925706224,-0.4018083867332917,0.4222158993024741,0.0273997530679243
0.6323928807886536,0.7042435865130083,3.225789885577532,1.696499364484713,-0.33729251706434754,-0.9156358805929891,0.001877705999573006,0.2323567487092308,-0.399742956153892,0.27475703939494106,0.20826687980949302,-9.633585040888092e-05,-0.6766580863622655,-0.4164031187236349,0.08241777757562789,-0.6983801488252215,0.6518219333488459,-0.18529591573175705,-0.9441299701645414,-0.8289264587159316,0.7892742835991553,-0.027804461654944827,-0.023751839919606322,-0.4185796461971763,-0.7212243013898068,-0.052381816824170896,-0.7218207611086457,0.3634694648327507,-0.09229580937695046,0.1585175636528951,-0.2764155193692164,-0.35191464742299966,0.04488670517284592,0.9600274361345751,1.0284685344119997,-0.04155664335711799,-0.44991909134202246,-0.4145501591635914,-1.295977548747819,-0.4493087259519256,-0.7025713768763082,0.5233473779646322,0.3520460536295029,-0.5373598201694163,0.2312204633609489,0.41059590835753107,-0.0569501659872415,0.8145814558833915,-0.21348966617672574,-0.04910114804780407
-1.1712664807147353,-3.226013201387756,2.4243125766194202,0.463975186076004,-0.10270761284299654,-0.15808965800575728,-0.8868191166295585,-0.5317257573734295,-0.052572724393513744,0.22124112803893348,-0.32836030104052055,-0.04434937077935611,-0.04635183316267837,-0.5535948639935948,0.5232593645826664,0.14294097045925921,0.6551272175768416,-0.8416922133837685,0.4625381021826332,0.09644963985109076,0.09628623419947056,0.40228633364091637,0.7245981904485175,0.14762250594051377,-0.569212845314319,-0.005966727255420561,0.6676348710165632,0.20489278674007905,-0.9963594205848151,-0.38841295232783035,0.5370163556957831,0.3919132990407373,0.15912669238425356,0.7029103065481146,0.2751257895533118,0.7352284633791889,0.033060146620901086,0.443256001285583,-1.221337672732472,-0.18543618178314522,-0.3608491781106513,0.6997606373246551,-0.12352022985874575,0.5136435644372057,0.6534407446695609,-1.1227477152083907,0.1263743167422208,-0.34318505737503696,0.0069062067271635314,-0.6891769939649239
-1.516256926492273,-1.0987937100851004,1.3349516866373488,-0.6339161163475394,2.1942205608030054,-0.11991315698071751,-0.5786936625713497,-0.6163824700519449,-0.5513412849350454,-0.047854881009552416,0.6377547231258706,0.5687329750654618,-0.7847428709028481,0.41096803255528264,0.02987681333490558,0.24125143348719244,-0.6184300474784225,0.5429761495263624,0.17376800454622382,0.139870429045509,-0.020323861226665192,0.09659665297845331,0.28317463570882956,0.6074432383483432,-0.09776263576609302,-0.42642914570720514,-0.5119693334265298,0.0548595053551501,-0.39009683571954346,-1.1394969487168811,-0.19054410382618656,-0.3503455557022226,0.12340971785965409,0.28560143198210286,-0.28504791201025326,0.11306674385241336,0.09605765285715578,-0.01447094849293959,-0.12698069680698126,-0.3929858841798382,-0.026107377819804486,-0.13459845471672682,-0.7553026205761842,-0.24716316198997834,-0.6043285515272757,0.07153219838342688,-0.7725023408379913,-0.4740638655787816,-0.12371847716493052,-0.22192792333510014
4.095541354390601,0.6702927773871366,-2.3808058410641326,1.102575290786208,1.1078864426081394,-0.10166210784342496,0.7067123517683627,0.1764882905576363,0.43254497688133037,0.3171667726870332,-0.3800466807528219,0.08939769296103332,0.09007354674242535,-0.20479590534219022,-0.40503477191879084,-0.577053144572908,-0.5165520087009721,-0.15360858756229917,-0.08561259181903168,-0.23490093815757213,-0.1603674767284937,0.29930991028479137,0.2484704605210676,0.9758268608829124,-0.12000765272087995,-0.24700493828899645,0.09629777451423126,0.3208315966515835,-0.26076566904845555,0.8207784469150171,0.581442790391758,0.29698791099834493,-0.32063784162460995,-0.060424680924269655,-0.15497583292561706,-0.7402599738604938,0.3127090128229983,0.28596155629559095,0.35084183143200376,-0.4424878523213491,-0.10725863090269848,0.23766406731645787,-0.3344763604963745,0.2654930818180693,0.6884786685464253,0.7077322181622431,0.06818930286798043,0.39665979716936556,-0.26149132916738643,-0.3454391170609539
0.049340659088736305,-0.13875356697658514,2.0429942179012883,1.7720268082704924,-1.402005152285963,-0.23877127098874437,-0.20589520977851242,-0.6249651397018063,-0.19318225999940944,0.4711040912613058,-0.1491987596410836,0.7231393547721023,0.1743477251206341,1.1535856948133298,0.25199806813587233,0.5237831725962268,0.1989053444898815,0.6627797872661396,-0.02011477073310801,0.15365001780007573,-0.5293621253606207,0.05106370469727538,0.17246911434038711,0.36912848361621053,0.23217699543193956,-0.2926957993496342,0.2083740050586934,0.19359017814988566,-0.20454674817021734,-0.41548792941028984,-0.29507281514634803,0.35268397755485803,-0.35591455032570257,-0.5367461130193112,-0.6656126673073163,-0.03022564425255081,0.18317219497442655,0.4929995811170864,-0.024932209500358942,-0.31065498803350855,-0.17774683434503544,-0.09209232640787733,-1.0576354668361074,0.0014233797097728655,0.1616991120825881,-0.25230404265719897,-0.011682451276367696,-0.06423721520301391,-0.4812270733362851,-0.29881678206610884
0.1983993227195007,-1.0392405429614637,2.524170592024753,1.1262004910171934,-3.3568421837608,-0.5476599365909671,0.0685629510235024,0.45888089337940974,0.47551242142446204,0.39934234404094965,0.005602007871883249,-0.04037971976319751,-0.18080441300316105,-0.6133240412107333,0.3746275892705588,-0.5193061786405707,-0.42277792384645885,0.5477419495513506,0.08199587438117095,-0.749743835751889,0.32119150635936566,-0.019755117044081182,0.14858167293187732,-0.5392178576935573,0.045461390307976614,0.9217681562208151,-0.09018142924904056,-0.2413519233620473,0.08120531627760391,0.06975324259645586,-0.3365814181709486,0.2676773329453342,0.25252483251091856,-0.10887267287421093,0.7044341139716199,0.17377534617713056,0.5955098932890435,0.2384699498479856,0.4403334479575703,0.34764106963069163,-0.38479145331891496,0.13402657796909573,-0.022733738648533182,-0.19767835777889073,-0.33598167124752637,0.7014196819535158,-0.04725638088098293,-0.11986102404716074,-0.4113894553237295,0.3345565742629036
-0.9228360448094906,-0.13084833687508457,-0.45120591026016893,-0.010039094094563189,-0.3843395088915603,0.38707701561570285,0.43861760021950935,-0.0972981266050083,0.2408076946903324,0.11818388520665402,-0.12979850966225545,-0.15133204997432667,-1.0149190674077526,0.16247232027893785,-0.6305574642692467,-0.6834548488234293,-0.9837067665837892,0.4946507475596096,-0.5571461476359895,0.8736664245705975,-0.01290205570550809,-0.5293649951895003,-0.021187757320710106,-0.32644262908243205,0.21237116025464622,0.0018403135170954538,0.1354654528795659,0.03305953187525413,0.673233846368205,0.09479213541310841,0.1385426286694707,-0.1864802129027579,-0.9239863546712539,-0.39298108651513214,-0.4635605274613978,0.5808377326895096,1.2431664943909362,0.37977011644909314,0.30971603317173424,0.47511365061889116,-0.18097080807700366,-0.2325629699785749,-0.506033205932393,0.771209250278751,0.043900187012103686,0.7040375209510075,-0.12311059009902024,-0.04945534265385928,0.4548758179999267,-0.3558483633144597
-1.7873862184227165,-0.564207919211204,-1.350006317485247,0.7708183975298214,-0.14066790889675473,0.5878165652378425,0.31014063817584575,-0.470108713232655,-0.7650367581487674,0.1279006989681895,0.30599625134137876,-0.38935429310068487,0.24813556830667077,-0.32577156407255475,0.7401186398925919,-0.45184242844837497,-0.040481617419302694,0.5074847193483324,0.444604506109595,0.742743939582153,-0.6989560463891478,0.8064740989434936,-0.16812983449692293,-0.039419624862278305,0.3569333894952866,0.8071944015503901,0.02018208498074325,-0.15316944506542426,-0.7625467992079753,0.2677972129065096,0.1674821307701279,-0.11405737773793988,-0.7918630480402834,0.5296787391708812,0.40591988999194584,0.33592125598294975,0.22348880054030124,0.5422924610132351,0.23180629145565837,0.31259430501528185,-0.5031702638312412,0.38116422396382016,-0.22820174410180513,0.5552300139555916,-0.242261207088154,-0.28311930771518085,0.06147961512218605,-0.1613026634120434,-0.1271090841684167,-0.017746954621517347
1.9732901254225752,3.983233283431512,-5.223795676977377,1.6284305978685867,0.5308414756939377,-0.0814505134315573,-0.003217816553222702,0.95217532786037,0.17130040754870982,-0.5085702055908314,-0.4330421199114959,0.3387155887559037,0.1832001287271648,-0.6412754838968153,0.16435097929643422,-0.10738477639469124,0.16156278508398317,-0.1995041339680181,0.64230395076403,0.14294910072094963,0.38866892436454953,-0.11692969256528764,0.3131700403124958,-0.05017822413216748,0.22035337033943725,0.6667471352047929,0.6875714919416881,-0.2557317668899179,-0.11084324452477544,0.3094359674120912,-0.3978537463128916,0.06355206981562085,-0.3474681396372427,0.3202252779658041,0.16121333069461533,-0.3317365505167092,-0.8138879344335672,0.2745997214488519,-0.26988676011197177,0.30237529667330665,0.7128826208233559,-0.22879550946193628,0.026513353071615224,0.7578464800561294,0.5901125838861075,0.2819535948599478,-0.07684254307959315,-0.3540334252143139,0.10150379124124874,-0.3791169959522771
-0.45650880168412433,-0.4217461633677562,-2.4318857882038447,-0.13927398035073632,-0.8979981711444414,-0.6010322236491566,0.3550478303805059,-0.3253546189799623,-0.34469053908961256,-0.49543720649043704,0.9744001554242575,0.8337014291114474,0.11775936160247713,0.163153966232867,0.059667716417605814,-0.40140038829652286,0.2686073547556673,0.4647511065928889,-0.24654238330727,-0.32774703000603045,-0.14431265095116597,0.25289596804779335,0.4773844039672583,0.2281233191352655,-0.4354667568416402,0.7718363271746602,0.055797138102235085,-0.9768009462462043,0.08303874922363236,-0.09904394520257058,-0.9832705358947481,0.8028964123553102,0.02999652228708143,-0.29893149897369964,1.063109709995979,-0.09200680106389957,-0.2693332185566913,0.10677003777177728,0.04184844996632676,0.45629421972024503,-0.495547232897426,1.1605594106060384,-0.26613337599356324,0.34850862458570125,-0.12186698110982822,-0.033151925431569786,0.49031725621344685,0.21899636104502831,0.07682900459003239,-0.05341271803885699
-3.8755850997330232,2.2121419454476845,-0.16651380318266873,2.407851393728605,-0.13004532507211747,0.4294746627046997,-0.07051115536321773,0.6441151871276586,-0.8144092422758693,0.24659172954604588,0.15824977374603136,-0.05154818675903687,0.044260009744831234,-0.07964862265463864,0.22472251998754433,0.19647967077867268,-0.09464932920674733,0.47063482087700137,-0.2632990167805609,0.16228779320321765,-0.5760788828265767,0.8168084329142394,-0.1518368311055681,0.049709543376190546,0.040545596353922575,0.18204611589419786,-0.5962512989995064,0.7316149765770503,0.3498424750423357,0.18786034100972226,0.13847132498679318,0.90078192425616,-0.2262679555462162,0.475769837652253,-0.21577250350037083,-0.7078226236288454,-0.09392564822703744,-0.31200363526054126,-0.555432301734008,0.5828884869758775,-0.4038138885255041,0.35115183105149683,-0.1660967433405528,0.6208275473488095,0.4574020798771099,0.14415206277172124,-0.6069904556598698,-1.034257001477316,-0.45155122466726605,0.1748358527806352
0.980757139936181,-0.6538466971484318,-0.9308880115123472,3.1520263266038286,-2.1985377308049148,-0.42398975240305015,0.03718963551169077,-0.3237471688933256,-0.1507842116014616,0.5451842097016442,-0.2442373559946271,-0.29133251413114736,-0.42675120912985826,-0.34592033942863065,-0.05771613964723415,0.47569387608749136,0.28644607966418434,-0.24505665649785396,0.194526648221803,-0.28809037885953903,0.016661521632036526,-0.3101778523971881,0.5318865854199898,0.25523125626795634,-0.14501207800065494,0.1396752159204056,0.034930274529785026,0.2770026563130829,0.5502997200288505,-0.24531719683856312,0.49746699794411653,0.4896248412700674,-0.17547413915487128,-0.7273055244769204,-0.250854520334188,0.20051432015161344,0.1609084067721934,0.17791446866920999,0.004622489000396299,0.21989170388081256,0.5124024266848525,-0.516608507166485,0.02954518926801989,0.05266470933342312,0.36800408030954995,0.916053466807732,0.07609693686062219,0.3259171652973906,0.19896197682574215,0.7186559361554277
-1.5636386032698748,-0.2579753795147608,-1.4354584140367885,-0.6956232040020263,0.5519834583256599,-0.24645403986708442,-0.41805098925967293,0.43064892365804897,-0.13163525898666162,-0.4296737516005067,0.8972960473857566,-0.05852695631499204,-0.18561898240492739,-0.3076507479902187,0.7675813975165328,-0.6946929606434259,-0.11728146074892208,-0.15221581176756074,-0.3905523581816682,0.5335103355353036,0.06226861860369057,0.06108617035489496,-0.0779977961909299,0.08241084281239033,0.7585682131890514,-0.15508833372322012,0.3101856777071191,-0.07562613939742605,0.13394340925733275,-0.4801647426270483,0.2176258083478593,0.11300622912377088,0.311255166300586,0.08966098283202058,-0.5030126659205049,0.3972395264513102,-0.3099666337911042,-0.34673442091554835,-0.12247308312487819,0.21998045119891058,0.4218901912244153,-1.061433839092076,-0.30654345287955553,-0.4770909936190921,0.268368751614826,-0.4612820561820202,0.08319744561389436,-0.06316183266706642,-0.32100268932311044,0.17280560821944627
-0.26554525675950263,1.8655318186106957,3.7526512235193796,0.010614274877099927,-0.695298160897315,0.27937486901048053,0.4026662288331253,0.5179812434848382,-0.06676273712659571,0.2825227489838938,0.02853046814427742,-0.5603555148114523,-0.27357427676376467,-0.13521671851474137,0.17721886362791314,-0.5677632652486213,0.019286453372372354,0.5443334059643923,-0.4578355572893134,0.31861481698191474,-0.2324648560220218,-0.06264789401597842,0.516741684258255,0.2567103943248669,-0.4088089606560787,0.19529465338082677,-0.22605802661142735,1.1930494888952308,-0.19345953345805536,0.12844100222795427,0.03900990817397067,-0.7557089362682137,0.1503384628873033,-0.2646426939251768,-0.18653802039269216,-0.5476278383419978,0.002450119369745091,-0.03945824287042122,0.46318800235484076,0.02584586863530474,-0.22170125970708465,0.030900731750941764,-0.17550829678251656,-0.5139640022318405,-0.20784760704561267,1.2710836693655783,0.014215948132209088,-0.21799808273510518,-0.4484631260330046,0.4249373548552807
-2.9642188438537587,0.19933100060098452,-5.423618187310056,2.186813137055313,-2.1629496497212,0.4921618678740554,0.08902382947009639,-0.5954148048197347,-0.14025373614664569,-0.28627213256401735,-0.6111417584222143,0.4065759859239771,0.5046479831457272,0.7379154571144599,0.15516344072521968,-0.22150758926005693,-0.02859003867882349,0.5977657824095935,0.9542054467487009,0.11574179361346723,0.23287014485158952,-0.15734413501461458,-0.41422436269733637,-0.5189802690961917,0.7364177349447124,0.04547472167966015,0.38079944597232385,0.43572221044765574,0.5209555612927979,0.5387512031007312,-0.1493756652807166,0.04684242340305646,-0.42230736635342403,0.20629882278889142,0.1686738284902663,-0.5094089097901708,0.1661402676701864,-0.30450648469400915,0.46341735281029467,0.5240670415100488,-0.192026280067047,-0.7239390533207611,0.19001663692902585,-0.12000943847022508,0.3311210765950784,-0.04118554683564454,0.02131103079359744,-0.24305619774221437,0.16096858382653473,-0.03654491566400644
1.3430824966850459,-0.3105185630272161,-4.473464844846733,-0.43920729103832157,4.585201500168823,0.27842619546249,-0.2609416560153046,-0.4028888596608902,-0.22383554004383024,0.8038716802702724,0.03441944820685818,-0.3800469944956417,0.4983432041219299,0.11195471756098901,0.006932398779242972,-0.14272710644228273,-0.4779280146552249,-0.43295214638012963,0.0020867503769881673,-0.22412588100831823,-0.278969146147334,-0.4295702855505451,-0.2164666882058797,-0.07466680248167197,0.37355394724472,0.030178996382723377,-0.46187397439089695,0.08488848259599091,0.4356109472313866,-0.29566299823992653,0.18175338895589696,-0.7972536337506788,0.04037147685939624,-0.3170715655377461,0.5517584600533206,-1.0266342246041065,-0.25063960779940814,0.23419391693704303,-0.7063744305565886,-0.060087478181566185,-0.05812275063381864,-0.9650872052416383,0.010329510987272993,-0.04155382892712559,-0.9301141963243629,0.13564038129348904,0.054876036695850144,-0.5102463191730309,1.0029259828959696,0.4413492593980769
2.802099759919182,-2.50656281712921,0.19752699804923657,-0.560284399520094,-1.7306529216060174,0.6611309608279198,0.4060250138712915,0.22895226981691397,-0.009008876256003334,-1.0848279357915143,-0.2469978135881072,-0.858230299050427,-0.3894539037317383,-0.12646296989452868,0.3060134031852659,-0.08897410711436082,-0.5394958670595899,-0.2691177352678293,-0.27180043379358854,0.061817003266062244,-0.28832714081324234,-0.3968696718710009,0.23976947836874818,0.3417310373344878,1.0289670745335433,-0.3836671405192769,0.20716261345395906,0.6413612112051393,0.39320906079890244,-0.24177401252638808,-0.1097958890177148,0.3982940156598135,-0.18832464772294488,-0.11473907276625013,-0.00240137057662075,-0.4470250421661998,-0.14590850974192546,0.11999941517869743,-0.11993111809955691,-0.3230818193782782,-0.6694057926032364,-0.0015137123883508716,0.04421371346594317,-0.5818655789965724,0.20809043003435124,0.2762073917440668,-0.7267901811269885,0.6505358329654374,-0.9066917399351319,0.14051428915354844
-1.9442828667140417,0.23278444099066123,-0.6230120230840284,0.009460207747337024,0.954345821427428,0.8833219474824613,-0.6537481794479502,-0.5029812625671812,0.593824003971602,0.1325907305728961,0.4699460769475506,-0.5879311515483769,0.18217716820195418,0.16518745701406592,0.2758793118265103,0.5769565051355426,0.40572228875913663,0.6943782292088609,-0.7789946404473969,-0.36900056923219027,0.6036149669451435,-0.6311735211480578,-0.5527276586798451,-0.0988822003367933,-0.940176827306335,0.8820126989547967,-0.09463634364975419,0.10978818002216381,0.13375219067461838,0.21084310337620502,0.2117617280860567,0.684416993834093,-0.17313936927928247,-0.2757055698510872,0.315747666740443,0.46189225677704243,-0.1806116296328305,0.017994172199487506,-0.5828981702930096,-0.3733879684604126,-0.5390020286073837,1.009725428869749,-0.18545932333729426,-0.03352566573961574,0.5674955746548167,-0.40453979113105154,-0.4529187880974904,0.5550054825145181,-0.25508189542560444,0.3034977359729965
-0.4761912777158024,-0.28585312047825767,1.5475827327641505,1.32023010773589,4.37327994457423,-0.2907341237514265,0.8762899365717438,-0.4277590076860703,-0.3106748172614614,-0.334917024757108,-0.6774192816794076,0.3564687775266517,0.4445122232570203,0.3068882947121439,0.32044007368275745,-0.45744684825039367,-0.3781492226749938,-0.18194406101588848,0.13912155595279155,0.7727979835082829,-0.07748963929305255,-0.15087747630920476,0.5024411476748519,-0.06507878315655546,0.9234632207022052,-0.08363138845280269,0.6496230612798424,0.6357786850218634,-0.07096276164720924,-0.3877980965894549,0.33247002982421026,-0.3719592692774738,-0.1600196632079687,-0.9410440220157452,-0.036638275945944265,0.05355721173964151,0.33081631873855977,0.13404574965565233,-0.21128334396006787,-0.20024205962971728,-0.014347213082094369,-0.4033338799835858,0.4044714006202252,0.9268407019835456,-0.3182702210735151,0.04423120229791719,0.1502035119563054,0.055919549934989266,-0.6616438387535634,0.011537686935021333
-0.7653143073083802,-0.33465164701698624,2.638049351278812,1.722547263797449,1.0348975249488856,0.7499265898529888,0.041348351701153876,0.33422665007201424,0.3671895303169516,0.6054967997435297,0.030071712734092478,0.7911115029965433,-0.16760390585287446,-0.5088469141939835,0.28549267321753796,0.06455144493462203,-0.7922900248841741,0.26421062789489635,0.7936916016376162,0.032745512910141265,0.8680917591680913,-0.29065985359534613,-0.2525718670086172,-0.020914515447539184,-0.942200776429372,-0.5277368596431831,0.30708396795433923,0.1560926395347214,-0.2589330485145344,0.46948131150027994,0.6030007282161741,0.606722256635469,-0.2557469211512828,-0.05592279773599164,0.3098269590249609,0.014391749438159282,0.3211166663698771,-0.1450566821049158,0.691419244634139,-0.41921092440396207,-0.10931115728990226,-0.1421319075799535,0.32096160939175533,-0.29913750828476926,-0.18736914377653238,0.31505709004472804,-0.6004764080470958,-0.2521743943968103,-0.04207848202232355,-0.40670607040174145
0.77024719675975,-0.9495361078715305,-1.0887608011200367,2.9535386907625654,-0.04183917731547232,0.5044211667964856,-0.028803298563965216,-0.5891546674913606,-0.864849891730788,0.37235295443491,0.35301628008209057,-0.3112350597501936,0.12474079638665099,0.5175204401363507,-0.6982102150556739,0.20054096112413922,0.35743253547142495,0.3840517385473827,0.3034025082585655,0.03896457437240473,-0.14249033511736958,-0.2300365996410593,-0.7783208151951664,0.06217335852909181,0.9238884932169403,0.09316540707577918,0.18389807491340557,-0.10503587155037815,0.6443953793562064,0.6427743423061923,0.13210505640946743,0.4288937211342609,0.3009216677701483,-0.16606662449373266,0.6061211095752735,0.6028589991404686,-0.3334401216731253,-0.8525870507643679,0.28330757469968565,0.46925126456645266,-0.3397163390447789,-0.24426643310323545,-0.13161219846589822,0.14329459147040077,-0.06124847864677061,0.4729833455064629,0.18191985534941485,0.24207314343119168,-0.16468582836077675,0.16357488527045083
0.4764724883657385,1.4807365162431587,-1.3072540787811877,0.4903077554136911,0.5269726170554802,-0.48963400600768964,0.24928275218928841,-0.6179739262986006,-0.44631295679799843,0.4412341026079741,0.5883085765522664,-0.34959004970314705,0.06058458743948015,0.17930874858826393,-0.39491799022786195,0.23700393935718578,-0.1626474202194881,-0.16225077389804154,-0.13088922818311172,0.13005376517751965,-0.4527597708084841,-0.581908791142769,-0.2619123430282495,0.5545118002516178,-0.1399096803506423,-0.25509970537089866,-0.31484375389501246,-0.2854226766466573,0.7040874766775272,0.8081216162295256,0.10069828678094812,0.7755884538400113,0.4098236321494239,0.608985713831421,-0.35296942447031354,-0.3503788827508604,-0.9445390948113989,-0.3343972781192455,-0.06703826421538003,0.4135045006927299,-0.6114810523917038,0.2865365444389258,-0.26832719784591197,0.5634696112569308,-0.09051214277204966,0.6510742269705327,-0.12751158688121056,-0.1707087873088993,0.3526967305117198,-0.5252464874090045
-0.7554543400545253,0.7114344442446477,0.5222527129974011,3.6003415032259225,3.5793765899710035,0.1692470963128413,-0.3720942577215335,-0.5130852218375384,0.21215025009770458,0.3240796630615012,0.08750221977399536,0.2709615085788422,0.21902112582078823,0.19604149549804867,0.37041731365374314,-0.10351847932137237,-0.7899400807181218,0.7226750762594767,-0.23906796524157278,0.2060787962254636,-0.3910127539820017,-0.14814365084550327,-0.32818519045924077,-0.268402755371885,-0.16825827470970672,0.34356757252324993,0.32478904859725793,0.13200208523206425,0.194018959559512,0.2324521726817954,0.06235549026297811,-0.07938776942311049,0.20979546253636336,-0.3455600650761058,0.3254375247513541,0.5257409345507353,0.8676208395312134,0.8005609392288389,-0.18052433617493477,-0.17082612179272522,0.42247364094873024,0.11038007984257742,0.6882582413067929,-0.8533256567235775,0.5838522676259424,0.0344283621054818,0.1435015409898753,0.3659892195020317,0.37919151728696066,0.49892567645078156
2.8989050974073485,-0.905243752789152,0.3884814988545,1.757839217993201,-1.075619464059966,0.2246930015268208,-0.2517760489268276,-0.784775157812931,0.0007584188264972665,0.09272327968857252,-0.32020964446279865,0.6837492769412926,-0.5549985551592138,-0.6704046981671263,0.13759879476333509,-0.8895997218266638,-0.4648138340992307,0.268347272706287,-0.1552551451288103,0.0609406806141223,-0.5570331332628918,0.1028360561501757,0.003023733177530106,-0.3280443001688025,0.48670394340563644,0.08917133242506053,0.613330700663898,-0.21406446825908784,0.6193351895821574,0.06279894954078377,0.7257541035693582,0.09060690449577515,-0.5142803783975917,0.46376834547887824,-0.28910287808805374,-0.2398093984012844,0.0829195092388151,0.17270063752355722,-0.5929654520388937,0.44039719895226065,0.46482842111987976,-0.3237887026637512,-0.2704251957809819,0.062160818337702956,-0.5045309889998589,-0.425249292376124,0.07636343373538193,0.7829694698128556,0.14409020097543945,-0.21684353675684706
0.5383568869669816,1.8360626254671493,-0.6475106381553221,-0.05823117399863001,3.9371574932160573,0.25415031042801695,1.330555151223112,-0.3516756525188164,-0.2942764996527336,-0.5250425599137775,-0.6433282420425116,0.4565424571329565,-0.29178937885331285,-0.9403041496920612,0.292448984194268,-0.3278518199409127,-0.47109330838784674,-0.730452649306011,-0.22211929812629047,-0.45994785716330794,0.11068187730167577,-0.4617412098971297,0.37029651587507717,-0.3132674620001028,0.5573629031351252,-0.11303575751374448,-0.26907502076231626,-0.05898647141880644,-0.26123420336377573,0.8467498396639095,0.45448662386365624,0.23044260770165248,-0.2211854838587049,0.06490013067504391,0.28934659444222255,-0.11830160752440477,0.12987540234995543,-0.23981377384390343,-0.14601288951287347,-0.06756366651203446,0.2841201647111322,-0.44822192881666045,-0.19747061776817226,-0.025614474138236927,-0.7449303835514522,-0.4694178118020801,0.4058205675602061,0.12776642438731473,-0.1047804743358816,-0.418907474508647
1.620622557966145,0.10041166762774449,0.6521635243295123,-0.6831970164765103,-1.0575911701197362,-0.37951346883957443,-0.050488731154099485,0.11010432520120275,0.3528823329989633,0.03914207858160464,0.2751325067599093,-0.1580364324308379,0.7064809984768445,0.024584110042761266,0.286621767735675,1.1360416401105466,-0.13114706159368672,0.08831700200585785,-0.23084651531579017,0.10190530898233323,0.2196978378603182,-0.0038591762685255895,-0.5337545024534793,-0.09768053644246248,0.20593326902229436,-0.12696398748301274,0.5044781864171495,-0.13546556390729786,0.48939920118963204,0.14935922856946943,-0.47375659292487976,0.19815304741882944,-0.39648233414135375,-0.07957370570953586,0.338316214436985,-0.24303476543309357,-0.2863974327663858,0.27672505556770305,-0.644534458074591,0.2942128294230397,0.11319181779595022,0.2528067536321913,0.7570141054856906,-0.08806938041357631,0.10069471122000563,0.08696737617442693,0.131896739204999,-0.46027464411687635,0.23261295278530653,-0.4079333381341046
-2.4015933473297806,2.803535856958829,1.771372448762125,0.2619373681760008,-1.389927563127706,-0.15596222089659878,-0.03202966364071169,-0.7138038970554405,-0.1415182272610125,0.07061916263705637,-0.12264740416933179,0.6338254812628008,-0.0012630964105594792,0.22212742667334484,0.2577581531804023,0.6956904410091465,-0.0007275788114549619,-0.041321534264961844,-0.09961054768780986,-0.5772789970319898,0.0031528883144690987,-0.14502600308817495,0.08133209193656453,0.04318228859078777,-1.039128885681288,0.5042580561826996,0.060537126033109276,-0.5056944878480037,0.2280402494714163,0.4064503683316156,-0.4135824345223781,-0.4200320801791895,-0.27680600179416004,-0.09431609194307093,-0.4773145000035008,0.3564093569695504,-0.06587296468274563,0.03122962956173492,0.31472051204052465,-0.2903793618500083,0.06653827394439761,-0.08212368289086579,-0.14235875062277253,-0.08331500114859566,-0.49393553323373146,-0.25853916304290675,0.11204863527631521,1.0306137086456744,0.9673193361135732,0.08956146776559462
1.4235747079161978,-0.24349186790728894,0.6123807144117164,1.7540955884234517,-4.0985288587964135,-0.05747810676202169,0.7803746415392157,0.30428851626873366,-0.036833166178556045,-0.2379024831265409,-0.7820497450324925,-0.03544089450787627,0.7367165619470881,-0.6351850834716006,0.44810989622278,0.2544772005930492,-0.281425504765417,-0.9853984466383467,0.06918960965376822,0.6789433589067047,0.13143958562832764,-0.5908972948267235,0.292285984251416,0.04045446164629617,0.3486623980399811,-0.8472830956825126,-0.26946293238194996,0.6502437107905856,0.09495458020350998,-0.2581093301463611,0.29618647642671747,-0.03987662078467896,0.017266657708707386,-0.049358112299525345,0.5262457157448982,-0.24828061922899589,-0.5533388829259401,-0.22614285607280588,0.03554298624870453,-0.28775989871051905,-0.006311028346897279,0.08264855543559121,-0.5140988667420545,-0.2112531265320131,0.024663893700292056,0.12343463966785712,0.6014812295562519,0.4324805313829986,-0.09241612697398384,0.19623172570221115
1.5114653598549974,-1.6105722974104324,-0.11109395851612393,0.012752040993697644,-1.9213669511247256,-0.2339587415939696,-0.10542173767704044,-0.7436895210331848,0.36585035779618563,-0.3762019033957356,0.23954266025502183,-0.06262441489215553,0.14976301121475438,0.46849381824631114,0.5620936804742488,-0.19211470193522912,-0.10900087086098312,-0.4100057743710167,0.3510004806103069,-0.19620649672594148,-0.12798480753680186,-0.08197017603724617,-0.9548890107009449,0.6460835273570033,0.020100149234607817,-0.6274156454863749,0.06120755121878191,-0.2992982167783186,0.017112454139089555,-0.1785755374984909,-0.5673019341539706,0.8832213936653113,-0.7158257429059093,0.533793221719852,-0.01135046522031457,1.1621401689555095,-0.3189508743509692,-0.3602061173829235,0.67817706189055,-0.03570796319742183,-0.21875097608129454,-0.250336164474185,-0.20076566299928647,0.6181977233822065,-0.622954873889978,-0.7750006532222611,0.28874293468125833,0.5565040303745622,-0.15862425296931365,-0.040886996467795145
2.096596422550238,0.589214364064288,-7.328349908968933,-3.3720110916423707,-0.29118994501792067,0.4418497545944665,-0.10107906592328302,1.2379115724529917,-0.3333589327053317,0.28327258622753604,0.722260495756801,-0.35894269155418584,-0.02145773961902259,-0.3475598778352667,0.39958553077724046,0.4086409571235338,0.046692801920650256,0.09323862268127504,0.022358047839702976,0.366566302326861,0.5649899445707832,0.20546158342545157,0.12583763690177097,0.9105760689740294,-0.6373722630974653,0.21664595292552571,0.19456678563962299,-0.5186463797215275,0.05813380978501236,0.0020801143061518045,-0.706938741636453,0.7194008299245211,-0.7084962571462528,0.13161279841081736,0.15031103065273532,-0.31139101217871257,-0.049453344235292775,0.3278383454108176,-0.3399001078059724,0.35809260711176677,-0.02657171224841001,0.31337601496326983,0.05809021855557419,-0.17538217726871494,-0.663435901977742,-0.493866372776975,-0.06665453070160628,0.279974585639776,-0.16064185558877303,-0.16701814557856143
-0.1831532243474268,-2.8170794187714443,-0.951338275422179,0.7838807897369179,-1.462732655499336,-0.04869008956765114,-0.12577617797778412,0.11267445173068516,0.2170143750834339,0.10061327383862008,0.16472982558307023,0.2801505742136695,-0.19766181581377748,0.131892355969565,0.22538158790944107,0.5089111535302857,-0.5487698291951758,0.2576992192393805,-0.4565515139270558,-0.7400372153856828,0.30569560441634974,-0.3856137483716112,-0.25979223866219403,-0.12951062445943468,-0.345268554266038,-0.2535415662666094,-0.3530606391826876,-0.035496334610965616,0.7865429302847454,-0.4074576235331695,0.28821812954332393,0.7208672244843269,0.39176187256895406,0.3736341411672925,0.03977796779915758,-0.7105427246834976,-0.10845405648305015,-0.3962177081693656,0.2668921078202198,0.032071851927824094,-0.10039430256679359,-0.903653832244965,0.07377228278668531,-0.04416821182794844,-0.09650079612100987,-0.6297982550316386,0.5960457390772292,0.45887033499359653,0.08216075739040432,-0.5844034096080175
-0.8751012358507783,1.6600949261717062,1.0489944600938998,0.4621332202579923,-1.8718602832022848,0.44059255623845056,0.9654362649465641,0.1855424729207681,-0.25624641528079267,-0.33686843932147964,0.6242547957207835,0.27118776051363047,-1.2581313238672445,-0.15209394167379853,0.5364810081525353,0.20315227121869464,-0.09692886902354558,-0.061233097222354024,-0.6850797311244491,0.12428096281626094,-1.0397783487217909,-0.4832709367191692,-0.2981205528176207,-0.2599253264528575,-0.06533168408744827,-0.5258582180560192,-0.07299994627499037,0.6708944677324378,0.5374097859452686,-0.187371356745591,-0.6194953013134655,-0.6243019468917267,0.5908019667892488,0.06390299066296347,0.846540435821025,0.18033868979324916,-0.42852141468533733,-0.1918817125938257,-0.07465728948429555,-0.5881796604776394,-0.41499090486495566,1.0422076939336198,-0.21321877254424135,0.4110032790719757,0.9031876863573424,-0.04927647133446033,0.8635324382688498,-0.018426346269626317,0.20995658680512239,-0.4268455096659177
-0.23064863329730761,-0.9784201770668961,-0.5285844942888056,0.10988109221700608,-1.8303532012895325,-0.245925132281086,-0.25395010925545564,0.43293938315074854,1.0603023975551096,-0.21852191212408992,-0.3055110570155472,-0.056540431053892476,-0.7748317897432816,-0.0999608384833183,-0.9203713597623353,-0.19454661230297363,0.30726972603913044,-0.4135581140576688,-0.2522886155130602,-0.8149610868238808,-0.4360800754896636,0.26781747105687603,0.3220402573481827,-0.9464953503659529,0.7723719405354632,-0.8953888492698749,0.08885081552284238,0.07207967389041918,0.8084265708268455,-0.02105337602693405,0.12947936171616345,0.05231459298065425,0.06917152729519678,0.5963207600893382,0.050295344447808595,0.06568966795190595,0.020406258139329333,0.18539359380738174,0.7749277967508228,0.3077423536815264,-0.274131732723031,0.02894923948317548,0.03900194653794757,-0.18656630565037247,0.5008897484860284,0.07178193502174962,0.22276105056026346,-0.26346512750475154,0.3627454687982218,0.3077838246151721
-1.6722495234884593,-2.6313597399805513,0.9729456644663248,4.711682574744076,-0.5779305746336842,-0.00046353104824098786,0.42079216103939193,0.23917648197908442,-0.7261218381609864,0.09654728351716102,0.13535289957788824,0.5554458044427402,0.00561656361442798,-0.279271442620389,0.27812740728429647,0.39171424192381976,-0.26584983096962844,0.5074782966898943,-0.1908121764084732,0.30732564496208725,-0.2550143805070234,-0.4727119437555149,0.6397704101148819,0.004657185789413309,-0.5010588763544881,0.04745077386396072,0.1669551424150504,-0.6678522984408926,-0.13310329749370609,-0.508672173659593,-0.27378304354892435,-0.1483365304406445,0.34311576741505795,-0.5765394351550341,-0.5743360257481671,0.12167379855222621,0.7522168101291071,0.04741971968923822,0.543695213361594,0.032803218441041226,-0.6382120426367869,0.8985783760875848,0.5986065482236012,0.020017394354332068,-0.5792811263099653,-0.32788338398676475,-0.13176418036938894,0.24508245159857667,0.09686632546540325,-0.2069910843663932
-0.7807771770730978,0.31318674972522786,-3.4230584296726607,-0.8928721173993788,-2.9217501964197843,0.05583005595454921,-1.2471007036535307,0.1945517835898953,0.30565024903090066,0.07141860958226692,-0.8289989131129223,-1.042383428680967,-0.39366653917414485,0.4970069115823588,0.09071021257663463,0.090825537527766,-0.7267160442860707,0.5885436118851157,0.8432239952011555,0.282507993828305,-0.9224031502370009,0.2993689970840798,-0.14246269167821296,-0.2151699889963694,0.08213270447648467,0.5119248546164132,0.2635598123465958,0.729666420082946,-0.37076350481468334,0.6989488644353243,-0.1706896631709678,0.9320625773552592,0.49780080229311846,-0.23681734082271563,0.8947743379596519,-0.2440005615836958,0.5491444829233615,-0.004448874524814107,-0.47572146496262785,0.16100401920430765,-0.014306860396923918,-0.06042847724069518,-0.14214990125638696,-0.6020841373500514,-0.7853846153254551,0.4068856172020272,0.9558781058591858,-0.3514880355697927,-0.18590357092521353,0.3782753261596612
0.9001542898513666,2.4047585554787387,-2.4040220690737937,-0.06942570160021092,-0.651080787738439,-0.5143679053296567,0.08717857853115091,-0.5011185918496917,0.02684005642443187,0.24675565361242283,-0.5988885816886143,-0.42007147122090405,0.1926138225436652,-0.21388855679946364,-0.3611978682128838,-0.3239839642438266,-1.1312524662868493,-0.2678615220934949,-0.6936630500640356,-0.1347637956353768,-0.18895473263464735,0.5103295719972509,0.2627360714172561,0.16110402099052426,0.42600561792967157,-0.44860103281684754,0.946104572774484,-0.31144408142247704,0.22174156239427212,0.22105287897778272,0.28901985294125887,0.2207251343586079,-0.30190723915511475,0.5068075763779257,-0.4904434914586428,-0.005474030047546683,-0.005957733357646084,0.019712126072329455,-0.025240151801253302,-0.6662762517412418,-0.21642765673641662,0.19419613717669487,-0.2722795994722937,0.8373336688795515,-0.38114883166987074,0.12493520301120746,0.30727046420535964,0.47616396977905495,-0.4063637784359323,-0.5090061080746763
-1.323718434664713,-1.8499608961304819,-1.2442476701946825,0.4888650877014934,0.06302702778231029,-1.0387633789080384,-0.280555629328123,0.4530554929719141,0.504759809909523,-0.06374288531714277,-0.6204723655793544,-0.035115993267351674,-0.7881087611382912,-0.43277915020196706,0.1263718619076365,0.38994645587986076,-0.5508925892044237,-0.08980557668391563,0.6208454866797889,0.25796232463203245,0.3667759614664132,0.4110439111887564,0.3942726296029022,0.9877302889848055,-0.07409399348536849,-0.11736169688329375,-0.2294659739217251,0.23538063873281495,0.3948749995254414,0.11612897750279799,0.4319999127852661,-0.30730601883576086,0.2422915240627556,-0.6152368691582839,0.4421391917677019,-1.4466426551289915,-0.07862748566953799,0.2557111375242084,0.2419746284820561,-0.3754743894462356,-0.3731555158731348,-0.2780782460347776,-0.47422393549293423,0.4195439658297069,0.18331808145047554,-0.45409761069468557,-0.18215250759916415,-1.0245555773379267,-0.5180242981284549,-0.9453987642482975
0.07531509423435956,-0.8865545330389898,0.07861516505784212,0.6637374021292939,-0.42600079880895364,0.2037611166711469,-0.3116845737261435,0.1486249501764378,0.14802302998022718,0.796309371814696,0.04256424893747723,0.10045047106746548,-0.7600683956868689,-0.9349969237850184,-0.19219308785472217,-0.14629806150001629,0.44634316142419894,-0.3865284819519498,0.4098651391060082,-0.0076699028564771185,0.260483145560626,0.5340166206638741,0.02969565535646622,-0.56451432585086,-0.521494002236289,0.4241720745744048,-0.6478424047171236,-0.4971781952690807,-0.10604161411423513,-0.2732147789153714,-0.43496672622178584,0.0643327094368135,0.06658321043776264,-0.9193156140338484,0.8725135486520504,-0.2293862219512002,-0.6933114210828445,-0.3433513547699027,-0.4472865541691204,-0.029488497684215364,0.16428848645019598,-0.05185124276693573,-0.12312401832062085,-0.4621007004273704,0.1438868927211737,-0.029580515351488614,-0.2968779395507543,-0.034341777585311394,0.3414395581002261,-0.5758663280321406
1.0343589548596404,-3.282194197332541,0.0354873155168154,2.180733937781347,0.30719975632972446,0.5628567315362578,-0.06267651677611226,-0.5336406878412687,-1.346294001418173,0.28704871430186485,0.6449247665847146,-0.24664309549131733,-0.3293901941226391,0.39278068750493095,0.21680191625109227,0.06536795988425641,0.26069139160438926,-0.2549682411508979,0.5208196974562025,-0.1840714845006784,0.19046218899720865,-0.2610073276830477,0.04501473452935768,0.3929782844303712,-0.5419099098963002,0.3761332442926385,0.09905966181520749,-0.3988148093062625,-0.4911690453148689,-0.27049373191398973,-0.1112649123920479,0.45584050173001445,0.12636361048083222,-0.20622342453696427,0.04182085436563893,0.5517951276269268,0.3472206510363448,-0.46445243353861754,0.23047689744547173,-0.04867253663939964,-0.4860715627560147,-0.0875808553323215,-0.10816388991289483,-0.16791619094224278,-0.6495514824913298,0.27811645490309367,0.35092529313078885,0.40540442207468946,0.03659542842553504,0.7535349399999483
0.2879135653889068,7.2318820557033465,1.304695734030857,-1.7636081977207538,-5.520016304023622,0.31386192374688626,0.1995762250191412,-0.46997179168328074,-0.6318467797631501,-0.09509047863546975,0.3919968571652665,0.072960873732835,0.13448669015303205,-0.08955797902272634,-0.24682015455322961,-0.5112835777175133,-0.40645420612212635,0.8829470875344229,-0.23399158399909373,-0.5486802535166022,0.489514251211618,-0.6243856846392998,0.3290221210191676,0.9629935317067345,-0.007673817299705489,0.116650522328825,1.1075627920568143,0.5244740828947306,0.005946786028409518,-0.539275016692523,-0.2053616948186865,-0.2212056991767252,0.26145545170141454,-0.3487571449349019,0.3929961014680853,0.24964930360480034,0.21018348966446396,-0.41932274710893175,-0.09920517345077148,1.0117933076093897,-0.3007410891326415,-0.06049935385149463,-0.565078258325144,-1.159023771868512,-0.2346073483423389,0.19148488649198114,-0.6553543468435673,-0.029748749204559284,0.7381262069222151,-0.47838642119298924
0.3337569722827399,-2.5215581366264397,0.006040170555003388,0.9713629800869124,-0.3388072423292307,0.29945180108575353,-0.4184239681358917,-0.8636861231966244,0.6392934281812022,-0.5627188533936752,-0.12568786546806934,0.1467650265184399,-0.18318529128292424,0.3281512018728989,0.2914932217477568,0.23045101570385843,0.39225371315834434,0.0002953880452948792,-0.28886552286894,0.935115350405106,-0.24841631266692646,1.3363379893902423,0.516341745559986,0.3176281919430468,-0.013800527738170813,-0.40878531137032914,-0.31867245052349924,-0.4148678848980309,0.4618131306008185,-0.9686432037230331,0.2594878760166564,0.18109768022034567,-0.1507558253866689,0.19921821800226358,0.22244967223270956,0.2336231088709367,0.5907430391022009,0.4386654751771549,0.7284124232444148,-0.6372881704294318,0.4051358817309784,0.4834400405154097,0.7485067122714805,-0.6205645360669805,-0.5118727175430471,0.7050870564541024,-0.33802639757766384,-0.31965932470921743,0.5080997027048958,0.42827314054908305
3.0753252766041532,1.9832685914779433,1.009984807224734,2.9013932624342686,-3.1423624155273373,0.1599776892083091,-0.0020528238430051844,0.34280636572147394,0.29891584022241613,1.127311545657175,-0.5819421783134348,0.10676001020197055,-1.091617695706176,-0.4504124790619102,-0.3751306174487083,-0.6375403318155659,0.04718156956554583,0.0852473119633502,0.03761669515313331,-0.06770678338998644,0.3256353470137535,0.15740486165463322,-0.13680272285403794,0.23339340295891245,0.40263252263067567,-0.33174964072793833,-0.04070432816080666,0.14253748885684953,-0.07520648645757007,-0.5273513915294414,-0.140504264427253,0.4785198666949912,0.053748524329828774,0.07810722271247182,0.023968537337004533,-0.5320634818484138,-0.048520180319936136,-0.03310749944403558,0.9495773165839336,0.31441999115368197,0.17056237778039324,-0.5425438565887544,0.07561698249339892,0.046421042156841806,-0.562497975826619,0.000799990308300611,0.8507320285060482,-0.6893591016180849,-0.48406626500118666,0.2622604264489392
-2.8250942632863736,3.4502272352512224,-0.823233729829394,1.4322113709019881,-0.9383945784745011,-0.7830339906536105,-0.025725620284592476,-0.2663093214687039,-0.0003718581221217124,0.5127688668696981,-0.17431088178638407,0.7491013890054528,-0.9109835591301956,-0.4335740907279384,-0.4654298185593021,-0.3459530041172768,-0.09873131579763013,-0.5195108517024034,-0.32093847114880963,0.685103639475482,-0.05826626594640147,0.5553857938251244,-0.33679249333855454,-0.12388887545098105,-0.5792234047272498,-0.8190250326358254,0.051185130192979024,-0.1355802143260698,0.10223868314140791,-0.4106598518502176,-1.0942055566364388,0.57342416794101,-0.3590990149939169,0.28427742889162716,-0.6830868571471406,-0.4392934482207026,-0.23630993292533964,0.4061654208999109,0.07345767970664188,-0.5185935093780257,-0.1220280324920792,0.3302425655451586,-0.041639078162057114,-0.3588164863813252,-0.3624366398363752,0.4083229053451799,0.09137164906933849,-0.5078004998034881,0.3673437535103587,0.4095178113966663
-5.166565022039901,2.802538869312555,-0.20661063257085793,2.531927699336454,1.2169591536115725,0.9446210588277709,0.7841106968488316,-0.29085956593503093,0.6422462060114744,0.5034690151992162,0.3846400668526024,-0.2485889506000974,-0.3049942425677911,-0.24289058259316645,0.4514619846935654,0.11192485992589402,0.17383470457569614,0.3630895294203535,-0.21920706500227152,0.605089113046636,-0.6557239492414962,-0.09822565255702091,-0.1002423432158419,0.022458576278162418,-0.2737657459428244,-0.12294581690461831,0.4642813230803971,-0.3145611055428042,0.912003434852045,0.0125995096867454,0.8639899525786757,0.7428741433691729,-0.05998873529665633,0.46545621366351053,-0.026591738044458007,0.3816484913686245,-0.022370019016995337,0.040507877913790485,-0.26110210248859206,-0.055830154266426894,-0.02605373815971218,0.04574014865518204,0.12285536256425973,-0.08490881371991384,-0.2592923857809043,0.3781026181364722,0.6747472188892103,0.4015301096685763,1.1208693961079326,0.1708107596830392
-1.9830303549867347,2.97814783805567,-3.625222532888725,0.40284104288672373,-3.14935464444502,-0.2813003275189613,0.3396880661868583,-0.18237265784894244,0.1657954984614325,0.17608337380234163,0.30398700863450695,-0.7412393984031294,-0.2529906693320335,0.2690609527948397,0.2212934430228497,0.03313972274206739,-0.5067895358071505,-0.47708195273480203,-0.1139470852557516,-0.10331754742039934,0.16456825309653653,-0.11636052803701473,0.21305740118861718,0.5878687727828269,-0.6176628277687035,-0.3444799674049599,-0.4503409978714763,-0.1469658276672692,0.3873480135896961,-0.36540978945797326,0.019849098634135653,-0.46418703197858474,0.04391814911173372,0.2799389418479112,0.18724203592691133,-0.41878737536359495,-0.4202499348550055,0.4594713305558684,0.010176771176928919,-0.5510233177350703,0.1453892555608732,0.8795226681996517,0.6254259850783627,-0.9138305482120147,0.200346886970851,-0.5659474812433186,0.43244590268728506,-0.1763174416296059,-0.19819104955025194,0.28870956846758106
0.1503540137358404,4.29748015818381,0.11258292554635839,0.38998706378103964,-1.9011714885844457,0.25243074595491344,-1.2663413202099039,-0.2984987957955875,0.19056137805294035,-0.04742192013183816,-0.31998862518534743,-0.07517380372996794,-0.11874553334242093,-0.051304801035492106,0.40293125706375504,-0.5110815690152021,0.6361738842012538,-0.3377410712668799,0.36937818945497763,-0.21211897275325073,-0.34758409389597517,0.08623772401885454,0.5745104807343305,-0.7463920038702586,-0.3001167386870859,-0.8108089961260966,0.6205630747191878,-0.1726893538386385,0.10411767265232641,0.03560516587208593,-0.4252841558301659,-0.7543750762534752,-0.7426441228021647,0.13042206245974555,0.22205100806097175,0.2302398382093567,0.09955435145735911,-0.2578133622193632,0.1420319857052877,-1.2390230636298505,-0.45886024581587,-0.7977406771634274,0.3956377868972302,-0.01825246683362823,-0.44186233677163905,-0.18958808975014155,-0.4508533295996567,0.5463466277445174,-0.29354683611628835,-0.6606328728173108
1.9096796538848084,2.3611844051237934,0.23615086922136536,-1.2663505491407165,4.605804202118341,-0.38936768278140577,-0.2983304584953265,0.5674019418066136,0.24182660420620583,0.9501357335638619,0.08891244486785381,0.1250232656432315,0.1882546454534369,-0.8335840600821143,-0.24034243164425217,0.566453407147728,0.5656604618080093,0.3331224836509094,-0.652032998586821,-0.6836284585260906,-0.5783000414164702,-0.09220762569260611,-0.1952249683733122,-0.26022350839460473,0.08147642703336265,0.05311481028859022,0.14784817609068387,-0.30216457085896237,0.21643489516472048,1.034219792125717,-0.18888112380967115,0.0672613718357733,0.6236940423105188,0.09460995108878566,0.2800742687718757,-0.032744362929605864,0.08936908882785417,0.5240090506357333,0.04600752883485429,0.6240830921808066,0.26899331187027653,-0.1651398891961419,0.09854042258292109,-0.7864888642485527,-0.3005487335006243,0.27068085017317123,-0.5519371285652734,-0.23400452723773663,0.3830220800205554,-0.6197492114031269
-0.28409649930555214,0.5077408848052262,-1.2512302418662982,0.005350061836790876,-2.1408037364004673,-0.7646838970144855,-0.38063065416364444,-0.17158598903936126,0.16566193981725297,-0.15590466178726567,0.09707450057177391,0.12747127586148768,0.6807953878212014,-0.009375137009265134,-0.5767175701519711,-1.2719719238294285,0.09410240339000253,0.20056675860445955,-0.523242053965703,0.2487581863578665,0.553655675903225,-0.3878081520156621,0.7186683344542947,-0.3639792548782336,0.37529779273557906,0.33889174186987275,-0.5446346512804732,-0.23519729451728286,-0.021028479127337223,-0.3543867011698475,0.2955688603681796,0.40306962514546824,-0.1507088061095267,0.40714200001848605,-0.24558355225560788,-0.7126898173982991,-0.21619384481147488,0.4228388923927293,0.04291724467130947,0.4443404429460919,-0.11220900700055367,0.7523681624738309,0.025006776423268054,0.3702371236253587,0.05025600981421358,-0.36890432828061565,0.22112780057594833,0.6202787677988937,-0.4415561803101646,-0.5809371805527306
0.4349017590863081,-2.8445714373518527,-2.7500587582788625,-2.2059756269770823,0.5165280261385915,-0.358198339285371,-0.34189531849148525,0.477651586143747,-0.11603994070957065,-0.22986815745221437,-0.5804776581821527,-0.054787026372533285,0.23928757531019085,0.24945385754660487,0.2416027112509466,-0.026123804648422844,0.73811947306661,0.3711183233032331,0.17439169862908419,0.4438287106493393,1.0787845519278467,-0.18284796399856518,0.14430552560898885,-0.40248489384260344,-0.5981272586808966,0.5569875324532007,-0.41895665788473535,-0.17670354619001147,-0.16431083697578971,0.14232378342748842,-0.5782607777100608,0.34058449655533635,0.019386005535452534,0.33914492402631186,0.37304736954974765,-0.2848564739364828,0.31771619816360297,-0.40461069850909454,-0.3408151248854899,1.306627516957868,-1.0269185238124652,0.08065291461991451,0.13127888744619032,-0.47930188666389323,-0.2494631273063255,-0.8275345562362367,-0.9718836941304394,0.020415976693723747,0.06518963631546851,0.03598237013742863
1.6394342021947519,0.6104535098835164,-2.0545384559733306,-0.5331887766265611,-1.45389283467231,0.7578269875695911,-0.05627474299357734,-0.04246307918450937,-0.4007967482104037,0.18178273729980216,-1.0918843026665435,0.35011886843087126,0.18011669785886508,-0.06881287767630792,0.6726723339792737,0.12126287674068197,0.22122479811648224,0.35117771812621457,0.0616672624493758,0.37807326657703433,0.5407295607752276,-0.21275575537849534,0.6263264940645998,-0.710474893140063,-0.37537081854226934,0.3826374365629425,-0.1672271072141905,0.5917701865991805,0.0853939791010158,0.3595634668369193,0.2255385276527998,0.15818158477453692,1.0045117475791316,-0.19117062251766923,0.6549920662666275,0.41146254977832863,-1.2227349006070183,-0.2695068874165061,-0.5239322934256359,0.5217232562697811,-0.21093020624070258,0.10245565932085952,-0.1601945824656559,0.6563354495526914,0.21930878547735916,-0.23589880339179453,0.10514584821165196,-0.34594890374965365,0.7419902166168861,0.4866678291642469
4.633789622037768,-6.676519598886507,-1.6581556988229835,-0.025529802645746502,-1.5546857807256234,-0.2139314045383809,-0.11614823068859798,-0.45846083412553873,0.32483211478224494,0.3129334171131429,-0.5315541199505611,0.0009946979775262554,0.4814155238506537,-0.15964035245439775,0.3052779863119542,-0.2878390978605374,0.3835039917599574,-0.2064661944844238,-0.5099062889781949,-0.5870038550654383,-0.2598463789182377,0.0028507174906433077,-0.48713045197732474,0.24296742272496905,-0.763088806073547,0.3782436442177785,-0.39408503882513796,-0.26981465052233095,-0.6759204171724363,0.2163914808491181,-0.3761074453220963,-1.209525349685572,0.908192297348362,-0.5327325575819174,0.45334734771941576,0.015514847656517628,-0.7284316783077915,0.0010932394775639213,-0.20636738951454384,0.10138011283083337,0.26181053453042746,0.17832513342390505,0.5239367185547361,0.09145847658217536,0.04959738323182593,-0.4399491577338615,0.7333169967422664,0.12212165209796823,0.5767018276304131,0.2498506949467697
0.27650510525562383,2.4405218624397937,-2.4247437326628427,-0.7139895593755149,-0.007744973499469676,-0.7890034391159351,0.3982914187023038,0.0038595611348362885,0.42162707869362437,-0.27112165368671726,0.16305347845684498,0.7314386092058729,-0.45304746228334464,-0.753013336022079,0.1197353844482507,-0.30645595346797894,-1.285225962805184,-0.1507474522794111,0.8041376805021409,0.20850894589814808,-0.6448918460936164,0.12315308565994462,0.22435006931176096,-0.8260478518764932,-0.15559747821045755,-0.24337340575928046,0.5607277317862924,-0.26627440385253337,-0.5529981286686545,-0.9125472526667645,0.17986026883942968,-0.332570153658304,0.5108255763211091,-0.3339357172554034,-0.20417455400074405,0.14528587528728104,0.038939115766072646,0.6258040938763306,0.4550271600086179,0.06188140551205786,0.198778403059894,0.5383855769777292,-0.46887883822179205,0.25791207703930447,0.02238197933227479,0.7449999225365725,-0.08042083376234685,0.006884207577485707,0.5861416984487786,-0.5047851723973629
-1.0625058335843152,0.6614753727283567,-0.29578885486609524,-1.5050460021340009,-1.2552903021920756,-0.2593090587368321,-0.3579081811238987,-0.42172420689266976,-0.166868820144845,0.015539398285942616,-0.38922781952151947,-0.7298596774396847,-0.1729237543527759,-0.1055303560940691,0.1369657725931677,0.13044527097134276,-0.47458699177149094,-0.19545951342140727,0.07383495597025934,0.0955461344835295,-0.17991090250092695,-0.30918819793681185,0.558859386181188,-0.24948967435591643,0.160821082170224,0.7086958751470349,-0.2129398864839598,0.5030821888400504,0.45789972753370495,0.2625136126760654,-0.4794005674580519,-0.3005584509979417,0.16929667038240975,0.7389596464435418,0.029931767333776605,-1.31475066725852,0.018563932519938403,-0.5276822503147006,-0.12070435146919062,-0.3342897727967581,0.42906159035908814,0.10607963073199497,0.20173461571678455,0.27320797589748314,-0.2380584212585379,-0.6633926184285612,-0.6302711679959756,-0.2795723488488821,-0.44096540697422254,-0.023903081621171437
-0.6055644699621248,-3.8376859492869984,-1.9473011437894716,-2.0551402970477124,0.8303278575851805,-0.6878535731524914,-1.0475744657174018,-0.16564440774224815,-0.08494013702367946,-0.035546307248940694,-0.6380931312363699,0.3497501798636421,-0.7609921160554095,-0.5003889476733022,-0.053031265788039426,0.4542111565942547,-0.7649429814593438,0.49341542218742995,-0.4682092115174035,0.47422059979050474,-0.3681760396108647,0.3367254968753223,-0.03869317593315844,0.5473468234992003,-0.2137365851082833,-0.5502011364323233,0.35766649442360743,-0.4788244648371653,0.16966393007061936,-0.524790564876221,-0.6510429225668741,0.10331988597482696,0.10813687633512677,-0.19519147367430922,0.1485353397390376,0.9531841534899261,-0.21957943954926887,0.018310415694695686,0.04275515057718894,0.7506672872170674,-0.303865782606814,0.7079681835170587,0.42081088014995444,0.40141646493475713,-0.0432664519722867,-0.17873781946143139,-0.06165132687595929,-0.20489556795459946,-0.5009928683039742,-0.08183340447752388
1.141917793905232,1.0792513919497007,0.07773471723732123,2.1175359193496255,-3.0632215370003855,-0.612262476626907,-0.013154018081127289,-0.03654137289631301,-1.0061057927171588,0.23299788182275308,-0.5696340873095325,0.4182905378085704,0.7095715664144655,0.32867284139226477,-0.27827995200071676,0.0911272770905965,-0.2555573194862248,0.2592347181989135,-1.094906879899831,-0.05230701130311288,0.6178514035454427,0.5456951975690597,-0.07843424586101944,-0.006782471156854707,0.6054211008128902,-0.004414276331997956,-0.864975633299408,-0.11099577869595949,0.3690321783158005,0.9558061681495259,0.1690854299390832,-0.11162681379532549,0.4578807553092647,-0.4176538811837032,-0.9019197523993056,-0.4370815703408681,-0.7886480112228806,0.16144860008248274,-0.08598064232158893,-0.09186647237032784,-0.6861233484742559,0.21082700064697313,0.6563492671837426,-0.0005531361133151873,-0.47431377800054353,-0.4722336771022722,0.10396957325379279,0.1915843622305866,-0.313924919904002,-0.034372228531094076
4.066130525339246,-0.7463688239537274,-0.9999561741104164,-0.8504671669641071,0.13495007988488184,-0.7383809247579296,0.14614968757736893,0.2672518567116601,-0.04998392187312274,0.06307570711999246,0.11210099939618633,0.5286990075103866,-0.06777195842843088,-0.8803007378081531,0.15693618956728106,0.12129927752128448,-0.012665921533045413,-0.36203538324108314,-0.09390956544965394,0.7228322563874339,-0.3609717227665353,-0.7945409813254299,0.4591890002186574,0.034242231731997905,0.1912845104372164,-0.16116540812620353,-0.13210141708225506,-0.28962176444851323,0.06273530620534665,0.71788534747502,-0.5446809939035197,0.7805945232651014,0.45087010252212684,-0.6235873778016531,-0.34456643781865093,-0.53195866888019,-1.1011608400466346,-1.070735663323872,0.758199649601553,0.17745258553378443,-0.8877398343592456,0.18144314515670695,-0.35499079589103205,-0.08733367180455935,-0.1792020254481922,-0.6026236519382911,0.10402010908126716,0.19371586994397524,0.35303094393250467,0.35658770506151916
-0.71251690419178,0.5016796049336207,1.0463421485458373,-0.09825047944356244,4.100001274415613,0.14632053136103973,0.2640934274555543,0.4699626072029742,0.30991764443655473,0.45774239113134696,0.17387008144259242,1.082532526257934,0.2026128870773093,0.47300912771952514,-0.5675995612971421,0.22330921078962748,0.08521340167133735,-0.3203238009305688,0.24665952597119895,0.21294528017582773,0.18902906290465568,-0.7797725005348866,0.1810520380806861,0.1623692981982427,-0.8263781699549877,-0.0518018743159694,1.266211425197127,-0.791852135806883,-0.07480452273834104,0.39151465022994997,0.026451494992979576,0.517863397720561,-0.20205278857800574,0.3347776770236754,-0.20315445724258208,0.3048263349627774,-0.6440313891822679,-0.3317032468997175,-0.2745493103604006,0.23350434605172202,-0.6004035737295262,0.6470540887556311,0.13884109530984579,-0.20108036979618513,0.41081096674648,-0.2439618863168308,0.3563809473153944,-0.28437408029299954,0.20149723698611385,-0.7879866398931674
4.21152217579596,0.7848985351375843,1.969106556209285,-1.3112072703149278,0.42641349988524546,0.24684038011146137,0.5754487281358063,0.6027339779277007,0.5238264221880704,-0.4068743788808336,0.2662606981799032,0.7308255638974515,0.7585221596750849,0.736117543985509,0.2177963754882952,0.1834265959849872,0.2253580089708304,0.6065415898179742,-0.626260581994827,-0.5641132791512615,-0.37410165187868893,-0.19211051325416975,-0.15158141619211069,-0.5349006967606544,0.6029902033277511,-0.2539360172422243,1.5090951729144888,0.05695132331703328,-0.3023034814489419,0.10454478706001541,-0.39619708560359923,0.13879566353201322,-0.7013662230383664,0.9091063953912343,-0.2381501595552656,0.15785663396237185,-0.21714492971918462,0.5318234884818551,-0.7782654828820734,0.1777543313044279,0.6902049098766718,0.7603198755358698,0.0007515954698116714,0.22150434756288614,-0.3504369281053606,-0.3799198956333104,-0.10485284853101384,0.2014761625615861,0.39540852721922887,-0.6233720475464041
1.8386239105651851,-4.672617757120616,0.6888594128003168,-1.132773429274343,-0.30511756968047604,0.20734880677189113,0.017306720199726587,-0.4409868966848951,0.20472194095497268,0.15116554068122556,-0.15626269667685252,-1.1155932877646617,0.16955286782338452,-0.23407268167913262,-0.4891500594920762,-0.5958384691185424,0.45723800800323183,0.7331289588789751,-0.42739551902259165,0.5166952036376236,0.2305588576401771,0.3094964730772081,0.6065461880846321,-0.7955919524660015,-0.16171594934328112,-0.6903500010821261,0.4167258477342291,0.21419519460766237,-0.1349894341685542,0.1479330333533885,-0.027009300369233376,-0.455737433557169,0.3652198317180778,-0.5706963760934971,0.06671818990207506,-0.5998071477264764,0.37112392361020036,0.037383452428724186,0.40307817808661434,-0.12714142565948652,0.19706817796472456,0.06673740257509003,0.13070574828110684,0.38966497774144976,-0.04822833256879635,-0.1041408869501195,0.0640148302615288,0.02842193126293103,-0.1353882035912426,-0.17840604162334234
1.2170496687214651,1.038290104461178,4.716728707583066,-2.675528667689846,0.26625003650037626,-0.04553856582151717,0.024491761536812377,0.2847073533502673,-0.15406113670295726,-0.18528968759593936,-0.1601014294151688,0.9929233236605639,0.4074995520539728,-0.9228012835752794,0.393526182194502,-0.02156399823444719,-0.6752607006730484,-0.7727456119376517,-0.17930876057537157,-0.20450279534925742,0.30968898365770814,0.49381807217502094,0.57929149729469,-0.034474240804533665,0.44655787469843555,0.7565129887198658,-0.34587325752277975,1.0434377178580085,0.49723130842416213,-0.401133101255785,0.992858944429553,0.6182640818238494,0.15120730968066115,-0.5775992209469952,0.29187348122242246,-0.28905048345055806,-0.031823541125623356,0.6608734294970716,-0.6057956214349874,0.5360482545181235,-0.274986457424674,-0.14355960669644438,-0.03179903580460487,0.7314150918998854,0.1067786150359784,-0.5232168723981473,-0.22179096448050012,0.03975559541026689,0.7646124542585352,0.21317281037907473
5.553916281480101,1.8004029841600964,-1.3713659355206338,-0.17373539219709375,0.4097782126086755,0.06830072660687544,0.5285699464303641,0.13918117875667332,-0.08291227566825904,0.4433278335028347,-0.42087013075000046,-0.05381433284288049,0.03058766382148306,-0.02660066206340978,0.8482277432075284,-0.7616863916968526,-0.2820898643476073,0.19103239034902075,-0.321229531421021,0.31908055635555455,-0.41677851692565915,-0.10230414875711878,0.2659148663628379,0.8236631957747833,-0.15136140355289984,-0.0020824840224167146,0.4573215595090862,-0.27622240152053334,0.8464753268220527,0.4386573349143016,-0.657436574137303,-0.803438287366248,-0.22008990385736982,0.5928274540727932,0.6745699494921585,0.24720489813179122,-0.5845887611648526,0.8007368437647334,-0.10294692089010585,-0.5429027756649032,0.6983499871638943,-0.471434769109286,-0.2171312750521018,0.10657222982254716,0.19047963596445933,-0.6400171291635579,-0.1008360799361957,0.5639805355168896,0.054552461742454005,0.21436026574387643
2.2312518437900803,1.762622111524043,0.05762738206948387,-0.6913834387275962,-1.2400701933138005,-0.06318422499637472,0.494293194484405,-0.22034549665641126,-0.5388480071538183,0.13931724756628808,0.15391151587474386,-0.12642567884243236,0.9367468434825397,0.3843264481247295,0.978797204560819,-0.22552046380209922,0.26892465161434764,0.04471447892355737,-0.5871471577648687,-0.5194964847529923,0.4802469650403123,-0.0587099446799602,-0.5147151560854698,0.9813064918226275,-0.48377947964062035,0.3100377133991215,-0.19979568649255752,-0.07876251519006608,0.0005002761365915956,-0.605350404700537,0.44626012724794833,-0.3049720664438582,0.32099564701854133,-0.15604808313345117,0.3462036563600621,0.07364482661864853,-0.20190830157573444,0.2805144559506297,0.15910835507589732,0.8057888438819573,-0.3509957619739055,0.6858908327230888,-0.14933442469444516,-0.937544510144247,-0.26947524349337815,0.2210408614487722,-0.6854149520034107,0.5095294553291474,-0.21296771241893533,0.3980142072965171
-0.24805781663205795,-0.5198174480786482,1.00419509897664,2.287877620332004,0.06580386261892712,-0.13848268111862075,-0.522398040107855,0.00348080863124998,-0.30250032024889345,0.47997248638509366,0.6197242883600982,0.3645220201162004,0.2568572232934658,0.3609115262999668,0.5969826334713229,0.0362599866756427,1.0278043766468647,-0.4479605485522697,-0.210194936112472,0.010567548199764826,0.4594521739043552,0.37557723176341895,0.44875553621425773,-0.43628388257380357,0.41408841541254443,-0.24261156722046895,0.6128386275482203,0.009336437916222667,-0.2301445200483084,0.05791572868029813,-0.09280124678669578,-0.19635803694251386,-0.028748244497116805,-0.3450684714764488,0.31540022265126694,0.4234643499430935,-0.711949002259812,-0.35005822019347665,-0.4097812802277109,-0.15532077112283155,-0.14321828137954665,-0.27164726953689167,-0.8380352165436017,-0.48572019723628534,-0.30736669990232746,0.4994681937622167,0.3591946883444912,0.4631173116328337,-0.37463208877302473,0.041031784922436816
-1.6026071371972943,0.6412611885893964,-0.10426680109096548,-3.103507546241135,-1.5513671692730588,0.09965308540119065,0.026236881634343397,0.4693199068092164,-0.3059201863994654,0.17735591427810254,-0.674168616714337,0.11230619619308634,-0.20640635619435463,0.6177873848178379,-0.15817652660727774,-0.26086542383477435,0.39459335794250683,-0.1076068380530623,1.0220729068664758,0.3307805567057418,0.6210782963276207,-0.5893151979141702,-0.20883394262059685,-0.1302755248441578,-0.7350873366662753,0.2059948354779437,0.2546139709839261,0.15533225489214417,-0.5829886156402403,0.5752538271707187,0.09741334543334333,-0.2502727052235747,-0.10834175736926768,0.0848161988450805,0.09521092871245167,0.510682289243664,-0.5473084475670752,-1.012077983925186,0.5412417443080147,0.1928750383215052,-0.13428624985669355,0.7121407519459806,0.6095615126855679,-0.754752498185081,-0.3484376630153425,0.11027035689596368,0.3475333914267665,-0.5804989405789157,0.09447626838480093,-0.17186887846282495
1.2635369745073302,-2.7669833876538754,0.6392611851034222,-1.0182498456577345,0.2489890437251313,0.5239728321099266,0.01652879932328135,0.7862579611196024,0.34062075026045724,0.07136038216769892,-0.48900232801183563,0.4146348078457317,0.3778195479956162,-0.22563825295486176,0.8743507025280695,0.8438680148547888,-0.059226985165195964,0.15686658377489776,-0.2808157387458033,0.870532287106376,0.23861156436974545,-0.11442209637683316,-0.0970123204561668,-0.5146671668450854,-0.1055395076677262,-0.257462214499231,0.12888579794924096,-0.17110184995958938,0.721978303862545,-0.38547084455253144,-0.438610125205929,-0.19503705031343135,0.13128156241400774,0.2902658479930483,-0.5339741089194118,-0.47501050390034666,-0.6053997406211223,0.11233540936306849,0.6439550720518987,-0.681645818334473,0.09869401696342206,-0.520208362866102,-0.3385440543986367,-0.3425128413440526,-0.5225245928802486,0.2184524754525327,-0.10179315347700225,0.1894664954988662,-0.3965330304456261,0.43142310882178675
1.9067399554661586,2.312144745858181,1.4593397798747925,-2.923773005564808,0.2665210707107948,0.02586403045339841,-0.827853798922317,0.5791249003356421,-0.083836121171327,-0.24660492835695644,-0.39043382967272283,0.47247508526011955,-0.6743114009053468,-0.6142441795699951,0.4241377013885284,0.20049709086556028,0.4167539752157444,0.052947327003316516,-0.048779729772765984,-0.18311708162626034,-0.8140385348304024,-0.41739903512656734,-0.03903006400736422,-0.09604602691067922,-0.40148823479637885,0.43468511350394395,0.7704097946052214,0.3195536437098737,-0.2544805455140202,-0.518579972231105,-0.05876520926813403,0.40702275281429445,-0.3603577025405073,0.5888790005716198,0.760463971557624,0.04086411032498293,0.17123096856720502,0.26041325572543794,-0.07809877616898003,0.17886985067873426,0.42174665047144605,-0.07568274232161143,0.005452442528254974,-0.15680828262018867,0.1610036396466937,-0.5523056014758873,-0.6013820020542662,0.004947974907753595,-0.19801327196817778,-0.2444400093655583
0.8249683064284713,1.7725456734027216,-2.3199381916195665,0.9069168071211605,-3.6956062893316908,-0.7074265580826603,0.5057861373997246,-0.4520096367383092,-0.06921987818712126,-0.23362958445251192,0.22578178681215838,0.055693203354292384,0.08109640594353724,-0.02639092386877265,-0.1904796588838987,-0.666506285208393,-0.0395741400861947,0.10107246437324531,0.42009676397974055,-0.8158297653633059,0.18872069189243923,-0.6335700539460796,-0.14816896430778975,0.5918917075562913,0.2181702931513005,0.4321649192738454,-0.9590219881259847,-0.4564160775915747,-0.03998366197535267,-0.13075025496549805,-0.2103889946078855,-0.4108974745663207,0.020101564374497297,0.173055619662298,0.06175287660705425,0.07570175495427331,0.269836091749927,0.21080695896940707,-1.235341940792015,0.03060003857913118,-0.39336330823897886,-1.2358699486136735,0.02579701239925718,-0.5827036029887498,0.2190489599776538,0.4622642267426962,-0.3670256718336474,0.4065513570748343,0.3236730229031948,-0.7906134174319613
-4.519975327464901,0.014444143113645322,-0.7953684541966474,-1.3996419849713715,1.775952577473122,0.011146470044660994,0.5208418701625911,-0.34395520244643696,-0.042364019694256974,0.2412902118650593,-0.6869754266223865,0.791217784161192,0.625631869751501,-0.5223082425492405,-0.3322554286296344,-0.11233162914673527,-0.9925317783451135,-0.32532960296355107,0.25642529766990885,-0.5572858084843941,-0.03651621913829506,1.1521774746457478,0.37264618997020715,-0.13004633783771716,-0.8968844400090071,-1.094379881248798,0.26164816712684535,0.18429906639130034,-0.2653116467182546,0.4547118950185846,-0.07210034926591767,-0.0914076975097145,0.8538165780188148,0.5009762262302614,-0.3201567946851182,-0.07973397431147446,-0.5142695625172062,0.5396984506581506,0.2979398698200728,0.3133254304150005,-0.41706264939951004,-0.2289653323330665,0.29254668340699924,0.08093626562977142,-0.3828900703949176,-0.18942316957856475,-0.3096080694006831,0.9868537865917157,0.8819027481297845,-0.4088758350308222
1.0414210599694664,-1.0052740501287567,-2.1567930462510816,-1.8536580123851347,-1.0705258305827887,0.19633094229486098,-0.0032207607671653265,0.4434158399629024,0.605962925242689,0.08068862458385172,0.40153497823105133,0.13836160489078353,-0.8758659435231985,-0.22528107678919804,0.22630078534249834,0.9531890342492593,-0.3599859675133629,-0.6048191295893436,0.1881927464160486,-0.004628860351872219,0.9640962754071739,-0.18441524258984243,-0.42385119436401836,-0.662564397269723,-0.0020816049437778,-0.28642019861192547,0.26457214086205505,-0.15574895959376597,-0.40926504562627647,0.030432642758115358,0.02550396044974918,0.17445368586057447,-0.24410980786279973,-1.3360470665917246,0.7421737396361401,-0.4595170526467546,0.008133421334036939,0.5828043574701633,-0.5679441217893367,-0.16300311402858053,0.3819121830585153,-0.6678590140722178,0.5261748234334497,-0.3944494247885322,-0.3364557140434571,0.2412591184812168,0.3136730845120714,-0.21819162624100422,-0.19214564574693171,-0.2566261364081042
1.0741528232474045,-0.9382043674858334,-0.4062296763126063,-1.165710374429049,-1.6008928023571893,-0.45562660667198585,0.5615759912099878,0.39675237097142235,-0.17348607111018327,-0.5395379200065668,-0.03810552541507225,-0.0442993643353444,-0.05406031748037523,-0.29179482486704883,0.36245145978979804,-0.7826092534336777,-0.22600380757836322,0.12250866420237237,-0.21194238924607953,0.1802966905476004,-0.30023777220608866,-0.7450495744972919,0.08407342931969349,-0.307453921096838,-0.4440220024745592,-0.5709536183961816,-0.5310842617693382,0.06595489187199208,0.16074603296335496,0.6323132021182367,0.5007284868661821,0.6058932381164921,1.0600694151878767,0.794870996350528,-0.03181773172061324,-0.012860648991430846,0.4455462970867544,-0.7877348189599104,-0.04370439618933175,0.8502049633171931,0.18629814821111454,0.16464716893632095,-0.028886221024280224,0.6392335096359045,-0.34903314988980455,-0.5275099657698482,0.7006106975344334,0.4443269469870156,0.6568597441056755,-0.08303506179483378
3.529459507359602,-0.006377351972170443,0.8066833144640587,-1.0901114886182435,1.2473637879262485,0.15764338055046503,-0.10113582573952383,-0.13213892188317672,0.06842022358414783,-0.6894886700744333,0.18409231468296716,-0.7139382003411215,-0.5249672984143491,0.5996172934660906,0.6508564957875367,-0.7262491638944338,0.45356751283430013,0.15679606594850545,0.1951447200468581,-0.47996927367101666,-0.3053769971653108,0.24190370983906964,-0.16242931958815185,-0.4933690147771131,0.06939697531885279,-0.0008966467068318159,-0.9670508419871668,1.0921768173807107,0.29952816240144825,0.3556279097851524,-0.41923817901970306,0.20313359330078254,-0.3307594621532515,0.15943733485746733,0.7429649753847412,0.6429628154697794,-0.061519520623079166,-0.4742073071810281,-0.02057298441514668,0.3746823656761167,0.22914994579914594,0.313149462092874,-0.49127216649434813,-0.6388250498343202,0.919718718997856,-0.31364023993689216,0.7593050128053999,0.22216666362695758,-0.5701076137846567,-0.5182161860294616
-1.8347551850193942,-0.39306748830860955,-2.4879559904958843,-1.4294854872807212,3.377037505213213,0.5649052913132155,-0.47784577913263593,0.02895961581894468,0.019199836745348434,-0.20496033411889447,0.019000584071842946,0.499210391014688,-0.4094126115548601,-0.59192633953436,-0.3438459955426405,0.6513899020795084,0.8681421178904603,0.14081381222660594,0.5711730461889308,0.06938352611182026,0.059107860668974034,0.24229421602349482,0.2499656670312699,1.183951906261201,0.2704540995684195,-0.4671098766155538,0.9362157970303707,-0.45968401234052864,0.34623167618156236,0.14888451383821583,-0.4907720840775345,0.13047556554958228,0.6070920939691757,-0.06188369138795841,-0.5319771415136811,0.1019203790729274,0.1505243676698245,0.09788878593267139,0.43527708981325103,-0.045450274402622164,0.31093438269394136,-0.0660536334550899,0.7889961472826831,-0.6718927812254117,0.16446755384328407,-0.16642595205540642,0.2907705531916691,0.369414410849065,0.040302101928714106,-0.4362837047060279
-5.59294818566954,1.677191443843902,-0.6615895944428786,-3.229144346662005,1.3245916877606732,-0.5645099965406966,-0.1706539606845893,-0.7615587133597281,-0.20109369640807623,0.5685329165843596,0.26645586101150187,0.2682899044633105,0.1842317897347674,-0.46588457480375745,-0.8585762948833123,-0.40904410007061787,0.30022426249258444,-0.484558721327576,-0.10442099446450456,-0.6624624559683525,1.0803183951326931,-0.10996021865804546,-0.6355051489086724,-0.09051746191015804,-0.48255973327643403,-0.14666844014284208,-0.4225335311859287,0.028772146560211185,0.09744162988704567,0.22684029490622182,1.1434285445063783,0.4103818499805273,-0.0056430033000076174,0.16415545947469293,0.2956552442709102,-0.33231995063219727,0.08175756399970698,0.0373897867952914,0.7427225648427358,0.11863881380562152,0.14868932474280436,0.3148647308720694,0.7434604140350173,0.5399359939314199,0.3524934829545558,0.2741890220166005,-0.49003482320735103,-0.09974067365919521,-0.10113919588376118,-0.14701665751418222
-0.6966855556338905,-0.5506392549704932,-1.1803788000597286,0.3085698948504146,0.8620485354673423,-0.20284146834124558,-0.11471033615647185,-0.08923657110111599,0.06354560339702493,0.7652372841231346,-0.07075973071855603,0.012722064337180058,-0.24936291048762768,0.08560560631136038,0.4806173454920772,0.3820634329683837,-0.5706739006328849,-0.09471847884351002,0.4599359748399171,0.293721150753537,0.2549648464776712,0.17103305617661474,0.060258962138121576,-0.10714007482305683,-0.2786672027312356,0.9577585708832244,-0.6186494741332235,0.4926705489378115,0.719525878376212,-0.3830985506835371,0.43412693263992297,0.4739893444437327,-0.5987614694728465,-0.4522679674105546,0.7776577624771236,-0.29641279924844843,0.4606299330682662,0.1767394973139184,0.22568696848846564,0.3726530998872804,0.30555160015478505,0.555028378482546,0.3265470307757784,-0.5901144019509968,-0.18626459121846609,0.1599978041779313,-0.0635063250574715,0.11605157201883765,0.7181890321647602,0.19300538269713768
5.018640467147994,-3.1728050458347905,-1.3296442578945113,-0.8241780723164844,-0.3633366506844384,0.3701526651665043,0.015191756210483487,-0.08691779698383395,-0.1908995871050879,-0.29414079398219806,-0.41262994542631615,0.11286378599082837,-0.07240112949462466,0.21133200202804353,-0.052723863179221696,-0.15630566245889793,-0.42867091151246145,-0.01584999833727138,-0.05433069811570177,-0.6717464410603354,-0.27698898609330946,-0.24439428653087347,-0.0016665587766007436,0.056617404821896915,0.18777192416553248,0.24792086848302233,-0.09593230671823133,0.1808850113119099,-0.5511268627821989,-0.5040534051674599,-0.4135860191942813,0.15687687864211994,0.2598852333935874,-0.34146178673736094,0.050224364630672244,-0.3091217849064787,0.2175753143640922,0.14800067503811934,-0.48667284997298793,-0.639847910617352,0.32256149105313875,0.16506241387113582,0.5301686841746113,0.1674535710165932,-0.31108606755288953,-0.13669318976973735,-0.01943402967848768,-0.12865164706716375,-0.2826544103994889,0.1766362133524536
0.3628657709288607,-3.7676327580281646,3.9949460819968547,4.437155738750759,3.052909698638438,-0.20871794120994286,-0.04549253242880244,0.03866274004960008,-0.033212828082381914,0.0999273690578028,-0.3027019617807606,0.20167817243370054,0.23205111124789438,-1.0954141693238157,-0.7571163986249522,0.2753086117500281,-0.6301609701033094,-0.5156006010046214,-0.42907101679451953,-0.11266011744453114,-0.2525418262543286,-0.3644169097634699,-0.2760345768550004,-0.9762225701565751,0.38769894940178895,-0.3630978762857672,0.3110119707703503,-0.34285832051052356,0.2125868199756583,0.1441789868240232,0.009252065583498132,-0.18752182133021822,0.3780987230404557,0.7279520958816543,0.968478038429777,-0.21267619660478154,0.5431926336230656,-0.37637784161592336,0.4106166632658814,0.05296367595715567,-0.09480836756363478,0.16061542404095633,-0.5967987468219793,0.6343862537481502,-0.8222295875353585,-0.7655708110732795,-0.4304112063878475,-0.7108658663254213,-0.043408127029590154,0.01960934917115479
0.39596527164943074,1.1828118778693415,-0.8843357593481062,-1.1973421567932205,-1.4193415136655192,0.6118225371953453,-0.2592291873793359,-0.2788678311943552,0.33526954204286347,-0.2013580654250609,0.46822423497840915,0.028890672090634416,0.26360191123877863,0.002830218487573312,0.5860441135878188,-0.25017583972050217,0.5948296792720079,-0.16882773949476065,0.8133229979740609,-0.35166952654060124,0.925730381475217,0.17326544133592356,0.5829998514492193,0.0411633663372133,0.874149592551923,-0.0970054062026597,0.08594621265357985,-0.03299877588110904,-0.09194222667616639,0.7031744743992743,0.11233956686803709,-0.2849118258247225,0.012243144595963026,-1.3040845770629177,-0.30471036824819314,-0.21486703068162083,0.25583125776747256,0.9443063421845748,-0.26743915715286903,-0.2642605165046689,0.5941100095064342,0.12810633317281186,0.190704477125359,0.4709618876177901,-0.2247192683377263,-0.0009151652794518731,0.6501347030423031,-0.42884168391576055,-0.08922883108558555,-0.4488549813808041
2.503194598600436,-2.1145100384534534,0.28348407937784204,-3.8803252350213517,1.5470285968025212,-0.2467836973633198,-0.9140370258924859,0.09510477415178215,-0.1358903751937515,-0.1651125258227144,0.18184205617830243,0.21459359821849028,-0.5895962960531224,-0.285050390554208,0.024572850360167375,0.12979088926632457,-0.8696333463733233,0.6114453985187589,-0.35079453502247926,0.24697403948391228,0.8323787956836779,-0.2800818010432164,-0.2168173950915873,0.09734800084250243,0.1375908913911418,-0.22332710862295135,-0.15256323726639237,0.2879203466812175,0.12776706959672196,0.07761225217537007,0.10264988664504485,-0.4566519889834302,-0.2581253828735188,-0.2659470148909271,0.36618441111370936,0.6921361013783072,0.5871386024812211,-0.29216549641880757,0.2616157347597737,-0.5257015377130183,0.4154479201655711,-0.3209431654326893,0.62927325501819,0.21687164964075809,-0.5681572456855594,0.18713958904553077,-0.17337204288733024,0.02656588591145068,-0.22200673058428733,0.04574432889853388
-2.213400777217205,-0.7213833636125371,-2.5445361931359605,0.24540918872320833,3.210014907644108,-0.05566289448680376,0.6909754011150362,1.0175682577890401,0.46548954904686257,0.46297810711785053,-0.5411531106932087,0.43717147852549154,-0.6725262114169024,0.04781229278342633,0.12130945191307228,0.12209481439041248,-0.008172628995978409,-0.035147292363236535,0.06419114915768447,0.5147587895949749,-0.6744284304256528,0.40389485049479107,-0.008438984106353006,-0.06915734301748336,-1.0034206551874592,-0.4169825475764183,0.08933341754694146,0.26815326218328345,-0.763986381813034,-0.007676250418567729,0.32754948952945184,0.1861021495143241,0.09759907960973138,-0.5843795193216136,-0.6399561195170106,0.17638227413066557,-0.5149097164584725,0.38285672263436793,-0.8152180334353479,-0.143535468184251,0.23570447706209072,0.48012656158914235,0.6609119827708685,-0.4240738389084166,0.07272607438694038,0.09315551943661926,-0.18041581036119317,0.48683721628156484,0.3208811980848575,0.03676408786322236
1.077496376650107,-2.654187184279712,0.8241191742442979,-1.0879544776702994,1.4980082218855288,0.725444203833735,-0.4971205345815893,0.06888990928481936,-0.39113659515076604,-0.2065074812952798,-1.0386629809435486,0.6160707330004845,-0.08142938255981062,0.6787597717636922,-0.08183723987035577,0.02980515914144328,0.8647088868660854,-0.3397083412587667,0.4826997160657165,0.14199038995309332,0.21234245980796398,-0.2329243526198737,0.06783463944148999,0.24522211194866902,0.3433992165302259,0.4278142088924978,1.0712489419228,0.2762669054174981,0.9556051911744681,0.2873774132044406,-0.6817642672176639,0.3059844311586664,0.5578928832519469,-0.2930320029303916,0.6440381658117426,0.29219836853058123,0.18362411587823468,0.5155681479368867,0.11407319758960428,0.2225728352032519,0.32451399084520777,-0.06566985034587988,0.6239735368975318,-0.15204650430753197,0.184796149884946,-0.07191473015962346,-0.20398835457747633,0.28810402788004796,-0.21546401691340547,0.23266238583490834
-0.0443636918194637,0.5110953754459044,0.6613888832058394,-0.12042203294796855,1.1526630269005342,0.30725293712968194,-0.7024304141260524,0.764673327882336,0.1762736647304581,0.18932620815137868,0.46713350239500734,0.12624332476951788,0.8251636453515832,-0.08226950080812961,0.3765714439939488,-0.5642059087336255,0.40945631862686244,0.24463937187034673,-0.021861716012476294,-0.1625430972944907,-0.7198051788881694,-0.6177553789100946,-0.4651402369029418,0.07259611981818306,0.11026647433773787,-0.7343498122058034,-0.5688629291219096,0.4563875291638683,-0.39452425256319495,0.4182156399979893,0.11937724432798717,0.7301526767341573,0.07539350039917075,0.43871214822629445,0.25164610859736336,-0.41378317060753206,0.32648138366741064,1.1057559956143732,0.10597342764365869,0.13126637342458422,0.25694299947169624,-0.6250556125723535,0.22128911623170505,-0.06007917890753905,-0.6926240307757108,0.06436252274601932,0.12485396309967824,-0.2651737295153346,-1.094218450640582,-0.15112463979860974
