-2.380451335673469497e-03,-3.330561624312016258e-03,-1.457088936140228967e-03,-2.394444180705187272e-03,6.158473595141173568e-03,-2.727570430742591590e-02,-4.026167642752118137e-02,5.861213483337648217e-02,-3.457372149586529497e-02,2.926899036307280613e-02,-8.876561377211915349e-02,-7.379825435854373006e-02,2.309071386036820953e-02,2.952805153874443755e-02,2.213167749328255607e-02,-1.297814813340534938e-02,-3.663583723296846145e-02,7.193381247171229398e-02,7.217243568273876142e-02,1.001385366533694837e-01,4.858993820713784079e-03,1.191078303429290476e-02,2.259580574071647606e-03,3.100513996288203900e-02,-5.749822705245736382e-02,-1.444254716492554200e-02,-2.522550352935269691e-02,-6.227111510481105755e-03,-5.636597053567860699e-02,2.054153771380867743e-02
1.960048473901973218e-02,5.907557014240492378e-03,-1.229588154668268159e-02,-5.897727084494233836e-04,1.433553441401343512e-02,6.469299008279183472e-02,1.828644578750163391e-03,1.785489553095955233e-03,2.381187174336074630e-02,-1.230833773970947120e-01,-1.930085279052112454e-02,-5.054399399442242174e-02,-2.485431142479987629e-03,-2.410629594500827109e-03,1.260016051742819318e-02,1.558865055674074716e-03,2.185269034715694308e-02,-4.874494331424792520e-02,2.143705887973065133e-02,1.286723800184694060e-02,-6.173369634782349680e-02,-5.778012906065968513e-02,-2.457866225208727926e-02,3.950084664199862705e-02,9.634172355653203290e-02,2.730981488700707019e-02,-2.585308037398435441e-02,2.250199279342421366e-02,-2.305085848207532109e-02,6.451834619895815970e-02
6.655128470814238896e-03,1.444326265971891112e-03,1.082458486294879570e-02,1.459965037399916718e-02,-2.782615153574953971e-03,-4.375725569653405450e-02,4.942358918545420275e-03,-4.574243592762997773e-02,-9.314798065798851612e-02,-5.250763440033272278e-02,-8.668044185304037488e-03,8.398718060890314821e-03,3.026000605563372928e-02,5.585613655630686930e-02,7.255788699408438625e-02,3.297702978047029748e-02,-1.947842175809097812e-02,-4.327325760183799164e-02,-1.019303894366759694e-02,-2.964050439711591808e-02,6.583848501805533542e-03,6.495276867995981862e-02,6.769613466789892176e-02,7.739974903505650317e-02,-8.591951584239543305e-02,-7.378746435643585011e-02,3.487210055694651284e-02,9.410127446888535627e-03,1.023418839401479125e-02,-7.665747013277210593e-04
-9.288068745350862646e-03,-9.685080435293844797e-03,3.961868461994673754e-03,-9.952677198564487820e-03,-1.176773146006197292e-02,-1.552584177499620292e-02,2.038948169107139552e-02,2.637987944837699369e-02,-2.966589795382677461e-02,1.481724692875467306e-02,-3.045961011122528053e-03,-5.642707899502540786e-02,1.180598083660096137e-01,2.419391558592591356e-03,-1.074547459677276974e-02,4.196959429452274543e-02,-3.826912496873974279e-02,9.414574859871037427e-02,5.380114999412639876e-02,-3.703271613703457144e-02,-7.935428223119067939e-03,3.071513190364502655e-02,3.625188604820939881e-02,1.891348064815059210e-02,2.149424921451042678e-02,-9.423420070891586064e-02,-3.154845087396597469e-02,-8.159802322941123176e-02,6.482615130451733348e-03,-4.307977597492532174e-02
-1.470331496267843728e-03,1.473721104753276771e-02,3.515833207237631895e-03,5.906768764171252926e-03,1.026281260741397465e-02,-1.483771247958318162e-02,-9.128294080923993539e-03,-1.271570128641527631e-02,-1.046609353289432859e-01,2.019235108459941155e-02,3.841886207956787119e-02,4.651980163936245138e-02,3.186809376766843588e-02,-1.536223378052890831e-02,-2.305132402140471978e-02,2.461961002957026301e-02,-9.115251758534340110e-02,-6.600622646980707289e-03,6.683978328823533821e-02,-1.205362146293352359e-02,-4.142237136445148238e-02,2.786746787482854634e-02,1.679177200140204509e-02,6.143601966491912814e-02,-9.313686946952838552e-02,-2.415046493824547086e-02,-3.478400117449666727e-03,4.140766253016416043e-02,-1.686512296645895775e-02,5.970247343878556934e-02
3.088928964028539188e-03,1.240551839279195601e-02,1.905032729042508213e-02,-2.049464900881679558e-03,-2.005286512399498053e-03,1.114720914236898980e-02,-4.485089964628741210e-02,6.664568691587921534e-02,8.176016683476964621e-04,-4.960990501541258368e-02,9.866340145837990475e-03,7.839204295577748699e-03,1.103109334973336186e-01,4.207268279729134419e-02,3.372662221170413810e-02,1.984864049448319123e-02,-6.918661628340882358e-03,-5.621351020365728327e-03,2.330115712572774361e-02,-1.026214151147489123e-01,-6.826259430365692882e-02,3.364653038934306561e-02,-3.372180800080153140e-02,-1.843546941234902592e-02,1.981853262179213496e-02,5.605414982631179953e-03,-3.614139361855230742e-02,4.921767115979640977e-02,-9.393792326380753788e-02,-4.232829657756015905e-03
-1.899383633663548213e-03,-1.484511969580373097e-02,-1.743187175387285849e-03,7.153051393857868742e-03,2.046442648805386899e-02,4.094352129119330913e-02,-4.472720289075233710e-03,-5.020274456572380861e-02,-6.586103401556273095e-04,-3.483012578464860648e-02,8.825328222401880238e-03,-4.865086390908508057e-03,-2.727783145528306710e-02,-6.725067335004575320e-02,1.812635158646319286e-02,-1.742677180686787522e-02,4.956411625356190592e-02,3.770135402502264310e-02,-8.633196727166093931e-02,7.073286384894515721e-02,7.244080704820309718e-03,5.425466118829062878e-02,-8.046285852656231974e-02,6.228195169443506707e-02,-7.052364447051999441e-02,6.423947984395766975e-02,4.121006082757212863e-02,-1.817771128328130384e-02,-3.930084694449931942e-02,3.752803561551121964e-02
-2.149773147423054455e-03,8.602692351423260608e-03,1.037440184486693000e-02,1.151210409027889764e-02,3.441842723402380178e-02,1.385118432394643814e-02,3.078181843641163845e-02,-9.053356171633887561e-02,3.545729330353834113e-02,-1.791464141647386085e-02,1.098933237752446751e-02,3.879196404964078276e-02,4.354069998600846453e-02,-7.195317678281329225e-03,-1.540427720060149296e-02,-1.593319023954234068e-02,3.979545340427254746e-02,2.382617344368797782e-02,-2.666722064453735247e-02,-4.008527682055692404e-02,3.369621401265837646e-02,-3.255875896619430526e-02,1.993340330880987235e-02,-5.424049562810105002e-02,-1.350578062627865242e-02,3.561174186427161319e-03,1.574715054616352555e-02,-2.620641004154467338e-02,3.055436927990030221e-03,-3.554021970179858936e-02
-3.826700457165686103e-03,-1.304816327638047037e-02,-4.909952828845830057e-03,-5.647599947033577102e-03,-1.256316930196226846e-02,-4.551200035233469304e-02,1.064989054376136585e-01,-6.364840547752310951e-02,-6.195717132741885950e-03,-2.850486137191834274e-02,-8.757357766443416014e-03,3.346134825715130212e-02,6.814627498351846779e-02,1.030393999735959576e-01,-2.404265065126019382e-02,1.387689667137654084e-02,2.151983958835944290e-04,2.439996821616950695e-02,-2.678375492133784619e-02,7.791921926760222994e-02,1.454878003378983669e-03,-5.931828652797777046e-02,2.368002273497289700e-02,-9.182277866305260661e-02,-4.595101432683933868e-02,1.960401793220040850e-02,2.130574493210476029e-03,7.508711650782322507e-03,1.027029747464292160e-02,-5.167330048928223812e-02
-4.961933288141988536e-03,7.426282733168212968e-03,-1.370039748511125283e-02,1.367571417925552042e-02,-5.081085306044158707e-03,9.326334716538468850e-02,3.800899892245195033e-02,-1.277142323660756737e-02,7.904059775086019757e-02,-3.287186798772046004e-02,-8.635007932276375642e-02,-9.155791460691983796e-02,-2.916932443981138864e-02,1.909734889013748813e-02,-4.586374561408284277e-03,4.613891662618793688e-02,3.448323405639804051e-02,-2.242494036112309061e-02,3.118284591062219988e-02,-3.986492394360711955e-02,4.817606930317712421e-02,-2.193560162788216888e-02,3.169541892659643451e-02,6.454923303409028585e-04,-2.488137110538485297e-02,3.668968387109129703e-02,-2.516145325977276262e-02,2.687756037905694034e-02,-2.699552850600621737e-02,-6.408729200642403201e-02
-6.699975072516321664e-04,2.637379423654286070e-02,1.530543065910136731e-02,2.252041869886851552e-02,1.595693940857703316e-02,-1.279237414426247221e-01,9.478968591918825529e-03,-2.775879829903406173e-03,2.995801986593439603e-02,-4.948670438229178098e-02,3.261876315568424528e-02,5.934626242839484422e-02,-1.720947938461963797e-02,-4.576045421128651508e-02,6.880535606163916927e-03,5.836325118129223610e-02,-6.069518149962833953e-02,-9.492311089512418809e-02,1.573488162231736695e-02,-5.311748793511078710e-03,4.807425676689517507e-02,-3.714741689381220041e-02,5.660942445055532068e-02,6.765421973954276191e-02,1.634249530457742780e-02,3.264125104285472978e-02,1.109410423600100393e-02,1.518056008214715979e-02,-3.915547113091859266e-02,-5.907439110639713109e-02
1.339473158990191724e-02,-1.061634000980364416e-02,-1.869000433963072944e-02,9.114043217790145784e-03,2.815211422978605021e-03,-3.618738749230957646e-02,-3.618340958491794018e-02,5.617141944824249888e-02,-2.619103120706992721e-02,1.540346328308279077e-02,7.723309106038994676e-02,2.918820729192020402e-02,-7.019494067565414455e-03,-4.639199958268879626e-02,2.924424469536096582e-02,6.499970245609989691e-03,-3.863678343794991338e-02,5.574682314741593453e-02,1.504792614201267559e-02,2.113428821427700346e-02,2.291042647368140422e-02,2.477485273857281400e-02,6.577079330374714997e-03,2.809382537662785673e-02,-5.386414979014645527e-02,-4.080954047926693001e-02,-4.390772997910249303e-02,-3.710436256877275990e-02,2.062142316014085527e-02,-3.836879429915573958e-02
-6.411138552991930278e-04,3.042356255100073193e-04,1.684242398018587781e-03,2.138299702583168482e-03,9.802944009823073845e-03,1.249743228861489516e-02,8.898243294706651568e-03,-2.856649607519196402e-02,2.649252601169568497e-02,9.522266499626961048e-03,6.513881060241864807e-02,5.763873940526655082e-02,2.706989791912998208e-03,-3.786131064669107787e-02,-2.468815780094107612e-02,-4.782960537625847997e-02,5.733352187971409858e-02,7.952548042410060095e-03,-2.137897863737254350e-02,-2.219833820239517155e-02,2.165013847670011968e-02,-5.272465951048732613e-02,-6.860047708037866898e-02,9.441886331337330518e-02,-4.850840058539820920e-02,-1.333073634753499312e-02,-6.255536086279872565e-02,7.012813676927330542e-02,-4.977952294917074860e-02,3.035521981827014534e-02
-1.830523198695081788e-02,-1.014969277206914829e-02,-2.044889646502475594e-02,-1.138237544089396903e-02,-1.905884554742960993e-02,9.280766341770618072e-03,1.979435290791331428e-03,-8.678155146108965101e-02,-1.641638670067032887e-02,-1.533903506705119012e-02,-4.459352704309032384e-02,-3.360292868383202985e-02,4.510538478154152431e-02,3.692511619255665206e-02,4.513371378162069070e-02,2.435300539858926278e-02,-7.117804244850360618e-02,8.038057510102676606e-02,1.169329639114714652e-02,4.133071700061322074e-02,-6.134582116781165870e-03,3.374806212617008361e-02,-5.541441212438963371e-02,7.649177154155742397e-02,2.391767249387201019e-02,-4.265803182665002524e-02,-3.286494992195976989e-02,2.441995154954386318e-03,2.444920655793303768e-02,2.709777145224188249e-02
-8.851963300129257403e-03,-8.085514543255588327e-03,-6.276016046818270328e-03,1.263861351829684808e-02,1.204772591704230539e-02,1.453575143084926552e-02,-1.128296940164209977e-01,-2.637503152962920178e-02,1.515495136315477692e-02,4.442601395284635074e-02,4.938655451529579826e-02,-8.797414267406282809e-03,3.213463977600430205e-02,4.651095529585998201e-02,1.739998080044664192e-02,-4.783769067540495634e-02,-2.318514338991306892e-02,1.716942845650770710e-02,-5.513612682743902760e-02,5.593785425081308771e-02,-6.241376606644906400e-02,1.747516022859790796e-02,-3.083307093543224270e-02,2.714719676755222508e-02,-4.735150703975410380e-02,-3.123149563269523449e-02,1.093396541612064454e-01,4.446343462301225596e-02,2.708767808724152695e-03,-4.927224859546274621e-02
5.356274315869412501e-03,-2.566572830924845200e-02,-8.580980028905454624e-03,-2.388934588994792024e-02,6.189748021852264914e-03,1.099540703138341541e-02,-4.193493418230911235e-02,2.617525630281431967e-02,-2.745152498064095531e-02,-6.151989434955382197e-02,2.536447926946958434e-02,-5.092182583113966793e-02,7.572566159883498127e-02,1.369161798778919560e-02,-7.551835558566714901e-02,2.792438077678302891e-02,4.943445533962052829e-03,-8.779997703831362438e-03,-5.591434747397683834e-03,-1.314208150538114656e-02,-4.238020409708181946e-02,4.306259282759063167e-02,6.473177130254074985e-03,-7.056785676667852274e-03,3.721986831623907283e-02,3.456890985092360424e-02,8.456559201544644466e-02,4.286381385159988844e-02,-5.840852224449278284e-03,-4.684627971859030293e-02
-1.373580269769676156e-02,-7.894706291295475187e-03,-2.458185187046565273e-02,-2.130022920476046591e-02,-8.087534168904999751e-03,-8.112606783704446461e-03,2.131925064615067950e-02,2.339927276663255132e-02,3.597086185415303283e-02,3.313203471559533764e-02,6.429385367946352514e-02,2.068527304973792613e-02,-9.454978331168610584e-02,-6.713886044143145548e-02,2.502044923470327781e-02,9.938685626709599374e-02,9.979091294836957629e-03,-2.767216096669068703e-02,-2.661130677947979792e-02,1.294088326683069581e-03,-1.972297595668811784e-02,-3.144830647253576972e-02,-1.395476816572172041e-02,-8.804654050891277603e-03,5.713624201835896393e-02,4.400602225811128809e-02,2.819705128350180612e-02,5.175194314620194629e-03,-7.366660701662834654e-02,-2.171338753106347164e-02
1.672478891418488489e-02,3.052334969081050078e-03,2.086435158981776727e-02,-6.084303299939262770e-03,9.124306468805522610e-03,-5.156896887775403587e-02,2.670896601909353643e-02,7.141259328159977118e-03,-6.750413631458380970e-02,-9.015994992893445678e-03,-1.117300484816669409e-01,-2.823119829949746404e-02,-4.938986905834173019e-02,1.326946653620656759e-02,1.050526289677097130e-02,5.347470800792950008e-02,1.273758086238191076e-02,3.253662916930213228e-02,-2.359723153811834825e-02,1.619113869599405134e-02,6.250842056465751029e-02,1.844752184091609862e-03,1.114757532097022941e-02,3.458821170804089046e-02,-3.654858019345084974e-02,-2.517857732431008980e-02,2.100999081169984198e-02,-2.200581353821979592e-03,2.135920954552242984e-02,3.626053614166756950e-02
1.890614410921512625e-03,-9.462813189960095003e-03,-1.718598098116092682e-02,-2.185034001104591006e-03,-1.259245666921855571e-02,-4.199525756929508506e-04,-1.654836874685419821e-03,8.431084119874998964e-03,-1.222278946992088949e-03,1.557946864516403934e-02,-3.059690482445768037e-02,6.178370341166844470e-02,3.611883460471264351e-02,-2.848351728599409979e-02,-6.979456866420785666e-02,7.254276248247766568e-02,-6.081448869321954415e-02,-4.379958942851271131e-02,-1.855188220481014671e-02,2.736895014573445181e-02,7.502776794821960915e-02,3.552705026248717535e-02,4.458841871395988893e-02,-2.516217931563820981e-02,-4.950756632254905282e-02,-1.636144185207312127e-02,6.263133948324547950e-02,-1.510832315499931189e-02,1.181830147835935020e-02,-5.040448072154888465e-02
1.953415355545931598e-02,1.526227048069730974e-02,4.515015798311053374e-03,7.518588833467564590e-03,1.568612145447090267e-02,-3.167784344874193664e-02,-6.148639724309609006e-02,-6.347516473614017024e-04,4.390637605368642726e-02,-2.128265070693912200e-02,-2.607320679567724439e-02,2.061634641952145644e-02,-1.329621132914241173e-02,2.244608505683241134e-02,-5.304606829638379602e-03,2.306311604631784348e-02,-8.657236712189052275e-02,-3.692174320499389678e-02,-4.528505689985085070e-02,-1.069948368791079178e-02,2.197375523951926660e-02,-2.069115884928954610e-02,4.563857099260161532e-02,-3.309791654335385996e-02,3.846067167685013333e-02,5.369644545256394008e-02,1.058523577438949710e-02,-7.616816824874476878e-04,2.045913495060937976e-02,3.042318820507535979e-02
1.170033647234284407e-03,7.668983272633815573e-03,7.398666392173652850e-03,2.966810641723874840e-04,2.553915262311189094e-02,-7.886705983522576680e-02,-3.633818663007305078e-02,5.042479391247062237e-02,1.614689472162555636e-02,3.856623371175250947e-02,3.704982491575416897e-02,-2.728695553761160617e-02,-3.943574691931459042e-02,-9.453071392757708691e-03,-5.635956127326371273e-02,1.050598884705518793e-01,-6.078792210417665459e-02,-1.571334376696790006e-02,-4.759441580235584945e-02,-4.266920793684993857e-02,3.302995859817118435e-02,-8.672914098979600528e-02,2.166199220602603101e-02,2.231026820117937987e-02,3.756606775894664324e-02,-4.960044473729263714e-02,4.503007820321119209e-02,3.295442598299158643e-02,3.056360461209437981e-02,3.839750863158426786e-02
-4.831919435153678340e-03,-4.273796873790400123e-03,-7.027228497448786970e-03,1.635665677300470952e-02,-2.839276788199446636e-02,-4.029259751241687226e-02,-1.640739399118075134e-02,-2.764555170886498145e-02,8.019505670563654987e-02,2.374189219502305381e-02,-8.580047286194191977e-03,1.389468716821945157e-02,-1.763949444190710328e-02,3.324098795006118906e-02,3.464408619305218290e-02,7.945227546372270189e-02,7.714831482355258285e-02,2.488005986709973874e-02,-4.102204500092142270e-02,-4.094834644407614743e-02,-2.289848851972811974e-02,-2.771032833659376610e-02,3.867445109206130160e-02,-3.008740046335036181e-02,-2.021003417173751829e-02,-4.048067292203175183e-02,6.394199366632369319e-02,-5.329700848306476862e-02,-5.417347043521612143e-02,-2.518694920859188848e-04
-2.240097661939281955e-03,-2.079224321967325373e-02,6.893891010752098078e-03,2.764862374047785242e-03,-1.595073385586773598e-02,-4.851408693745258571e-02,2.811317027173137334e-02,3.240299053206938118e-02,6.056499053812178235e-02,4.294149855291069795e-02,-3.294210457996396557e-02,-3.694972919599670558e-02,1.032846957725246789e-01,-3.049334643651796864e-02,-1.047004267830830941e-02,-6.917621845611068854e-02,-7.608845910937316048e-02,-2.131620381880314913e-02,-2.521997880729963046e-02,7.479169977262926927e-02,4.502433559028298782e-02,-1.399346001009519995e-02,-8.817591166142325909e-02,3.643061582415409866e-02,-1.133900138980233410e-02,-3.938833426817219679e-02,2.655524627828155862e-02,5.424341274313829175e-02,1.726387977823842096e-03,2.731215484833155599e-02
4.122881809642089598e-03,-1.187346770888838762e-02,8.748141395703915024e-03,-1.999061899006992007e-02,-6.366039668265901369e-03,-3.258466233525118827e-02,8.181565399322954235e-02,-2.990894104813640250e-02,-1.841897634160741953e-02,9.206424470260310411e-02,2.421265987165212991e-02,2.919033086023761422e-02,6.282358663938375498e-02,3.793935879887202177e-03,2.632775798282370808e-02,2.471977665808009275e-02,1.565641049879465743e-02,-5.972445218147889867e-02,8.295418611697656652e-03,1.423931163028374115e-02,-2.596613937756236598e-02,-4.011417532256281171e-02,5.618109748087641436e-02,-6.710746434131523337e-03,-6.890497313940950608e-02,-5.114296883054821052e-02,-6.275656828578056456e-02,1.035007099765813433e-02,3.021976580959327089e-03,-3.110052592981990896e-02
-1.817221869705909834e-02,-4.043551186375369394e-03,-1.127259694672355823e-02,-1.685271659056288354e-02,3.600800851411003253e-03,-8.380432078637753412e-02,2.727744733831621166e-02,2.669524699687129965e-02,4.410189638070576706e-02,1.670753006761487025e-02,1.034829348919689453e-02,-5.593768785348612188e-02,4.490974799376316884e-02,4.152482561353461332e-02,3.120695899195646134e-02,-6.238417104567940685e-02,4.202371086053450361e-02,-7.960714352816862516e-02,-1.855725058003369378e-03,-1.807571627819852186e-02,-4.528402691591082441e-02,1.222450352891312764e-01,9.119834951617099283e-02,1.431772230302001160e-02,5.175392915703105196e-02,-8.137050050266766976e-02,-1.022237820844473788e-01,6.097547370438257536e-02,-4.782785169206366788e-02,-1.749593879166902823e-04
-1.325823538263323678e-04,1.010965536228511027e-02,-9.788804148630390889e-03,5.736616290239051480e-03,1.201177360555608260e-02,-5.850799241909127035e-02,2.201406822053224906e-03,-5.349048727104531442e-02,-6.969375253343006171e-02,-6.992945889449281305e-02,-3.153959438978653357e-02,-3.226832059342703979e-02,-4.877358769372853314e-02,-1.344418399818503133e-02,-9.770232847007503940e-02,-6.751372161392478477e-02,6.909462859082564357e-02,8.490620344665680830e-02,2.736205453899736087e-02,6.075684985066584498e-02,4.299700465848796394e-02,2.517343128855497811e-02,3.855777858391856716e-02,-4.927521185548472404e-02,2.524895000053263214e-02,6.146763999055895183e-02,4.050261481422140486e-02,7.233787614012547607e-02,2.490177916003477251e-02,-1.306236908585931217e-03
1.003473294379945459e-02,5.580260336778310182e-03,-1.043913319263119026e-02,3.600565174179721009e-03,-7.710228971277000194e-03,1.297359364497487240e-02,5.122707851594938966e-02,8.228223824974558939e-03,-7.861881315124497061e-02,-4.752291837196735008e-02,2.516127205586260115e-02,-3.343269510083796831e-02,-7.318861576916284306e-02,-3.681503161223339399e-02,-1.531325887475189045e-02,1.041383914816250422e-01,-1.470362546628797319e-02,-2.867458681533860756e-02,-9.196140235797378368e-03,5.192247588172106687e-02,5.057255740454463799e-02,-1.770922601404432625e-02,-4.869942822733167725e-02,5.536087440242114244e-02,4.819103618461164501e-02,-5.582621525333424789e-02,2.308425435931931845e-03,1.822482730063701775e-02,4.075031763615891145e-02,-1.042471516792945613e-02
-1.226403002372622453e-02,-9.949595750205542967e-04,-1.170170535067431399e-02,-1.070072836518861335e-02,-2.218164146811495152e-02,8.354846480751420418e-03,2.024927001743591012e-02,-6.271622639503949929e-03,-7.773495960396477333e-02,1.595037988998653303e-02,-9.463654159011481229e-03,-7.830232536104123064e-02,-2.169816946026648444e-02,2.261465456979537894e-02,2.167152926883263858e-02,2.014268109885003141e-02,2.889773926871673157e-02,-8.050785281815209596e-03,-7.122123950430946093e-02,-7.214340242218942462e-03,1.814552987960672825e-02,-6.978557604912068169e-03,8.978876057095280805e-02,5.228509434831885710e-02,1.936228002272496118e-03,9.152947985801569708e-02,1.896637626522253497e-02,9.815386243939428282e-03,-5.466881073334331487e-02,-2.090042638958561697e-02
9.905453963065902895e-03,1.308998647579623711e-02,4.106983012003313088e-03,1.962271486261416703e-02,1.235474054628311891e-02,-5.365925276206282707e-02,5.484488191429026660e-02,-1.454490671245646238e-01,1.071108863082209650e-02,1.754881472987823189e-03,2.853487535965940070e-02,-5.769686556889289109e-02,-1.241919771121189828e-02,-1.599910415710887115e-02,2.429043221770449748e-02,9.595813719033043088e-02,3.588184529921462779e-02,1.556020232752705450e-02,-7.838432486104085495e-02,1.254665319452991372e-04,4.399506453663810934e-02,-7.132085913961741519e-02,-5.621007890759172759e-02,-1.892967615668786352e-02,4.311851256439210370e-03,3.355258540680097074e-02,8.003502160359504680e-02,-2.855844753885055862e-02,8.544046730024222602e-02,-3.544980598033027619e-02
-8.568040718828016933e-03,2.495545853539551592e-02,1.714357873491929515e-02,-1.590193763749735145e-02,1.651765489442872520e-02,4.306344249694071119e-02,-1.645980114594671612e-02,-1.378977774169908889e-02,-3.081507486141376109e-02,7.229651193116418129e-02,-1.416910395398309538e-03,-1.369179999673505663e-02,1.730003473235856501e-02,-5.751737995659989000e-02,-1.791100422877845919e-02,2.926648184350832960e-02,-3.862983536510157523e-02,-3.720762385245402620e-02,6.420433020438864880e-02,6.538282887526878674e-03,-2.184987430614054524e-02,-3.201431527803925980e-02,2.446545673637342405e-02,2.107991128920893090e-03,5.336264495849066085e-03,2.648942134422687441e-03,8.482729983391711082e-02,2.627857817452657063e-02,-2.187872034565349275e-02,-1.092982129343550157e-01
-2.071149399039474634e-02,-2.309695044868848284e-03,-1.667871214373292665e-02,-1.318845667602590657e-02,9.608571750647101981e-04,3.866768141120480173e-02,1.504560507769747094e-03,4.884167934773237137e-03,4.676601216626431745e-02,-5.794833023638495256e-02,1.094613599400843552e-02,-6.994273476736992401e-02,5.268145425254688353e-03,3.781655815679380722e-02,4.948208668849708725e-02,-4.941969026656722885e-02,-4.742446469095613210e-02,-3.952658537170346265e-02,5.180079218994586288e-02,3.355648638514630716e-02,1.995775197394364028e-02,6.244883637779528179e-02,1.003569830569383675e-01,3.373872508065257209e-02,-1.091399878831205393e-02,-1.867585519774892650e-02,-1.340694309980676284e-02,-3.174892172361663129e-02,-3.444919816743864660e-02,-7.181070035912570648e-02
-2.550579833160609988e-02,5.369990938217135759e-03,6.062205723312619199e-03,-9.082035195960303994e-03,-7.295069966642999532e-03,-2.495927066869709290e-02,-7.410508848865082765e-02,5.069411715926068485e-02,-5.236020811822002935e-02,7.011765924844612363e-02,-5.029063310271734977e-02,3.741665770721603473e-02,1.368635029437223309e-02,2.825569421509014538e-04,1.103740922283503491e-02,-2.513054748906376826e-02,1.157499728930919819e-02,3.330601160554207824e-02,-5.562712393281306865e-03,7.083627215594572903e-04,-1.508734845034317290e-02,-2.044352978530651187e-03,-5.803341924327824058e-02,1.475570587868758055e-01,4.967055329647240662e-03,2.721243716850024058e-02,6.967437809067928908e-03,3.191660836942641216e-02,-6.695128075159861858e-02,-4.246915113714874734e-02
-1.654427934050824514e-02,-5.452708456381063487e-04,-8.262893816519281329e-03,-6.034415795170391776e-03,-1.880620132874282618e-02,-5.854666301746887236e-02,9.005371497199094258e-03,2.259033964097006617e-02,7.921742148181114274e-02,-4.437799983621544542e-02,-6.354055430829229356e-02,3.718951471204866299e-02,6.603006775797781724e-02,1.663228957494485710e-03,5.371468316302226848e-02,6.181231320809834479e-02,-2.737558391035794722e-02,-9.100212234733912747e-03,3.974687037691120722e-02,-3.602578968510214419e-02,5.871796946656496902e-02,-3.360269087824636815e-03,-4.159834835838828460e-02,-8.928473864637387000e-03,-7.478019986905407035e-03,-3.708366174809150234e-02,2.905071452929364542e-02,-1.073198706066454469e-03,-6.311764045490811728e-03,-6.374489487523771203e-02
-7.503696364751155298e-03,1.655023984730985900e-02,-2.008730965162590549e-04,-6.473805491827831077e-03,-8.180001288227219114e-03,-3.312712316401859869e-02,8.215444932049395521e-02,-1.210708663403789985e-02,-7.140820958418632458e-02,-6.301236846993310547e-02,1.558375519367078375e-02,3.144375155525089977e-02,3.332815985314702828e-02,5.636858650026787404e-03,9.903194995593582114e-03,-4.961600938224425272e-02,-3.304757261203913887e-02,6.410426208238302614e-02,-3.982298551399939684e-02,2.366457876226986737e-02,-3.923245271537716822e-02,-4.458557318628521976e-02,1.799543092526807372e-02,5.546929418108811211e-02,1.887331991732043787e-02,-4.462509326084731186e-03,-5.489904836565293912e-03,-3.624685571161986863e-02,1.769899354111027084e-02,6.211073855278086142e-02
7.446192175691136901e-03,1.266938631702649830e-03,1.113506093081300871e-02,-2.683832424598376568e-03,1.622996897617165132e-02,1.551477508194835583e-02,5.803596648231539729e-02,-1.500890018551204880e-02,-2.415931210982620245e-02,-8.838855977233349426e-03,1.343338195144041028e-02,1.486668486131128425e-03,-1.093443301787997007e-01,6.122341934462458002e-02,1.848692064750350264e-02,-5.015045549304714134e-02,-4.370786706171884278e-02,4.678676577404195652e-02,-2.285883407581925861e-02,-3.881553289782248284e-02,-1.950870788847395079e-02,-4.921681454658777960e-02,9.397505447152870728e-02,-5.328944730842354732e-02,-3.179419464683069102e-02,2.636995537135840978e-02,3.584981710720131637e-02,2.152617904335795904e-02,3.070744696357380690e-02,9.902573355289379098e-03
6.378941217712781782e-03,-9.452755945099760790e-03,-7.639433938153403214e-03,1.562432177319414243e-03,-9.146328921170595108e-03,-7.461913505822545534e-02,9.612089538608263595e-02,2.364132498495160467e-02,4.390844757814689470e-02,-2.459409639153992480e-02,-3.443455268638460215e-02,-3.209890424137171877e-02,1.966182137846086281e-02,9.554310526349654720e-03,-5.026012023344540551e-03,1.559424822358814258e-02,4.420133573970456281e-02,-7.475279645899908509e-02,-9.573097016075292343e-02,-6.286866349460755454e-02,-1.501423464741893400e-02,1.964411756020814290e-02,3.284095554129409095e-02,8.181202826206861178e-02,5.329317147847475317e-02,-3.973687055489365239e-02,8.198044689280816269e-03,-1.115043415915109928e-02,8.910027471270016985e-02,-4.924716077522993396e-02
8.836983735195824002e-03,-1.069329086156865782e-02,-4.730409898843703116e-03,-1.736641879682513517e-02,8.613465250272039908e-03,1.576259835125434772e-02,1.641545443948394870e-02,-8.566674255078498071e-03,-1.168160065387799026e-02,-7.565041683323053823e-02,-1.115793034293864269e-02,-3.851445968217005050e-02,6.914300096234005100e-02,1.078080318552211182e-02,-1.123368906069829171e-02,-5.855338101597202388e-02,6.734970715620872128e-02,3.989949020719863598e-02,2.022021409020490282e-02,-4.666804966994519271e-02,2.465025140538304113e-02,2.880739999730759331e-03,-3.756479930407344986e-02,4.476444946240606265e-03,2.122578954566430032e-02,-2.393331548665836306e-02,3.760423871536169860e-02,9.791507410811901846e-02,-5.350375625961645981e-02,-3.595606397668297399e-02
2.618963052741733050e-02,1.479531479283224295e-02,1.055534085310779781e-02,2.565873909702100913e-02,8.791389890297996931e-03,-5.525089592745514172e-02,4.866547383756314460e-02,6.550620839308868987e-03,-4.887261646154137523e-02,3.129133309546736769e-02,9.333868713298336395e-02,-3.301632236575516993e-02,-1.802007687029635180e-02,3.244298992780790536e-02,8.981629107468454276e-02,-1.351958177422442169e-02,-2.372429893427398934e-02,6.884030275963088502e-03,-4.241312062991584725e-03,-1.035389455192912977e-02,-1.815748662137112862e-02,-5.742509418853375402e-02,-1.564646343356897867e-02,-3.359614396118379420e-02,-6.467047829894269351e-02,8.061629964395680345e-03,-9.920928791941532182e-03,-2.436276036903376602e-02,3.025024903316938032e-02,-2.513365728976938319e-03
1.051163514699996956e-03,6.518768366878422045e-03,1.125596477090965580e-02,9.659932756506046589e-03,1.073967084306016138e-02,1.679754281351165252e-02,-2.394569148353157748e-02,-8.410121858096523961e-03,3.183946410729390081e-02,4.774048401543728309e-02,-3.056016825328330966e-02,5.496085766257890332e-02,8.859973844469604121e-02,1.907452606591564237e-02,1.766163420924152933e-02,-6.251537321784332579e-02,-1.832615709739495932e-02,-3.172019677245763170e-02,4.253992609213949616e-02,-5.643125436783589383e-02,1.249995732890978907e-02,-1.363859875624346893e-02,5.623513990259659118e-02,3.998086689972213392e-02,-9.532054905796604263e-03,-1.269609697372721668e-01,3.926685026453538563e-02,-1.685781550142928173e-02,-2.162689613696694782e-02,-8.589718997048083338e-02
-1.455478622184028757e-03,-2.989397010155438964e-03,-1.082807597165311511e-02,-6.234945408608132990e-03,-1.224853564239964570e-03,-6.175468749476428765e-03,5.752328518187765395e-03,8.817644549590383102e-03,-3.900561952665632798e-02,7.428231546701238863e-02,2.348238225260819087e-02,1.599695935078464032e-03,-3.610106336994248905e-02,6.971260464829203730e-03,-8.371779938140130883e-03,-8.318959031616968147e-02,1.177377834275376324e-02,-7.579065424155291032e-03,5.683095875822644777e-02,-2.406749871849561424e-03,-1.979473526811870165e-02,5.115539210859520319e-02,-1.140882134553570203e-02,2.798833243962613529e-02,-2.877814416496015867e-02,2.335298984690114144e-03,-1.441702531812121338e-02,1.244597503956286072e-01,-1.002949627568423124e-01,-1.519336159001795361e-02
-1.189547589967452712e-03,4.699448865017477410e-04,2.844180683684167932e-02,4.977825759637491757e-03,1.300979872267060342e-02,-4.475886885501995094e-02,1.311824593063913406e-02,-7.643131176286299677e-02,1.271614254593645982e-03,-3.407234935659755881e-02,5.449378682643702537e-02,-5.703902289057679112e-03,-4.428349117050032341e-02,-4.662471207617399464e-03,-2.132649161717423136e-02,5.171182270766357114e-03,4.214086163293833537e-02,1.007194602796509381e-01,-5.681011751371350255e-02,4.251094870342458226e-02,7.970754922672983189e-02,1.117166258940241290e-02,-1.223089559834287729e-02,8.551713789185535347e-03,-3.715975766979667805e-02,3.686497156813314802e-02,2.931525448775793713e-02,2.567227794877534330e-02,-8.780443041174162966e-02,-7.117527067169344968e-02
1.888467466369186248e-02,-1.295365856430727956e-02,1.636745772520832240e-03,7.898496460934387522e-03,6.417639646102773869e-03,-9.575304862007595619e-02,2.861543017812819348e-02,-3.034701731121812289e-03,3.342001529557902997e-03,-9.072505875427218369e-03,1.394617932619903258e-02,-3.085208283407994689e-02,8.677572062481989090e-02,6.410464278234598821e-03,2.590980697390031159e-02,-5.128402114274787510e-02,-4.198479034481569783e-02,-1.030167654356009543e-02,-5.021942081926918100e-03,-1.251356226279465474e-02,-5.609918819003557877e-03,-6.431751457729820154e-02,4.442095151691317217e-02,3.529994714058084376e-02,3.635609486854670530e-02,-3.903739038928637217e-02,4.397649776937848087e-02,1.125285546657285238e-02,3.956720717487435118e-02,-2.897389960451056401e-02
-1.908555146076699321e-02,-1.486069008148653212e-02,9.970387051671216611e-03,-8.183450670952493317e-03,-1.004770547240923552e-02,-1.228164128223758686e-02,1.418050860037237126e-02,7.843776891560069742e-02,-3.937781620406400479e-02,2.558700955743376318e-02,-4.852026270152857979e-02,-5.718965521835008003e-02,1.295205289025792156e-02,-1.932028347627913131e-02,5.644962526343235559e-02,-5.432194325649231348e-05,-4.708101736964518183e-03,-6.736289138036982357e-03,3.424082866564433919e-02,-1.397165620166577853e-02,2.859873817644882632e-02,-1.268281068058108203e-02,-6.146057496751353155e-02,2.144992034746721898e-02,-1.710947998525292821e-02,3.145181307745486404e-02,-3.797026284147515807e-02,2.045617483276555154e-02,-2.236277375785608243e-02,7.214850044212801905e-02
4.301789096592762741e-03,-1.642882727899426867e-02,-2.462882955681524089e-05,-1.801702561915895576e-02,1.001578978470444789e-02,-3.639475670392187251e-02,5.614993663092584381e-02,-8.773542080146813291e-03,-5.282230254495097477e-02,1.744930361973774310e-02,-3.616627268584955701e-02,1.522209116365480855e-02,6.015918782171182297e-03,-2.322369708586190240e-02,-6.932576892225097813e-03,-4.003496963628725563e-02,-4.000610842075837115e-02,3.715181281083924231e-02,3.664099750251247761e-02,1.082863624454538307e-02,-4.757889056119646298e-02,1.247890192280631111e-01,-2.066123196142445953e-02,3.621398071998362111e-02,-1.128350355951465885e-02,-7.454137924222523082e-02,2.717422022481224761e-02,4.040093955184659996e-02,1.737278976623559540e-02,-6.837512024552385749e-03
3.093719315883656715e-02,9.003291944828219207e-03,-5.965862692948905449e-03,3.024034497634003546e-03,6.139919528744077794e-03,-5.245895182684862795e-02,2.737752342812699996e-02,-8.837852271797942000e-03,-5.690913149455073886e-03,2.022488570069980608e-03,-3.084562927348135156e-02,4.392584924376495212e-03,1.914774172980467093e-02,-3.599425265128787521e-02,5.894733130995577497e-02,8.789738095006561711e-03,8.690924016212558945e-02,-6.290225172225116096e-03,2.371349224707851658e-02,-5.600561351854899117e-02,-3.523770756818527840e-03,-8.705823565351636720e-03,-3.113639493277517087e-02,1.638756997002170299e-02,4.853901060919894178e-02,-4.685350527009194549e-02,3.043100205676272860e-02,-6.303678041057257653e-02,-1.278481619350419797e-02,-7.631770546862831454e-03
7.376251734257889200e-03,7.440420848643642879e-03,1.707888294423444246e-03,2.454961902337503277e-02,2.276509441188059521e-02,-2.943219378114375964e-02,3.863066063843344916e-02,-5.597823736783355542e-02,-3.856949175052852563e-02,8.861134773849328045e-03,-6.678289959072023635e-03,4.077171976897827482e-02,4.692775234556111758e-02,1.426166262367809141e-02,-1.627066813739022622e-02,-7.709273731420820952e-02,1.368439450633563120e-04,-4.730040040202523888e-02,3.487274213015219976e-02,-1.582764195628531476e-02,-5.856764554301370496e-02,-1.911589750536934335e-02,-6.178164246078875904e-02,7.290474167367616554e-02,4.911168505655352789e-02,-1.543224340444023131e-02,-2.641478070062226041e-02,5.348549470532585476e-02,-6.875028164700730526e-02,1.134084399558764888e-01
1.091938911929541713e-02,3.638358633459487946e-03,-1.683741078303154295e-02,-4.001015718061217384e-03,-8.856500772318455506e-03,-9.196433324373559648e-03,3.648742025536051009e-02,3.402028457536382389e-02,3.258266747624261224e-03,7.598482176149307966e-03,6.280791843653174555e-02,-9.226659999330542872e-02,-3.181707451120563412e-02,7.661273196280215733e-03,3.277607399910006936e-02,-6.645057586656918924e-02,2.658491507391572573e-03,5.598128400893224998e-02,-7.855056993172336924e-03,1.165885223876841903e-02,-6.954791140823306239e-02,1.159302620808660977e-02,5.342570425520936500e-02,-1.465102080564192118e-04,-1.080320517321205556e-02,-7.011611719149918320e-02,5.015729878924080065e-02,-2.325327317831819840e-02,6.846647450464586615e-02,-4.196091353008345182e-02
-5.070637302123999664e-04,-7.448980606478774330e-03,-1.629475413782615831e-02,-1.941198016018388234e-02,-1.298292405792803375e-03,9.228616093024491138e-03,4.675533053533072886e-02,7.151584794402088274e-02,1.705622847725625111e-03,-3.624492124268925003e-02,3.047405533445069620e-02,1.756985473495658798e-02,3.379821114255202041e-02,-3.259330553894637661e-02,-4.585621146454173930e-02,-4.686364007143108829e-02,-3.920949925762284155e-02,2.395376924731639282e-02,-4.311416167773164058e-04,-5.237078600011588203e-02,2.548026542042831216e-02,-1.566819316827560912e-02,-5.945737148337298245e-02,9.114283061253243556e-02,-5.844041425017823532e-02,-7.142434014145982585e-03,6.412817578568995314e-02,4.851365768616107410e-02,3.085054186388887232e-02,-5.587779009948671410e-02
9.565544400435076200e-03,-4.126850928382971677e-03,1.946870668015953515e-02,1.302624205575217756e-02,2.529622258742082914e-03,-1.241117053506210488e-02,-7.793585305994492340e-03,1.727612889555242559e-02,5.234910456013951857e-02,-5.219456223950451855e-03,5.258342560224205792e-02,-9.188579944913449760e-02,-9.564758224193119218e-02,1.285312372788194671e-02,-1.376525658377366311e-02,-3.577687622928100303e-02,-5.657621595849852969e-02,-2.686821531278794223e-02,1.813161986327132408e-02,-3.378201749081330765e-03,2.250611491434283476e-02,9.532454318570048046e-03,7.719346739734692098e-03,-2.239650104158571325e-02,2.054440452096487416e-02,-8.745728716005530395e-03,3.103754318780612212e-02,2.753471687268392240e-02,1.288655529291515486e-02,5.504678638427565329e-02
2.158927210715226933e-02,1.206485754817657012e-02,9.685865966265621435e-03,-5.358283210864008689e-03,-5.147492952014353675e-03,1.068225628862547183e-02,1.711378963023202013e-02,2.674313127231567333e-02,-4.759918857997253588e-02,5.478855348495501043e-03,-4.549399018426497632e-02,1.712434897393859054e-02,-5.790316922320370464e-03,3.734455716972319428e-02,1.020334109582304166e-02,1.862673360327150862e-02,-1.027582006935520535e-02,2.379805612228232115e-02,-2.452743822594585094e-02,2.810786724378570509e-02,1.394998779677380325e-03,4.363472790907737056e-03,-2.172389986155616112e-02,-3.376250664318912464e-02,-9.188074480410089728e-02,2.923338707671797876e-02,2.476438989745306102e-02,6.925043603149053095e-02,-2.912392724262939311e-02,-4.688600825012134016e-02
4.438480906962612507e-03,-1.046291768499313206e-02,-1.667572277680843401e-02,-1.663050913723760618e-03,-1.768779071068622005e-02,1.351882003718787861e-01,9.395873806894232752e-03,-6.675924207766828489e-02,3.450884031096645987e-02,5.273106305610392522e-03,2.333396623810018999e-02,5.014670057634339900e-02,-2.423506766403719578e-02,1.464304868105028874e-03,-5.027028284830321880e-03,3.490573297475535464e-02,1.008808511664946728e-01,2.030408802567956056e-02,1.080613261684946688e-02,-4.480839053589726756e-02,1.063499830816129824e-02,-6.811914416225979541e-02,-6.705661812853641601e-02,-5.153407014739686508e-03,4.186642355165780260e-02,5.575687056534082975e-02,-2.940970747312288483e-02,-7.517935639503521561e-02,-6.062039325266122686e-02,-4.604673351880017584e-02
-1.835887653623103147e-03,-6.385696148074513322e-03,1.921945468157570426e-03,1.117083332425451150e-03,-1.165469854367371869e-02,-1.816372915401415211e-02,4.557244034990422243e-02,-6.258941034833917505e-02,-2.809326409997807070e-02,-6.070677379164371792e-03,1.060460754314098419e-01,2.993546024449658324e-02,-5.932778015133124451e-03,2.102202778108121575e-02,-2.433145535378247737e-02,-1.319438486801667067e-02,-8.134435370451915948e-02,4.959420241687360897e-02,5.509231261989768619e-02,3.738101822607624303e-02,3.572068782247498839e-03,2.482503281619741209e-02,-3.148635260845020212e-02,-7.009655894775858320e-02,-2.424266379693067186e-02,2.987775614757400347e-02,8.061814137060609869e-03,-3.458059981939653332e-02,3.874089316702251928e-02,-3.275762047956989192e-02
-3.375739585107449901e-03,-1.629775717761715662e-02,-1.215004676583596177e-02,-1.547782594405515758e-02,-2.499094612551307562e-02,-6.544520884635261770e-02,5.461660207241051529e-02,-4.270947073694123658e-02,2.464861664138139497e-03,-3.700437117399241194e-02,-1.216098152370680315e-02,-4.080452952637047409e-02,3.385628259622274622e-02,1.172029088522219126e-01,3.009930172301888626e-02,-2.598920369104962269e-02,7.049527771440845803e-02,1.789427118517126006e-02,-3.626887594280304300e-03,-3.717793409378020858e-02,2.351734719495187156e-02,4.390537518397664984e-02,3.595506865067542995e-02,-5.156345977269063269e-02,-6.784716084637381836e-03,1.189433740465158790e-02,7.105821806124565376e-02,-6.580088828555390179e-02,3.585868212630272805e-02,-8.745856750191152718e-02
1.548112050494295129e-02,-5.052714669111610553e-03,3.437095995194075406e-03,-1.188301762358527115e-03,-1.011956194773919702e-02,2.795572003676287734e-02,-2.954274992304670860e-02,1.204685186480293491e-02,-3.500936128542762871e-03,-4.522918859615640552e-02,1.041556133729012665e-02,3.158611773695604169e-02,-2.142408581964716160e-02,1.655313693016288723e-02,4.759631824792895372e-02,1.698618101038556691e-02,-2.733569689585804707e-02,2.925274744447937166e-03,-3.484294949396764957e-02,1.814430713910697782e-02,1.526215840521066500e-02,-5.303078094055300312e-02,-5.789327455449452819e-02,9.230384512125237861e-02,-1.265319710055253510e-01,3.793183023022054373e-02,-6.315229101801048822e-03,7.066998194634166452e-02,-3.246444652365775008e-02,3.517638611145313537e-02
-7.824812867543052154e-04,1.198524056075025643e-02,-2.197765745220539753e-03,-5.071689709522569922e-03,-4.438702864378270448e-03,1.024638906101587102e-02,4.701531152581758105e-03,2.197745114336669900e-02,-3.089481707200383148e-02,-2.271150299602539904e-02,-1.088566506662150442e-02,1.857889587027454145e-02,-5.201542129611377852e-02,1.103140906362940765e-01,-5.998827539374981810e-02,-8.451454997093696409e-02,-7.821304106088748653e-02,-3.948259285522752460e-02,-4.198664741876366457e-02,1.423016034534107729e-02,-2.125501347540070460e-02,1.722902620094367981e-02,1.635547293035479258e-02,-4.066487749989938089e-02,4.976952019110739839e-02,2.987477962582633581e-02,4.784309906904826715e-02,2.030420181499352494e-02,4.981719031928304869e-02,7.187599479032437400e-02
1.344330455897426715e-03,-1.962675130305556806e-02,-2.547530386551913328e-02,5.897178629469795180e-04,1.227780465957179282e-02,3.820916074140136981e-02,-1.642626450120230827e-02,3.237508937544691240e-02,-1.788526104423209667e-02,-3.211959937039281926e-02,-4.236860196609268381e-02,-7.009329276632923766e-02,4.087988284016791374e-02,-8.840802995643451401e-03,8.308119751592570046e-02,4.862647347157796063e-02,2.218015435739302110e-03,5.502583831289880462e-02,-3.652034590486630955e-02,-8.551213991413829721e-03,4.345552316572041246e-02,-8.745543183956797431e-03,-5.367993508846747447e-02,6.894567964653768033e-02,-4.250231978719561099e-02,3.422268297318009633e-02,-2.028770686591494649e-02,1.339694821644412705e-02,-4.409922902629514335e-02,-2.742617301287917503e-02
1.099669948061524592e-02,2.560321876878228139e-02,-6.168408199237472231e-03,1.366132094826207587e-02,9.928346474210932027e-03,-6.480669221705487315e-02,3.293818169158592435e-02,9.708722876007293973e-03,7.046548209746597395e-03,-2.575378195808677995e-02,5.001589277203967975e-03,-3.233468211431746002e-03,-8.594564845389707219e-02,8.706040513279359946e-03,-1.120989962722503674e-01,4.539947701599145007e-03,7.551011231418114367e-02,-2.014906152990277727e-02,-2.395220097810366391e-02,8.992839341913595741e-02,-3.604015326001940717e-02,7.556917159395724892e-02,7.201778697447450139e-02,1.548790085239812146e-02,-7.273029924469658070e-02,-1.850199788908767420e-02,-1.627805647015173954e-02,-4.943383816433516431e-02,3.827796329852995588e-02,4.017065845428553078e-02
-1.648962437727178806e-02,-1.074510279045211942e-03,6.449593704423379863e-03,-9.338427412915255646e-03,-1.027772749432282959e-02,-1.444615694299393157e-04,1.852307636358990761e-02,8.074244340061150632e-03,-5.938385100012884277e-02,6.352060444452620191e-03,1.922102934406151251e-02,-3.615912165994816796e-02,-3.340682459091477013e-02,7.983039508366586434e-02,2.462717027644863079e-03,5.656462649995403630e-02,1.120447610751625078e-02,4.096739697167143396e-02,2.274813950759877260e-02,5.413207951383492561e-02,-1.050794933777603191e-02,-6.131178600662185590e-02,-5.876988636881836509e-02,-3.741870404460174993e-02,-4.804851849515988371e-02,1.674842097735205343e-02,-4.192775391015545611e-02,9.540038525862296059e-02,7.615445627638677342e-03,-2.203494022497831661e-02
1.332214078571567102e-02,-2.377276930963153831e-02,2.100312195650666687e-03,6.393363302307078673e-03,1.244528742265324159e-02,-5.569114623657082236e-02,-5.649036052977009920e-02,7.998361059054336086e-02,-7.164438169528551670e-02,-9.994921161621404121e-03,4.591975129053714466e-02,2.731980379786536160e-03,-2.344176383630642430e-02,-6.384639046821549702e-02,-3.588172746017794651e-02,2.727602450683726948e-02,-7.862097686571269117e-02,7.274067128584737855e-03,-5.007963861177178004e-03,7.957060496245860204e-02,8.757663515116061170e-02,7.976051992350688402e-02,5.462902767060318077e-02,6.690976752169917885e-02,-4.126440650952443306e-02,-5.166741741894637086e-02,-4.191115031521872730e-02,6.792741372047411685e-03,1.919193399750166243e-02,-3.264239253343456659e-02
-5.371618444565182289e-03,1.237988141360036112e-02,-3.363456159440895293e-03,3.635290062028498446e-03,9.387160773175071138e-03,-8.523178215731905261e-02,2.400829593182130656e-02,1.031520422894929429e-01,-2.340167320108561128e-02,-1.331804206623964613e-02,-3.341465359229511128e-02,-3.968692242911289053e-02,5.360565597019804202e-02,-3.303138214755711646e-03,-3.607887491727665430e-02,-1.618375000022471977e-02,-2.595415280661822824e-02,-1.282872330039361991e-02,1.031906291634948347e-01,-1.527501552630806080e-02,-3.646797198012843161e-02,-9.358547445974363388e-02,3.811091420224684001e-03,9.508464630646565330e-02,1.937209198834581939e-02,-4.857805454893255465e-02,8.332236718532486097e-02,2.119259036106385750e-03,-2.847458420484174149e-02,7.449476469003358733e-03
-1.833832562730357274e-02,-1.253980219768341354e-03,3.430847477943234358e-03,1.662753911536573594e-04,-4.537314517345640043e-03,9.843220378188881348e-02,2.324080522593381659e-02,4.101193109010051879e-02,4.053790854888897344e-02,8.263623380511134209e-03,-4.125527678533259801e-02,-3.463397804262688395e-02,-4.601112219511042239e-02,2.299733562320758345e-02,3.761260630368915697e-02,-4.465589581240694134e-02,3.007979383409776705e-02,-6.997885792565210206e-02,1.868546507174500756e-02,1.787199243311579644e-02,-1.000241169664801803e-02,-2.342538948880284674e-02,-3.951570932860261343e-02,6.080464619258115627e-02,-2.867053615257336360e-02,-7.802726317400007772e-02,-4.963647470757691360e-03,3.976741234725232610e-02,-2.930366414905002589e-02,3.167052588387224421e-02
-7.414472353684606852e-03,-1.195278567435782355e-02,-4.896154391408405471e-03,1.097599532223032673e-03,-5.710008156141800802e-03,-2.763912409954911997e-02,-2.209584603222213006e-02,2.046511004907764289e-02,3.509406088336109591e-02,1.245579140512755858e-03,1.445420464360804534e-02,2.788320344511616145e-02,-5.338831856742135007e-02,2.521091516135618230e-02,-9.339424960561620859e-02,-4.756814274914982106e-03,-1.629894869154143193e-03,-7.604458967823296556e-02,3.045161587750807100e-02,2.517574392853133558e-02,2.995269179392064107e-02,-3.096456572487621579e-03,2.788216308839394642e-02,4.755518534336945075e-02,2.307774590889011615e-02,5.689643598006504516e-02,4.998292537942226887e-02,-7.726652834201631903e-02,-1.760926366316989053e-02,-9.530673874978475013e-03
2.767281885624084216e-05,-2.826078557523593361e-03,1.382017484036147069e-02,-7.469765362971540583e-03,-1.919746983518213004e-02,3.516811204845407025e-03,1.933541609730144925e-02,-5.154871409306592545e-02,3.051189396044383037e-02,-1.058946753225673693e-02,-7.378403214164414893e-03,7.123651094184283578e-03,-1.274019782872602181e-02,-4.681278320701629664e-02,6.203685413644119406e-02,-4.293857319443206838e-02,4.759425781987428744e-02,2.544243144427862924e-02,4.790020564881486420e-02,1.807707107594844209e-02,-9.945446642356725597e-02,8.134132883158007310e-03,7.113911517649611216e-02,-1.087487862147929092e-02,3.720131249562292491e-02,1.055009542346753947e-02,-4.447470048192780911e-02,-4.697433112188311582e-02,-1.627560099901694673e-02,1.714433435311844833e-02
-3.574963705179725389e-03,3.633645174567912660e-03,-8.148894209519761192e-03,-2.466510985351560211e-03,-8.843351972014712806e-03,1.148162414767787487e-03,-6.901673768090468494e-03,4.618599271628608810e-02,4.500120873907221403e-02,-5.879207035309916285e-02,-3.066470931923761037e-02,1.089111168890262091e-02,-5.316007821876932854e-02,6.012443872764067741e-03,9.043811800564125966e-03,4.105130205706919444e-02,-2.630745974168562790e-02,-5.471372888257092920e-02,-8.347104644330945525e-03,-3.867497062662601792e-02,8.802339359151047093e-02,5.016820167216953785e-02,-2.278539304976131760e-02,2.796429514008844791e-02,3.414063211340190307e-02,1.064287722052671865e-02,-7.974464566543686128e-02,-8.377074371720126533e-02,3.769542262163436130e-02,7.529379803554989148e-02
-6.594356700444839285e-03,1.697654720736724299e-02,-3.541462115630236718e-04,1.339970917340215645e-02,1.037979737097960778e-02,9.188239765726856356e-02,-4.593349382757860172e-02,7.078904768862361377e-03,1.306720633499035278e-02,1.535184548760850504e-02,-5.256301856012977197e-02,-2.760314792675805373e-02,1.523834322620352955e-02,-1.215106167354231270e-01,6.182592425500672666e-03,-8.926471992009878814e-03,8.193956435390259418e-02,-1.120380408870835440e-02,-4.844981630903049535e-02,-1.614470231736017322e-02,-1.362027854048435994e-02,-1.866050121441627935e-02,5.687363459796096476e-02,2.594640960441724556e-02,-5.289801107814944003e-02,4.136939414252035346e-02,5.111892835903786292e-02,-1.500732065478000907e-02,-3.666346454603122695e-02,2.932787599284564575e-02
-2.624304165047346149e-02,-2.401442039883250508e-03,-2.267619850766493077e-03,2.402985881572984161e-03,-9.102595051540644799e-03,1.435729461946821071e-02,-2.088919479928766018e-02,2.024753181597422486e-02,-1.322740759639528738e-02,-4.734771976154174278e-02,6.317272938169002372e-02,7.340305874211866533e-02,-2.485564659631180062e-02,7.616968117154870876e-02,-8.915128868003710169e-03,-3.876274217289966961e-02,5.723464820316844642e-02,-3.044732629298482762e-02,1.493880930626979506e-02,3.566184436764343029e-03,3.960846855850041343e-02,-5.691322739128220481e-02,-3.666251026855496271e-03,-2.667738483313812636e-02,8.172436482907085784e-03,-2.049178555405503296e-02,-4.366380694306536830e-02,-1.158382661265004894e-02,3.230200348792166415e-02,-1.811968504676973041e-02
1.764904199133201027e-02,1.026679947958789724e-02,3.692664932837736217e-04,-1.932409111386547418e-02,-2.396548381762612229e-02,1.276870884991018057e-02,5.363593237087948412e-02,-4.072945889944609710e-02,4.631767397875432429e-02,9.176556215496197919e-03,3.597783026052862182e-02,1.396678241545729591e-04,-3.151191846531474494e-02,9.280952577640631806e-03,-5.849195363847819323e-02,-6.634293260785449620e-02,9.338723660098963500e-03,-9.928144734684169262e-03,7.684573158544712179e-02,-3.768834940133869438e-02,-3.657401718850817750e-05,2.038377525711108570e-02,2.921779682643424816e-02,-1.895198517792720527e-02,1.588740139700313761e-02,-3.957313700880653491e-03,3.014488193369329119e-02,-4.665948491438790674e-02,-4.404870398378868401e-02,2.423565377142539862e-02
-1.116434228103326681e-02,-2.369084291984936697e-02,-2.403818802540883329e-02,-3.674742515008664993e-03,-4.570213533813747599e-03,-2.530676968689147405e-02,4.375231475472253842e-03,1.135818643815218881e-01,-5.263708656707970224e-02,5.792900466392919556e-02,5.542364439315721619e-02,4.024684256140213801e-02,-1.855825481281144981e-02,5.643623281086898071e-03,3.670914520479570675e-02,3.409415143600603906e-03,-8.144504067983598938e-02,-4.456865150338162884e-02,1.544144760967035377e-03,-7.939477309559470064e-02,-6.652263631879686001e-03,5.092790273790605976e-02,-2.169882266701659082e-02,3.202455035209020306e-02,1.628442555488161803e-02,1.005461533327916797e-03,4.573812165174347133e-02,3.988213162575420662e-02,-8.566521807825236423e-02,-2.166029932377898370e-02
-2.696618053721435565e-02,-3.622996768583098930e-03,-1.698165033247060404e-02,-1.490241626732730432e-02,-4.519257873241151746e-03,-6.174792219614570581e-03,1.492867753377016826e-02,8.112809267619948417e-02,1.590149618295073897e-03,-7.263231501057232364e-03,-7.106844475802821803e-02,1.640268402815665133e-02,9.244785663504066081e-03,-9.727709134210517361e-02,1.263357824273515090e-02,4.598200442881717614e-03,-1.585992321964710405e-02,1.516845214345666042e-02,-9.805835002888531327e-02,1.691507938433150018e-02,5.832036725267148586e-02,4.557801607566133034e-02,8.885790235530202641e-02,-4.545111612557946323e-02,-3.075444855116901341e-02,7.007811758285294179e-02,-5.510638383025128970e-03,1.559583281779653233e-02,2.761625619438351498e-02,-3.424565410405054633e-02
7.065014194922325345e-03,-2.500589627225386150e-02,-1.696740350365390226e-02,-1.630626411336787498e-02,1.126630908810917139e-02,2.570491611657737315e-03,5.399979393729367055e-02,-8.266236107155841215e-03,4.868154983127907613e-03,9.037056486968869651e-03,-3.883959442958239555e-02,2.570203125904879995e-02,3.174702063358449122e-02,-4.153662094119591267e-03,-9.788326128365392939e-03,3.034071491891951119e-02,-2.226226415572593598e-02,7.440914622931540413e-03,-3.791680187056091500e-02,4.448692400032549371e-02,-9.201537461181522048e-02,6.320687051925716511e-03,7.042582099449933020e-02,-1.386236882501455832e-02,-2.348852296776368295e-02,2.343491533677050098e-02,-2.579360595210888202e-02,2.704965665094613211e-03,-5.004774016278905335e-02,5.330324640909742812e-02
-7.339967648103925320e-04,3.317407748897403374e-03,1.827610059178301494e-02,1.834501192464788391e-02,1.232949592607237958e-02,7.987870615032996446e-02,5.324780427473803628e-04,-1.452779792324109844e-02,2.813259631653930448e-02,-8.159597300378769458e-02,-3.951176830063390932e-02,1.952303935662772980e-02,-7.809989402142639148e-02,2.896223628481168003e-02,-1.314122388857187802e-02,3.528057367436960440e-02,-1.627403764815569046e-02,-5.210069344836445321e-02,-6.238912158321138074e-02,9.023829087829941809e-02,2.336546275125546412e-02,-1.817157137759364480e-02,-6.111393492662192672e-02,8.659470290761187017e-02,-2.028442806146414298e-02,3.046908647635260606e-03,-1.976525825130708361e-03,5.546321709813645251e-02,8.117275189415122660e-03,-5.148253671616667693e-02
-8.652776632437143498e-03,-1.999550080938331670e-02,6.251497135618754031e-03,-8.896577670860656220e-03,-9.508320655519836989e-03,-6.771258499614568084e-03,3.086820809882912311e-02,-1.666435471496567622e-02,7.718588894349530383e-02,9.717122020853341535e-03,8.401986246039682728e-04,-4.007088075609366307e-02,-5.549664961919974909e-02,-1.880249269748850149e-02,8.177511814785489233e-03,-1.599211992498263167e-03,-1.968840944524957032e-02,5.851312823433219013e-02,5.767055531170141606e-04,-4.572163587127030943e-02,-8.336781758118563812e-02,9.329886126161203788e-03,8.961657723548489829e-02,-6.173460613936971458e-02,-3.734287553472166732e-02,1.929682469802979777e-02,1.525196778368750374e-02,8.425758560571271899e-03,7.130330763213453549e-02,2.895878615815386525e-02
1.877503329177191913e-02,9.315629163592905465e-03,2.080516302710252313e-02,1.082312920215655963e-02,1.223269992354262398e-02,-6.967435631187068878e-02,2.379024725692067965e-02,1.136317552128647268e-01,1.069786906651149123e-02,-2.753010479107929898e-02,2.001391177674490332e-02,-3.449397776453191899e-02,-5.114060688467322174e-02,-1.164086761433602152e-01,2.719808221712145813e-02,-4.029516718890389232e-02,2.284675296220185781e-02,-1.076667213142256350e-02,-2.712615119182629556e-02,4.270899163934437082e-02,2.897201712769351123e-02,2.731023252888723982e-02,-3.106527847391243879e-02,9.320685686801173653e-02,-1.401786709741320754e-02,-1.671009977693183393e-02,2.601768598170157293e-02,-3.582591855664511889e-04,-1.010450795368237481e-02,-5.865433235099562492e-02
6.042517094604524588e-03,3.391755118945705052e-03,1.538084233412304394e-02,9.891976181600646220e-03,-5.552362145280002360e-03,-5.967841604279405798e-03,-2.843450761620981704e-02,7.068946818295468275e-03,-4.141884761129054071e-02,6.103746911517496376e-02,1.216703619794103942e-02,9.875754666043119745e-02,2.592043885200692038e-02,-6.246476265256046406e-02,-9.188656130175353043e-03,-1.070489085282188071e-02,-3.225276440686983270e-02,6.623549221955250810e-02,-2.795572118438363791e-03,5.592666830717588078e-02,-1.546270443442974811e-02,-4.169939357213055947e-02,-2.592037448587661275e-02,3.217319224885629297e-02,-9.804211920076202902e-02,4.041334017204389895e-02,1.978342537020174544e-03,1.935695495854508619e-02,-2.201066776273551823e-02,-5.382705422245715604e-02
-1.194732649148116553e-03,-1.733068133543027439e-02,-3.496059420811469583e-03,-5.000161706022139552e-03,9.879671383576399402e-03,-4.807095497471776391e-02,-2.986370771682921033e-02,-1.139088700800928999e-02,2.273648019663157202e-02,-1.200360115728590048e-02,3.770322072592285911e-02,-7.217018055370717777e-02,3.335321188398586694e-03,-8.843925666975217120e-03,-4.684599062300462413e-02,8.919719393652686401e-02,-9.579517618558108447e-03,2.386220442295146002e-02,6.777546757966039503e-02,-6.281184397103226069e-02,2.207125241429627391e-02,1.178150172702668863e-02,8.138347070284131235e-02,-3.595521629333168351e-02,5.124959355553617563e-02,-6.195565259597050900e-02,-1.115903025797043008e-02,1.010797367737146200e-02,-1.384067240725805892e-02,2.042946444532222489e-02
1.439969823176637416e-02,1.059500289335853218e-02,1.460205762548447313e-02,1.561555221905707239e-02,2.044266151491788697e-02,-5.703673846005842540e-02,-1.801407849568511729e-02,6.505480641822368459e-02,4.297010920983312249e-02,5.789859672356951342e-02,2.342922663075593451e-02,-4.559244006981373609e-02,-4.191283107518315593e-02,-3.588133646876343757e-02,1.084507959043587606e-02,-6.010273199204642369e-02,1.203259715430073443e-02,-2.963186436420801526e-02,-3.337473277873749533e-02,6.364426026748716807e-04,3.581391307864104784e-02,-1.078996827266921407e-02,-3.000423048920573127e-02,5.370278562108192488e-02,6.964365021139182210e-02,-6.684836146428755829e-03,-3.127788175858940700e-02,1.322881141585756717e-02,3.468809748898149005e-03,-6.407613051885968636e-02
-8.235474001283165854e-03,-5.313195087449347834e-03,-1.113468777787819143e-02,4.724157567853835664e-03,-4.686974977386250060e-03,-2.696351431639185114e-02,2.461277643156538353e-02,-2.176321615016274871e-02,5.589288538841494930e-02,-6.134649862966742861e-02,-2.123801879785656294e-02,-2.693071669071970403e-02,3.814148446746833121e-02,-3.881793468172914634e-03,-1.073435553539824061e-02,7.227804983733582267e-02,-2.321150135150715568e-02,3.492320557751794202e-02,1.618591826298872507e-02,6.311099892847450710e-02,-3.369183830199155849e-02,8.271643469254734427e-02,3.743229719016576140e-02,-1.041502345950257452e-01,-4.096546211110361352e-02,2.525577745465176771e-02,-6.974409582721483036e-02,3.981657335397418424e-02,-2.727737751053485593e-02,6.178395976785576622e-03
2.176254232774327887e-03,-1.274320501415498498e-02,-5.321964985580711002e-03,1.058652325159585399e-02,3.952183441839560336e-03,3.984529378509274467e-02,7.219154374605500635e-02,5.982657515846452091e-03,5.793600250936429934e-03,3.987356391625925672e-02,-3.082919552168172581e-02,-4.833344115217454856e-02,-6.458713831632804936e-02,-5.409428968211473648e-03,4.822324535730000694e-02,4.024520030840151447e-02,3.351844451094410787e-02,2.271431101128896374e-02,3.047605701251826851e-02,-4.293250740570158513e-02,-7.284148666466623914e-03,-3.306752501913937797e-02,1.703699449075438827e-02,-1.329390606009490418e-02,-1.004498680335635247e-01,1.472546789826687831e-02,-8.802015423408998673e-03,2.348309391831073997e-02,5.374704060266523309e-02,-9.151713068434326470e-02
-1.378387919783810416e-02,1.996583440811976889e-03,-6.887217157833276778e-04,-7.126359377824493559e-03,5.937234154475451962e-03,1.297223308466654776e-02,2.073845215809354964e-02,-7.786185804498448049e-02,-4.355186834065153528e-02,5.032328379218509867e-04,3.546406332606322903e-02,5.405510727504285462e-02,1.470450248553611429e-02,-3.844293372123582658e-02,-9.209786189780982957e-02,3.600941352376726967e-02,-3.753018821603003406e-03,2.046799428556091149e-02,1.293348536764655880e-02,2.768161667970020154e-02,-3.199110876766179945e-02,-2.053708303672479099e-02,7.725165432854799730e-02,-1.086613833062255868e-01,-7.884865996697807203e-03,1.021006989833206091e-01,-6.812389157428880293e-02,3.428573078244646216e-02,3.157338474041764681e-02,2.582944634531017525e-02
1.639173278981247844e-02,-2.498703632555183268e-03,-6.692602017900589183e-04,1.000905155224090723e-02,1.003581061392856515e-02,1.434625745455775543e-02,-8.713267661623604055e-02,-4.072019551214608318e-02,-1.395576243704152453e-01,-1.065469973990986093e-02,-3.513625114303509794e-02,1.121614919853017867e-01,1.815205688316958929e-02,-5.376800621775808947e-03,2.906839083969746124e-03,2.721164116008823949e-02,3.031552354508228186e-02,3.399025519960192226e-02,3.064217488293706146e-02,4.547093587906327755e-02,-2.269780119763235501e-02,-2.861532394313715671e-02,2.597678252206480493e-02,-2.933059980807108807e-02,9.721925088203997589e-02,1.011207260706551044e-02,8.012799910112935672e-03,-3.458287321336232789e-02,-4.634778331427801684e-02,-9.634083636692488545e-03
-2.484732783203818119e-03,2.742750146233363488e-03,9.498113792335614522e-03,-1.626848804890670269e-02,3.061132955324273618e-04,6.401849906962069070e-02,-8.564077599028623033e-02,-2.915938115127575739e-03,-2.018035834985754465e-02,-7.076352988766926137e-03,1.290978880086960864e-02,5.775079091837038991e-02,1.112740940281398139e-02,1.120718666388541805e-02,5.081972984856489295e-02,7.159996796154655119e-02,4.557333808069954917e-02,-3.597451223305189044e-02,1.418692272484114829e-02,-3.680484555429833216e-02,-1.800252654657262877e-02,-1.800318423702395448e-02,-7.750558480561819952e-02,6.334333030618760629e-02,2.284515610598833457e-02,3.568703386166290764e-02,-7.907932597234368366e-02,-3.558793779303150162e-02,3.546613005770253742e-03,-4.163818056683378510e-02
-1.060637716952668799e-02,-1.359635052762311024e-02,-2.548510311017092647e-03,-1.634896473769789291e-02,-1.302251763624331753e-02,-4.088427303045111261e-02,-3.242818854125756323e-02,5.737641252080287468e-02,-8.617486085484004146e-03,-5.151643093587553873e-02,4.615708818771406541e-02,1.535895226580554114e-02,1.161706843969101226e-02,3.274023954964092042e-02,3.149971797256035516e-02,6.341726292366449413e-02,-3.355248510709905874e-02,-5.724396236647918967e-02,2.438595894007253989e-02,-7.962175226434725639e-02,-1.857051397850185970e-02,-2.890198463742302964e-02,5.539898794501256496e-02,1.918442618207027647e-02,8.963650303995519819e-03,-2.910802955231559311e-02,6.152868557254190934e-02,-2.934864106494848232e-02,6.669360447213723564e-02,-2.840558732941850587e-02
-1.342656389795999312e-03,-1.189142477406932366e-02,-5.726483486690503097e-03,-6.278385933472102609e-03,-9.078161687293832480e-03,-4.022513311364388396e-03,5.843110645975819334e-02,-4.860281670589325365e-02,5.339793252861255168e-02,9.151997216617285130e-03,1.914278956117549876e-02,5.498038900221767500e-02,-3.415076741095733788e-03,3.706715578856170645e-02,5.184209259339133541e-02,-6.726258841937797842e-03,-3.425268206708050045e-02,6.588982930079340106e-02,-6.199610884395613530e-02,-3.327451502669034195e-02,-1.017595600524412967e-02,3.141756663185440307e-02,-6.331129923969740225e-02,-2.242674486239945933e-02,-3.137040290621957023e-02,2.438480416858891664e-02,-3.257579632606347891e-02,-6.714321756265552443e-02,-1.856212628613142929e-02,6.646696374617989955e-02
2.195011765226397363e-02,1.177269267093715606e-02,2.305234388249994409e-02,8.172477635193185416e-03,1.162959355993731757e-02,-3.061801652353304468e-02,-2.606739148071294046e-02,-4.906150503795394385e-02,-2.528413852874004941e-02,5.333589256098791864e-02,4.340602559344085287e-02,1.456260226915443269e-03,-1.002869044066248376e-02,-3.606737937406034183e-02,-8.137223646701288726e-03,-3.419452706293728966e-02,-3.258808070023716530e-02,1.484732810216513391e-02,-1.566614790667054252e-02,-1.794078973519004985e-02,-1.148265042393725385e-02,-3.200755498700207785e-02,-2.656607194100834082e-02,4.655407796835106526e-02,-7.088766664082617186e-02,8.695732734847230749e-02,3.219857203049965311e-02,1.211799298874586227e-02,-3.703212952584904877e-02,9.617926173561207326e-02
-8.475683963612147889e-03,8.955240645498822524e-03,2.858867755460896425e-05,-1.224782607055806098e-02,-5.030097733299204212e-03,-2.324768380983841323e-03,-9.946006842446729335e-02,8.531810117297332352e-02,-1.529371767780156148e-02,6.254806648202415609e-02,-4.123763030430531440e-02,1.022302078400882420e-02,1.400467831697319162e-03,-2.315420435475211425e-02,-2.267793377732408439e-02,-8.814944842390912139e-03,-4.036627563371911198e-02,3.923080708670222821e-02,5.999195428602314972e-02,-2.716767431226038698e-02,7.234208343548249875e-02,1.822644178980657725e-02,-9.348581205860069521e-02,-3.813935304799626145e-03,-1.072981574671752480e-01,6.418686742811692547e-02,1.501243490724762887e-03,4.792970006222992130e-02,4.171557074665543929e-03,3.479459005854096398e-02
1.359907060948284396e-02,1.579675470939589932e-02,-5.175041129343062318e-03,-1.010939950498848834e-02,-1.052419038834460051e-02,-1.429434209624785845e-02,-4.275786065659715140e-04,-3.221407252625071993e-02,-3.435344110155552633e-02,1.692227663682411773e-02,2.785262541276636514e-02,7.918099567406869377e-02,-5.228205541968421188e-02,4.084846385960686638e-02,-2.938558774311710031e-02,2.502466464257478013e-02,6.499178591611593468e-03,-1.605807729217376134e-02,5.325975495857909747e-02,1.268410109095269474e-02,-4.891871953970045213e-03,4.630931499788586841e-02,-5.612801475275766561e-02,-5.833825972730793952e-02,1.300051577491767064e-03,-5.640065103390660278e-02,2.312438591119448175e-02,-2.932577022989195023e-02,4.322000885111606724e-03,4.318471394855879358e-02
-1.398899196341379242e-02,1.656031842837452431e-02,-5.490557838302368571e-03,2.057914706216375580e-02,1.871610322243767721e-02,-8.528722472502787630e-03,3.374685015446189651e-02,-9.561871091913963505e-02,-5.441519128799863353e-02,-3.131011940054893861e-02,-4.119824208814754085e-02,5.585246287987643415e-02,-3.444062116555747510e-02,2.377407593734401706e-02,-1.743681914377737466e-02,3.719016658683635401e-02,-9.552461805832043740e-02,5.282049676148316969e-02,-2.632748378896751854e-02,-3.945605835555247159e-02,1.224386870086090900e-02,5.562544276948180183e-02,1.893040970154580976e-02,4.845889466796486633e-02,5.849756918270974243e-03,-2.302113731690281356e-02,-5.023202838998706149e-02,1.924469496996977433e-02,3.625556533331765474e-02,8.114104809472928725e-02
-1.522744459005915575e-02,-1.256377466591237536e-02,3.471193835282663370e-03,-1.866756027723393691e-02,-5.358577042208143883e-03,-6.449357432255728786e-03,4.674876973697341537e-02,9.345482699077974076e-02,4.111101427487825338e-02,-2.357202534263884777e-02,4.199975796861440958e-02,5.572372073854693110e-03,2.374846456970049701e-04,5.497664093961565634e-02,-5.823577655779860890e-02,-7.790703857267193165e-04,3.450755993307560304e-02,2.954592417191317932e-02,-3.396019812943097509e-03,2.340194332068843905e-02,-1.145596995718527709e-02,-1.342746113873177598e-02,-6.277907636955399120e-03,-1.699870441090293310e-02,-6.178262363875840213e-02,-1.269229234776916015e-01,-4.284141383865439079e-02,2.533326681465647434e-02,-2.131796863870890832e-02,4.491382413833579917e-02
-9.638413174530430227e-03,8.215946910009317913e-03,-2.361628727145080944e-02,-6.738740812583125794e-03,-9.607278975425355416e-03,-3.072327497272411834e-02,-2.730916147503255689e-02,3.242413630351786286e-02,-1.900504891749804290e-02,2.945418716853439450e-02,-7.708656148668188712e-02,-2.102903417594196439e-02,-8.034732388714896150e-04,3.178806937229045754e-02,-8.925674513716393838e-03,6.398954678749084468e-02,2.480975563967815350e-02,7.850071138992630038e-03,-2.420897599794158764e-02,-2.465963277363807452e-02,4.397883923207167832e-03,8.505219008061669361e-02,-1.167786064272781539e-02,-6.376846462230385815e-02,-2.132139352473068697e-02,-1.414555419345818812e-02,1.913704595056617275e-02,-1.700516548375399783e-02,3.493716169035827185e-02,6.921400128774846117e-02
9.433288453785207070e-03,3.230912478055897319e-02,2.557601865808944303e-02,2.988216847935023547e-03,5.075786824882832929e-04,7.076914192777478130e-02,-5.617883827647147943e-02,-1.264419463223947354e-02,8.442749928829439143e-02,2.297328274289402519e-02,4.582616580163145249e-03,-1.888043378572902900e-02,-4.914424366552603944e-03,-4.372376587684552451e-02,4.391843007432372215e-02,3.367005829757459962e-02,-5.944655521797447342e-03,-5.176267816862367699e-02,-3.658920000551930257e-02,-6.413624983605301089e-02,-2.678956000561405482e-02,-4.358185205887427430e-03,1.344362933380367220e-01,4.826610037391750735e-02,2.026131075888838728e-02,-6.149738594521235446e-02,-6.935425603662440097e-02,-1.031273987211854710e-02,-5.882599868927357312e-02,-8.206394580162326702e-03
-6.626130083090446890e-03,1.318938561151966095e-02,-2.413987552481591803e-02,6.825855873800987760e-03,-1.335051254989875688e-02,7.546147466138850013e-02,-1.082583631090290946e-02,-1.349193818866297606e-02,-3.346018962956910647e-02,1.123242600041737399e-01,1.101124163196888495e-02,2.311597551281831253e-03,-3.692971335329814364e-02,-1.943027821678409289e-02,7.532273996261598312e-03,-4.513850680041026769e-02,-7.386620557202081341e-03,5.652469934539988174e-03,3.501284828296305496e-02,-4.180837993529234325e-02,4.395798657987587399e-03,1.947952992609137263e-02,-1.901775407910475659e-03,-6.337512997661366720e-02,3.483026497258408932e-02,7.765412916570652024e-03,1.392402457483645981e-02,-8.664286947780960868e-02,-9.836158039688777666e-03,6.462747545598114540e-02
-8.211004829668019228e-03,-1.084346250610882488e-02,-4.135205919453608173e-03,-9.889378312955244502e-04,-1.181436330234299226e-02,-8.984271092883157383e-04,4.560107349906499657e-02,9.461296263086085151e-03,3.430760652389697879e-02,-8.332056648165123147e-02,6.074236835741253331e-03,-8.268091441055397395e-02,3.892547982539099755e-02,1.695518946079486652e-02,5.561942953647677594e-03,-1.180990326507017595e-02,-1.247822203911615607e-01,-2.228712533562694775e-02,1.518825403384300998e-02,-5.274930826599320832e-02,-2.792452271184138121e-02,-1.051354327611991359e-02,1.451251304647844208e-02,7.464084106931929627e-03,6.510694562167579358e-02,4.058147205918368611e-02,6.013350346751170084e-02,-2.057834504723677488e-03,5.983506022676161190e-02,3.530868221689027753e-02
-2.359488587068510335e-02,-2.864309393679633810e-03,-1.974257583337693522e-02,-1.442406824472977807e-02,2.902535339085664202e-04,-3.738637784962792199e-02,2.643121972055937144e-02,-3.351949102685832503e-04,-1.781267461493560647e-02,4.248310015633793152e-02,-1.859215706813171359e-02,3.047805591850430082e-02,6.214036078253996204e-02,-5.678434170553192661e-02,-1.729971020444779142e-02,-9.126880421858652587e-03,3.983934859874898454e-02,-2.650391839989974657e-02,1.787766908601140167e-02,1.834189469717355941e-02,3.531469624335187990e-02,-4.168491452072941444e-02,7.433955200359681006e-03,6.821129798470455807e-02,2.281261969771713593e-03,-1.250272901229307065e-01,3.212015977422202212e-02,1.769292398827881918e-02,-4.570655591338685514e-02,5.594965741974763235e-02
4.191742393523707581e-03,9.911761869789084342e-03,1.231950054644863519e-02,-1.069668423931653678e-02,1.643027751702136330e-02,4.438276175600724960e-02,-2.464643991012090835e-02,4.983429338036184097e-02,-7.727507508353433086e-02,1.044594647550581117e-02,-2.625946936084330718e-02,1.599820484099965384e-02,-1.449004525495104292e-03,-6.971542305823982301e-03,6.380256109879874245e-03,-2.469582199301644312e-02,-5.622262225301258992e-02,-4.211784213475838756e-02,-1.973612735944542309e-03,-4.267047492702882860e-02,-1.900150927811455892e-02,-5.576297823397084914e-03,-2.302045278270377013e-02,5.834556323631369390e-02,3.129227905408916294e-02,-4.306361035452698632e-02,7.842318620205951385e-02,1.469671817954900511e-02,3.097283324611024304e-04,5.267823981362766694e-02
7.488531493867065826e-03,-1.131358635879880017e-02,1.648105047746962820e-03,-2.849528710243738952e-02,-2.251537171036007909e-02,-1.702086962238098453e-02,7.870975361549658808e-03,-3.741742764438624885e-02,-6.155163851460437180e-02,-2.633775269629204038e-02,9.869092176874910000e-03,5.319417707036164927e-02,3.004843195536761880e-02,-1.733290314901308679e-02,1.147717348730938752e-02,3.937755187520526612e-02,-5.716829117420282186e-02,-2.272063382260402668e-05,1.692212796294581892e-02,2.898137782363822620e-02,2.398796854996756642e-02,5.805753014539270784e-02,-2.363297251893524409e-02,-1.523956847228689036e-02,1.838909973519994162e-02,-4.092788202243497625e-02,-5.228544967407769417e-02,6.445434068663709326e-02,2.019284477123287156e-03,3.747595344484604823e-02
1.396882266455075567e-03,1.982765127798453292e-03,-1.494271564551705655e-03,1.835440899240030344e-02,2.136695444087991988e-02,7.880725500987566245e-02,6.418181755398814914e-02,2.241742384578584296e-02,-6.658133391465047290e-02,9.982331841840724404e-03,2.649374915741099443e-02,-1.255531354395163007e-03,3.132369101245315035e-02,-3.427226119051289543e-02,3.982627167979911099e-03,-3.090544619001288351e-02,-1.204441887869333629e-02,-9.097889445285152477e-02,-7.889623596913048625e-03,-5.167290920412252742e-02,-3.802026186917249057e-02,-5.342260057086703484e-02,-4.271533265630893944e-02,7.078544117818832797e-03,-5.107287744196597340e-02,8.832829724265789384e-02,4.334509416349425354e-02,6.423036634919504495e-02,-6.093619031415823707e-03,5.147173626399568179e-03
4.390859167752959522e-03,-2.436331950901260077e-02,-1.947514284911652717e-04,-1.156031356625437413e-02,-1.442131710982907933e-02,-5.747674723162182059e-02,-3.798785504913518296e-02,7.951776120286495331e-02,1.445039308876564128e-02,8.010897083446930078e-02,-1.551488220661446232e-02,-1.738396395875016140e-02,3.319157106362326942e-02,-3.273762669615286770e-03,4.187186712707178377e-02,6.232486905250213260e-02,3.404003030474581082e-02,-5.646784211473331039e-02,5.266556520634353006e-02,-5.716315967564688377e-02,-6.592549478620372827e-02,6.376662887749304232e-02,1.642063876300736344e-02,6.997263169266697974e-03,-7.097034995787689093e-02,1.549116193267684183e-02,-3.359680192619816236e-02,-3.430446236437259544e-02,-5.746986131783367140e-03,1.114429895555696121e-03
1.383374373358933762e-02,1.347808813366018800e-02,5.090419745568688058e-03,1.098619279690095721e-02,-8.284249704251026025e-03,-2.338495470553633715e-03,1.485130137389678931e-02,4.900473802824452385e-02,-5.863115488484323817e-02,1.104243899851188766e-02,4.238022918913701351e-03,-3.762291237723289911e-02,-2.749498915737172682e-03,2.097545441164905614e-02,2.493803302911005298e-02,-2.047111301241297254e-02,-9.955750919028362456e-02,-1.421059458841981288e-02,-2.277290394114803510e-02,-1.500264752617270873e-02,3.073158120541595595e-02,3.299296872188022672e-02,-1.906257447834592764e-02,-6.005156047198386554e-02,-4.838953672893498564e-02,1.358425677521805652e-01,3.385905454468632336e-02,1.699087449007288808e-02,-4.920600439155742301e-02,3.949527579759627011e-02
2.019428272465719626e-02,1.040445448386841603e-04,3.939111141166889291e-03,1.139855894402704538e-02,1.691220211441566952e-03,7.725419033449740236e-03,2.386526120211613852e-02,-1.978481908732003872e-02,1.473056588654478999e-02,-5.533855264314233718e-02,-4.746514280426310933e-03,7.967058266218468576e-02,2.197209260240583564e-02,3.604543328396702523e-02,-8.724734809537657010e-03,4.095100476855220023e-02,-2.990036883655909639e-02,-3.091097970964469185e-02,-3.288537818995890954e-02,6.198821847344167940e-02,6.122240213319120328e-02,-6.453982262054119845e-02,-1.417529440648786394e-02,-1.142214410936087714e-04,9.492585847563649037e-02,-5.816600605111219013e-02,-1.846935149165744236e-02,-7.047889600410459088e-02,-3.380148068189341853e-02,-3.838763583414184916e-02
-2.138237494665345267e-02,-1.815022645609578114e-02,-1.804860813097684466e-02,5.032210855634718961e-03,-1.800475161773105667e-02,-3.740588390690532949e-02,4.059116080150621669e-02,-7.403366742630727859e-02,-6.048012017272254986e-03,-6.273014706486071401e-02,5.322692265230567071e-02,2.018485252708995120e-02,-1.759651564821861081e-02,-6.022784523176239607e-02,1.743161011473173556e-03,7.978285573896097549e-02,1.276829591309331519e-02,4.198698497845169963e-02,1.010083861159816881e-02,4.472006341659610917e-03,2.585515514130137457e-02,-7.383630587979316678e-03,-5.813877661485345599e-02,3.459802861170636901e-02,3.622012900381986478e-02,7.011662845979009517e-02,4.677618710023694754e-02,6.110880987279315550e-03,-1.370418774976435786e-02,-7.671167133652666281e-02
