"V1","V2","V3","V4","V5","V6","V7","V8","V9","V10","V11","V12","V13","V14","V15","V16","V17","V18","V19","V20","V21","V22","V23","V24","V25","V26","V27","V28","V29","V30"
0.320790012625854,0.0196663553603942,0.387111981066405,-0.3205485690201,-0.0531702843400739,-0.0674783946278362,0.0530876271465367,0.0250065935281729,-0.14436655071015,-0.0912943509430519,-0.203318043438806,-0.14522920363363,0.0452897462563419,0.300330617228462,0.109672107397127,0.0199827145742275,-0.134442927877423,0.318232391840858,-0.0198082080454581,-0.106067009423345,-0.0872840747494262,-0.0575948527218031,-0.375331239491112,0.041610644133632,-0.115654744446174,-0.0361496817845657,-0.253580081716884,-0.168535895081146,0.0611048111862936,-0.203320061192064
0.222445101769853,0.282393285744107,0.287915299059942,0.311345510519403,-0.0180375527944809,0.186464341292406,-0.145456490863948,0.258673924327924,-0.215549331377723,-0.0791876352821526,-0.00585570412744431,-0.0727753440627968,0.0276711070824207,0.00863782761847371,-0.120283428507805,0.23433707137838,0.221566532320131,0.0468172640046971,0.0524692462386975,-0.293782700046459,-0.139896836825114,-0.242478027675244,0.00602561006920605,-0.0456876726973861,-0.0525751409389656,-0.166187888829464,-0.0831684235418479,-0.267163162252468,-0.118409886247434,0.309774095450407
0.194729985345741,-0.0553886094889803,0.0949644799237023,0.00599250432311973,-0.0753404478152166,-0.10767297239001,-0.109884436836469,-0.163473530126012,0.0608832146394226,0.226235324324669,-0.201442043026974,-0.338100473652749,-0.0272502978468497,-0.020409107773211,-0.201767757730146,-0.121336136407969,-0.0760286076579997,-0.138974931361439,0.245263073295028,0.269606222051816,0.0835891977306181,0.133293552941204,-0.0132993480115276,0.272585296892865,0.273330754950329,-0.108489494838539,0.426608739809179,-0.0338793118969776,-0.315003722034824,-0.0387152415951958
0.0989399377273679,-0.574927427705293,-0.214435190312098,-0.0347224239086015,0.384695364194108,0.0416567094053419,-0.0454013545690449,0.0858917020953422,0.0887579414542817,0.237826013477226,0.0167953558584669,-0.0665432244657832,0.13509094563611,0.110930930439039,-0.283675409068117,-0.158936143963199,-0.0371414800695825,-0.00988235079979177,0.195549895612992,-0.0425406965388802,0.0177411163192862,0.162800150848326,0.0871457566224646,-0.0968053688587735,0.155262432401867,-0.232589675744493,0.149096778296118,-0.099360428046595,0.107729722432258,-0.201634553076243
0.102346831616868,0.0802843709003519,0.274648319278577,0.305032628920416,-0.218044821570916,0.233924695005991,-0.126342053006065,-0.0742754433082168,0.281130752716132,0.0331642051223245,-0.1323624425713,0.261180240779905,0.133161062801968,-0.00168261020200255,0.0634489798648297,0.233548459574108,-0.141142410293652,-0.321256082231981,-0.0258763078693535,0.00270562945726311,0.341485524636958,-0.111578661879107,0.108188426149565,0.127015086145115,-0.0255752530378026,-0.00538835581897695,0.240863036701746,0.0986343626088518,0.253521773948266,0.187833392150319
0.0756664680848729,-0.0556999870798513,0.232397810869507,0.175977700977662,0.0580904124450847,-0.0131007162306642,0.153367568474553,0.126129704191329,-0.160366999549105,-0.0945669076756969,-0.0946167607787146,-0.0301332558288938,0.0176356957710613,-0.0235163352763188,0.171268880468691,-0.268386493554396,-0.19240974078917,-0.258922406450397,0.370861549621923,-0.237068701344274,0.353841755959984,0.031823245199121,0.0131011551691727,0.0335605567079245,0.127258683854407,0.0160350447367624,0.259461156568954,0.38769567003591,0.113002003491623,0.210483636106112
0.174469614402167,-0.0754500942298173,0.0279856512516091,-0.0347153604010756,-0.19881797405939,-0.185091693824066,-0.132594755380445,0.037740250266311,0.144966150261971,-0.19724322506986,0.255901544715746,0.0647640102020037,-0.157376116903023,-0.050873729468883,-0.317535138885727,0.02312156234261,0.202537388439881,-0.413024805026699,-0.127920871277237,0.422858621957734,-0.112107710151134,-0.0365077463056494,0.0319236978102009,-0.291712329980967,0.12901697258604,-0.0129644068424349,0.0867881710122323,0.177499424323353,-0.123898966143993,-0.181009990396973
0.036480932582035,0.0884585580719374,0.0258132248629273,0.230577213910967,0.315578944782385,0.0617838978625788,0.00713216173771637,0.0712927034645464,-0.0639712331290312,0.0125615075508557,-0.0625446564465687,-0.242785925870121,0.127020705353448,-0.176813822863859,-0.0889725762420758,-0.0177935595715687,-0.0932201814719249,0.224304807123623,-0.022025303218625,0.00588090626455302,0.0216482572512557,-0.203017698695578,-0.0152213065189191,0.140733831547326,-0.217676480683139,-0.335928548229694,0.302459043081375,-0.0207944298005515,-0.144102526633012,0.558192445541897
0.179465386367376,0.286792680975857,-0.134642483408722,0.258056203191277,0.167752017817207,-0.170212974010961,-0.170995076363963,-0.285462126682613,-0.0918470790913171,-0.26410970897407,-0.0958539337409738,-0.117514720221136,0.0308835135078229,-0.0367307915091756,-0.0643444915005792,0.0693453557318725,0.03565855330495,0.19457076410745,0.1499631257654,0.173915204592778,-0.107894592362849,0.213126125183923,0.125063195140898,-0.249414975027214,-0.280407524415528,-0.210212159523091,0.293424829506974,-0.245819885347479,0.155814703661026,-0.0118859139858076
0.279309696544663,-0.024182480192651,-0.0436284314850366,0.171274161599402,0.258883482749698,0.0926653846218467,0.02801332796848,0.0214392735853222,-0.21672812927812,-0.164532877193009,-0.0388785888398097,0.0833743290596303,-0.0118963621651287,0.0763020724068883,0.400870791400175,0.141883630992723,-0.215265512245357,-0.253586073631734,0.0252332070296337,0.167718271793585,-0.048747694524632,0.00666924873841204,0.261425072430797,-0.0494981421934939,0.214818465657155,-0.360986057227872,0.175865094049379,-0.21019862823124,-0.255883430145386,0.119761388893259
0.314525408409706,0.0850863468617515,-0.235048028370979,0.0183743747829312,-0.190209641342556,0.217134197254707,-0.211171470681973,-0.105930499454403,-0.261792986996809,-0.060954664051907,-0.210365568305541,0.0313265379017574,-0.198312487322307,0.238484217590793,-0.0320478290416042,-0.216355371949236,-0.143971940052843,0.30882561895236,-0.133499998353907,0.0175686621789522,0.142346204787059,-0.289183705210108,-0.256834500174131,0.0368092893495691,-0.126567760891133,-0.2284208713692,0.17216352019824,0.121062328998778,0.12507596746418,0.0632885012880309
0.198218591529979,0.12368887240556,-0.163741249797305,0.131376789382894,-0.00174863115860811,-0.301319684974911,-0.0933016257654323,-0.266544911349193,-0.153131333991175,-0.105067792009766,0.0676984074426866,0.0109853570343167,0.196713375274293,-0.376390988552799,-0.251452744814636,0.101228685913269,-0.0298644004483349,0.0924299978885297,-0.0378892077420809,-0.222569037652186,-0.112779258854723,0.034368556239374,-0.258534485073409,-0.108914665399673,0.0350320583128172,0.0778826570113352,-0.198268540678881,-0.106720762021611,0.443512898590826,-0.173349838092509
0.0260082991126141,0.0633757661697542,-0.0329828410232056,0.140413157594539,0.246923557152626,0.25450840662007,0.0502783598069683,-0.186719412083428,-0.162169090572506,-0.112999693999185,0.244415886158651,-0.281649127492442,-0.444395297273667,0.0218141491286756,-0.141441034550478,0.0230339162960591,0.194824172079077,0.197151758300013,-0.0907546346517697,0.0219070250216195,-0.141475236549508,0.149570647141446,0.213497277028573,-0.279587193161381,0.0267479462358514,-0.0309553976876577,-0.0459378669698439,-0.362305482765713,-0.127230189367706,-0.108711565398928
0.17769023422982,-0.387145648070259,0.0170910579843593,0.173618306781349,0.0351475839267168,-0.0624696917129328,-0.0600760709946387,0.207793860279759,0.0402949421463741,0.307624716358375,0.135998087439298,0.126545045384662,0.127464453572821,0.388096547240014,0.368853251871922,0.00854385670959834,-0.14635794910418,0.037518332452184,0.105546299121165,-0.239600526918372,-0.174471050917352,0.113909470219582,-0.0473039297873115,-0.214945280323722,-0.0945654958841452,-0.162996278041527,0.275798334408518,0.0594662510454424,-0.0106645747634717,-0.0630054689368738
0.146970952034042,0.399518544437947,0.181155100674017,-0.347481318272815,-0.140027784060732,-0.0101985127807588,-0.148851233440214,0.0558412104273737,-0.00319623107697009,0.125681948622199,-0.0589201037224613,-0.133546480949742,0.0770067356949313,0.0901007285572032,0.411977543461971,-0.184035225203244,0.224442515415442,-0.0740659730022928,0.060262218422465,-0.105999193237846,-0.158545533935499,-0.0685188597903711,-0.175749098830633,0.397955637924429,0.124497664014203,-0.0356269758545294,0.189109210376323,0.144521954999547,-0.0210926685289928,-0.0424734706659253
0.0653472557897943,-0.0235032095061201,-0.124504444202602,0.151076073749146,-0.484426440718439,-0.179420378769907,0.250047658194786,0.00254332739490455,0.297377103485722,0.0794354276578239,-0.110589754307064,0.45342150554612,-0.133150379389947,0.0313794601564753,0.0427201765249125,0.219291869094104,-0.079225923540639,0.120500305740792,-0.0370984748515406,-0.0585267944290934,-0.0116955477858196,0.195191824516883,-0.0696279600867126,0.188760706348155,-0.065343803453699,-0.1750068504797,0.242109589361111,-0.0785671162968997,0.151520630908969,0.138958745179188
0.207036296759783,0.0710060992546065,-0.0254900436223692,0.138837638827942,0.0100227670928296,-0.186373196951335,-0.0182920393936699,0.160785604724742,0.237844910802999,0.153407279972118,-0.218816885218864,0.318047657368083,-0.0392594156607791,-0.0335908838536957,-0.0670117258164218,0.00440843622632905,0.131145606552478,-0.00542330026876584,-0.0125854222304843,0.0371180103278651,0.160593078082428,-0.306479684249791,-0.380972249164861,-0.299925233193512,0.00629160857768112,-0.0418296875577324,-0.16813907974443,0.328784364477795,0.333801146767511,0.108007274017401
0.0219319738856061,-0.171323619138986,-0.207703767415917,0.041411187278038,0.220934782090626,0.0254691626667831,0.208466996231138,0.074390409571443,-0.0540241014092462,0.053181385355327,0.16156589952743,0.00358782146030515,0.0579132456201165,0.00442264294458045,0.256721027186578,-0.111931664682364,0.164677512423036,0.504339887372598,0.0807880771698587,0.229602019327003,0.0861327065116302,0.205303702936633,0.260299596824688,0.263493201265253,0.00418796265165078,-0.196227304277817,-0.23350449439056,0.290184795259175,0.0881269379189465,-0.0263097331525763
0.121783735386368,-0.246340847724314,0.0132100736952089,-0.0359415387219708,0.0280055130617131,-0.0290750787126181,0.146520416894222,0.0985970568320811,0.209307617413698,0.0503770426708876,-0.0206750205025491,0.0722772804352074,0.0236562645922102,-0.0269438331383712,-0.0766092438876678,-0.0485330579231323,-0.0985151476556069,-0.317568163800233,-0.450906886995824,0.302719852972646,-0.0998744339391096,-0.312729015673548,-0.106208964390634,0.395525282629237,-0.185937457951264,0.0186479150835976,-0.119385182055976,-0.170647721765587,-0.154785020736013,-0.213147668997279
0.0584908736654094,-0.252336138429228,-0.0403520077528128,-0.577527522838148,0.13297944675273,-0.0576771022548598,0.184713917845164,0.000473173441679982,-0.17290340078642,0.13983369523392,-0.255519464901442,-0.198538176386172,0.0961252668783622,-0.153765278741294,0.0852437219648343,0.0363404291757669,0.110502381320538,0.106046729133291,0.208079442131369,-0.0865866394071795,-0.0401080547337038,0.0237794751526009,-0.205770115433053,0.0390752784921044,-0.247417099081085,0.112152282039616,0.271465263389829,-0.0713629250561059,-0.264378405695018,0.0649080490088094
0.156140969706573,0.0228412896970069,-0.108947317347771,-0.365880838431602,-0.265856239087445,0.0834626323111576,0.296149811464485,-0.268614262946407,0.0851470094426758,-0.0403811513218427,-0.289295218098853,0.11054330172297,-0.244352116401182,-0.127992345513318,0.103676636142377,0.178318978922147,-0.175830263962537,-0.173407822751633,0.148270933624255,-0.0743987388346832,-0.218255184230406,-0.0912670916838634,0.0231746042584541,0.124058819196836,-0.141916163303834,0.0209283781002039,0.0640525210598103,-0.420915348325132,0.035635730111943,-0.0700583661299179
0.127373296578337,-0.418187129801224,0.0864353703688923,0.184316888114749,0.0336654735424093,0.215943409474119,-0.00210178726848013,0.166573397071124,-0.0126440327619441,-0.0136455892704335,-0.147217179156918,0.0286826382521196,-0.0382425553806328,0.172749134993336,0.0022382872717342,0.0413306210815171,0.219696247244484,-0.0462996300241656,-0.250099998414723,0.0159895462709653,0.0229779411197473,0.0981166519820335,-0.176703427283105,0.386043898010322,-0.0952022678876311,-0.285341650942622,-0.47163245892727,-0.0933193590526018,0.0969314005204094,-0.037772485090231
0.196004567078626,0.0108225536378645,0.177551081912105,0.0101865379544668,-0.261077462355687,0.287414937411509,-0.29341167971947,-0.0421924294011525,-0.235780384287502,-0.0651731773315222,0.0200534825731849,-0.101190097581905,-0.0187745867838097,-0.0335587901435926,0.120269311211333,-0.0919670212326364,0.0264531462739532,-0.0565053256368229,-0.109667368722084,0.110753463146693,0.425747542853899,0.29429772341528,0.23556849299999,0.0194122522138594,0.120173695267208,-0.143213342412288,0.181848567365962,-0.103832946963946,-0.0753556714670327,-0.399883618125172
0.306120448187184,0.204151645110396,-0.20613896333926,0.0769772879937249,0.0414354867000853,-0.0956591711488314,-0.373811377775241,0.0668086887638343,-0.213038853974518,-0.0713339735983474,0.0467467050017426,0.042611008993156,0.0488535273178946,0.243886955807791,0.232259356711968,-0.108451299625676,0.324872578787925,0.0629978621963595,0.292161912338716,0.154412820898197,-0.311895722638742,0.0937815977313255,-0.255686244956233,-0.0809816446589228,-0.0136108457440029,0.0619046733385802,0.00435708158785933,0.215471405013794,0.00946895916838894,-0.178338935370406
0.16638890285455,-0.140279938258111,-0.0444170158085509,-0.158311891579877,-0.37369389329007,0.152081792034005,0.0159864659803099,0.0363202012373603,0.190013279998628,-0.0158837251411432,-0.0195922474405693,0.0481740095068892,-0.0782907619590613,-0.18249292291795,0.436779433108358,-0.0422995280982069,0.155200486469292,-0.0399735197094253,-0.268103894846192,0.365458313191026,0.0331674544698832,0.254709292405952,-0.125963364797487,0.257935193536483,0.00385550509777171,0.102338758734608,-0.308050179180752,0.0650388922951841,0.0328255822154568,0.00031113837463128
0.140361964722546,0.098820084851843,0.261554363344887,-0.0182830930026266,0.252140791720294,0.00179869015693171,0.114968809033278,-0.282558348773086,0.333306379189021,-0.0799916413639499,0.0205463401931868,0.0127268626572089,0.380902754072473,0.265539096455346,0.23684855834565,0.116603407292256,0.31942174489669,-0.275692969205758,-0.0805595414399192,0.0572534268478442,-0.143730122108549,0.0870697289725665,0.0385142577988832,-0.150828895405228,0.0208245463237189,0.128115515739466,-0.121611967062991,-0.132872894306547,-0.154853255002917,-0.168039116454019
0.196071030991166,0.0577400847188676,0.220720492051415,-0.19097299423105,-0.0580504185106329,-0.175014049220831,0.19933670699881,-0.269947364604705,0.187439655609912,0.0140998710748595,-0.038269519298495,0.039262405876587,-0.0626610391094435,0.0708910270234581,0.231809315910487,-0.159994346101714,0.102119369430189,0.212209141984476,-0.427429191776752,-0.000217134955804093,-0.0403827402612326,-0.189058275538601,-0.22378784982008,0.14658840157165,-0.0742732930709353,0.243973119356319,0.0623865950410431,-0.339677281486864,0.260619410900559,0.0216539903011551
0.354377196546187,-0.096035514657087,0.0166502952991501,0.351212185018343,-0.0176367352762434,-0.186667090175485,0.262308325886182,0.217721964428865,-0.152173044610865,0.0900911732886309,-0.166433254007915,-0.183574334458738,-0.348456546321102,-0.0590206718236348,-0.106260637813175,-0.192375659915396,0.213426086549542,-0.122517504177973,-0.0512276700421299,-0.125068263998451,-0.0689134329569811,0.329819767778388,0.0629577468788547,-0.0252356043855874,-0.12815889754923,-0.135124870509726,0.148335442023564,-0.236961675133171,-0.0866696531348317,0.083769372883176
0.140610206351143,-0.128370548567359,0.0792879555989606,-0.242595785560293,-0.193853822537321,0.0408183209425217,-0.185951252809775,-0.142712965994326,-0.123233572934538,-0.12006429766115,0.379676622157741,0.0544796594547319,0.110302361131318,0.161115415891803,-0.0888571994644563,0.0555900763505998,0.199396801793506,0.0541578751173247,0.184333121147188,-0.203697217076224,0.0219456947111995,-0.432721207862804,-0.229678898992261,0.16378012372377,-0.285737247780062,0.237660276537187,0.142430883458799,0.146792942907352,-0.0639836684980143,-0.095180863859477
0.0902091912323424,-0.28136625347973,0.0359702013017792,-0.383455323305831,-0.273853988095405,0.148030624536407,-0.196037772334615,0.0364057728335101,-0.0299464870533653,-0.0667516214863622,-0.0525849868468756,-0.163816980939161,-0.164376442927333,0.00647278336734668,-0.0704774274793209,0.182143109914903,0.0381312881575282,-0.149093227285984,0.403106136653989,-0.324711613477843,-0.307415307134337,-0.140022313989995,-0.125833166956563,-0.0786654689657761,-0.234723186074439,0.083625175790471,0.0682900450929354,0.123425967680839,0.128084203938271,0.037429146602059
0.105609497428031,0.0186993834765661,-0.0563520082325265,0.167252875032353,0.27126698276552,0.0352401403021693,-0.0287085793439225,0.0397644702333811,0.0601185186645168,-0.22888043847434,0.432597144562203,-0.152836363359626,-0.153580776774217,-0.0841639356186837,0.322718101640067,0.121733482566048,0.257773078188431,-0.178084700578712,-0.0422764158939595,0.0110327975875144,0.00633740559672483,0.0791271631724409,-0.40727075615449,0.0253740872016109,-0.166130573126072,0.0636792650173508,0.0995422386708263,0.105338605077008,0.34060968280866,-0.149731459318121
0.0325639687239042,0.0700366921670867,0.015144172660279,-0.105576235430252,0.395980226108585,0.205567397948583,-0.226725675481896,-0.131302217652717,0.320746566981995,0.116230888174077,-0.28027462785535,0.173052105041198,0.332166027351199,0.0948982304709476,-0.160873569626284,0.137259482154734,0.0470048210656588,0.00908247016083668,-0.0695171533248476,0.104410482519415,-0.252521045165565,0.0245989589414636,0.14081931228582,0.174087142962117,0.325048255852534,-0.172797390831343,-0.0866860914843422,-0.201048412946797,-0.0828253554015003,-0.0562277045189981
0.0139933637104835,0.0828854783163115,0.226314490285997,-0.161262820079392,-0.202365547601617,0.00636511200787821,-0.0152362049105582,0.0503659958424063,-0.0766472380018911,0.116283447744237,-0.0467109417003246,-0.338799803307367,-0.220640987917748,0.339677092549481,0.0773616770352509,0.0440063973185172,-0.318480312760194,-0.018986200165841,0.212366159311204,0.182432799870738,0.257885362702083,0.122605615165439,0.292025211495463,-0.010272573520001,0.167837020756712,-0.146123957545079,-0.0603232087382329,0.105678521458731,0.204152653088093,-0.3324178746966
0.0801670779468679,0.0496482357980921,-0.219489312514525,-0.070372475797932,0.187889990377552,-0.29110107638279,0.101425923606042,-0.453829128176657,-0.0446653946210555,0.334719728436607,0.0290319579164895,-0.232349011632225,-0.0092496902788485,0.150547895025565,0.146763909387385,0.155148893873063,0.0590184469172204,-0.0483296803365919,-0.0488492350213348,-0.14226090419925,0.161699660550336,-0.123459169510404,-0.129780571324124,-0.165136390413028,0.352443769918734,0.102832770045529,-0.218555514807019,0.0743792360299438,0.249835402770286,0.00381913491654682
0.235071944911749,-0.268112245895502,-0.230494336817242,-0.271008826092858,0.264742967746504,0.0226828436484175,0.126720043660655,-0.0426068002530635,0.158511644300273,0.214873086210564,-0.386447728116283,-0.0497589697454681,-0.00875824159483014,0.116417207111303,-0.0533668618987207,-0.340273439801284,0.145753633500527,0.0873711028420954,0.263741022918025,0.021211674306879,-0.00899068158066623,-0.174138171545797,0.181053677594413,0.0807054915769143,0.0466813043463078,-0.0485593326880484,-0.333790315134774,-0.0692163453900454,-0.0132508478421738,0.113681893424362
0.113991412381671,-0.124560548325619,0.235454835113237,0.233711726103763,0.427458033395791,0.130472791667139,-0.0351223581791844,0.152566554416234,0.0924500086751967,0.0823997447231495,-0.152607025845494,-0.0595166115519133,-0.00691429275981361,-0.389311685748992,0.274271148295775,-0.237642826424853,-0.0590967397226693,-0.0369667509152905,0.145208648781714,-0.179173020277103,0.0465662484426619,0.180355643690832,-0.171736808210632,-0.107631700946713,0.137099527193424,0.367092839976027,-0.0649473553005663,0.139843906446817,0.0148868827978541,0.0180857048110887
0.13545041852424,-0.00279327516050015,0.254218492559355,-0.285635990441158,-0.126409959809442,-0.330127828015146,0.110689102439664,-0.338976181453827,-0.0370557760935915,-0.208208694742706,-0.0951842147866569,-0.257094994133086,-0.309502940457298,0.0771984812732022,0.0322937188099184,-0.058010126814175,-0.103179375863419,-0.17989299594924,0.0297832714778896,0.339297911628165,-0.193370405699318,0.0455647366567383,0.0622453830664606,0.0243569773170966,0.247674212310858,0.0255168800765528,-0.220454249909455,-0.101078093659201,-0.0244363817297335,0.181402356403556
0.312101960495817,0.026563826300441,-0.0622092918137524,0.191479652781619,-0.299321742720817,0.0751810499147448,-0.0305476325235339,0.0569761608044034,-0.138115734898708,0.0318612831295268,-0.303115702021138,-0.110237801533621,0.368461866956733,-0.0824334272678874,0.107673350240356,-0.0894156212449849,0.246283582408542,-0.201782716918536,0.176172018542209,-0.166308008772796,0.0858390371631684,-0.0167663185649857,-0.165451979193797,0.0839728134027878,0.469240734667947,-0.0090655083253558,0.0824358709724095,0.0101471558811163,0.111338094017987,0.184256661867951
0.0556994286715765,0.0334905676440882,-0.460166478971275,0.033098066781448,-0.188190994172844,-0.199262888944577,-0.0386416223260613,0.259888221988931,-0.0701745696699395,-0.306995512968125,-0.0759117955645108,-0.108161791822894,0.141851667593952,-0.362537664943311,0.287829726256436,0.0379165206805068,-0.119790925688093,0.0333740931692217,-0.0751049710018993,-0.235857923774583,0.104823718147136,0.0388687518508641,-0.144293444853741,0.156199095256423,0.195645152472261,0.0124719040612628,-0.203711438028014,-0.105970069587525,0.097214150166805,0.226356323191675
0.0980086831356925,0.290928738038997,-0.025101120038634,0.0450643105542532,-0.385655583329215,-0.282919027549647,0.198772220297187,0.125975792196067,-0.120270882792378,-0.0354723448508725,-0.24807568848916,-0.140954046181642,0.158638835926055,-0.010347038622623,0.0217002698869813,-0.00283340826411233,-0.199382289110402,-0.0532905870179899,0.0237685766991813,0.148112699374293,-0.027970165741432,-0.155177598484445,-0.0660800870153322,-0.119369447045763,0.198089017187187,-0.539363157768328,-0.0795552147860292,-0.11095557459064,0.145636559030479,0.132209528286337
0.170470059927942,-0.0529267727062633,-0.13740443692207,-0.231268511603751,-0.223690097968008,0.192318023702011,0.162240616854198,0.046473252439513,-0.292701007403586,0.110795758149059,0.277558088164528,0.0846438061982208,0.106434290753648,-0.274565588202648,0.0923215412310166,0.118498573514767,0.0198454378369123,0.0862888785559929,0.322515219223743,0.0373989082443098,0.183319625672787,0.254695631260828,-0.276564939345729,-0.247776405670009,0.0940891217485509,0.240100008634107,0.1464795088867,0.00338131693398843,0.0803668296042961,-0.211653253002205
0.299663350086514,0.416663019131939,-0.466594636878856,0.22599450693151,0.118599392510986,0.0919725984662467,0.0476161941371347,0.144475177982288,-0.0571461940386275,0.0256867137771335,-0.133949342731176,0.0799842375343348,0.131227038933791,0.141385472754893,-0.062840301076023,-0.0252533971332537,0.128841965549773,0.0979763946796875,-0.0361930345785089,-0.0223014476688608,-0.328767789466018,0.135637221558389,0.0159041558856983,0.121533024373007,-0.0397292305030783,-0.0240914132410607,-0.0308004839641737,-0.0276894437907131,-0.0925267500768672,-0.412469298381043
0.385443141334323,0.0203211372110376,0.302122850746406,-0.097192215956987,-0.00397663397894516,0.0133422069614417,0.0593082314025548,-0.0857218933111668,0.208022746261573,0.146833706028248,-0.310928093859358,0.101278775158453,-0.26475174210758,-0.0888917909537121,0.225390724507335,0.138092729343102,-0.332223332032001,0.0651351240861018,0.29851162332656,0.135424427531818,-0.17877262339135,0.0608700279538079,0.0968794500987002,0.158482512516952,0.0701325041366678,0.0359095352347364,0.106118789234401,0.250868118163159,0.0557742754548776,-0.209422034987929
0.202136269854763,0.0597097650492884,-0.000919244911459358,0.361930370405418,0.0354599952474557,-0.0297695053819393,-0.105590061948767,-0.299150351110595,0.0334251660248519,-0.0940210142571763,0.136373459358542,-0.0100484543564059,0.224205692003161,-0.111870861960131,-0.104101513359478,-0.288261404918128,0.0429996387970008,-0.217596740660525,0.203758491987329,0.11349668435387,-0.0317721553162448,0.000336342944861139,0.145154035688479,0.444208863501069,0.00795285645135112,0.0851686455514054,0.0874412539100649,0.415217911151831,-0.15040369255261,-0.0586451242587895
0.291794836469633,-0.115293398470578,0.0726754801726368,-0.204540773699892,-0.142849349508621,0.0769158528427123,-0.285915992366107,-0.0733169080406644,0.313228087503645,-0.156770723403888,0.0436482776320115,-0.304205151312129,0.139803821868241,0.153093535203914,-0.194808201883759,-0.1808641848535,-0.0249057408895615,-0.0461045425895794,-0.109911866857719,-0.0054092863624686,0.236849936731435,0.252595448576701,-0.13454157228637,-0.119972166970221,-0.0797065091055785,0.192735397036739,0.210878413722142,0.0263149796785959,-0.0665335400674818,-0.387140421496972
0.0904839032620165,0.0128749665689531,-0.119843709388146,0.268620734827118,-0.0220863822274013,-0.0568274772568196,-0.276055923432936,0.213801970214544,0.0628034099096565,0.0739268301455404,0.0365125745362753,0.0180218561948147,0.141187808042115,-0.223688796619273,-0.0559126451235914,0.0540753114687688,-0.22350411075096,0.181940902882202,0.179434913579908,-0.303342744928992,0.0964023170796223,0.190194467355344,0.329324510651426,-0.202072049545483,-0.0445102018389195,0.0464616897056682,-0.352483546545406,-0.184910306154469,-0.356564095613965,-0.0257656854995135
0.199666179813939,0.0439957198377924,-0.0593611328021947,0.198598880176061,0.0171898648785725,0.100222462747646,0.241716320852411,-0.12439848820004,-0.363128355797199,0.0540313509254296,0.0542807846136974,0.00113974180198946,0.0175924406545674,-0.194404498724041,0.179801382512931,-0.213546585761293,0.326443621858036,-0.0814236239706059,-0.0694308395753143,-0.0406609409230608,0.119997360126224,0.451474399210291,-0.0104271735154419,0.16119407021259,-0.0489451829716581,-0.042793506357484,-0.0880331619640125,0.421785057083845,-0.152443733978457,0.0109420625148792
0.128893122325568,0.108874784263632,-0.0495113058329841,0.105556398420726,0.024539042741919,0.116823903993557,-0.0105078203322128,0.0756592012837671,-0.35426995582261,-0.155386149663863,0.168159987387992,0.0461502968589073,-0.000980082276029008,0.104733594970416,0.00589701253429954,0.310476485519931,-0.119339249929376,-0.0756560264028192,0.268090747563327,-0.288067535944643,-0.501794535999651,-0.102630512072786,-0.024826870556539,-0.00183032932836945,-0.176370538702528,-0.0274242312024591,-0.193989616035271,-0.362165587499056,0.0728258419066633,0.081636488574797
0.147154311477786,0.207906095095311,-0.182738676136396,0.0964196405634911,0.263607364903378,0.0915404082887252,-0.109955056751206,-0.00056156673800956,0.27572497263475,0.132174911258284,0.102073116960226,-0.128885309961352,-0.356697651905308,-0.385480923805236,-0.125654079535545,-0.161534192927257,-0.0789284851935204,0.256023098980258,-0.200714646956394,-0.0921981873578176,-0.188290647864163,0.0404301566342637,0.092560862436037,-0.196082677615163,-0.304077789079069,-0.103105310821998,-0.178639716194572,0.0826233058749002,0.0487581776550033,0.123924704349104
0.0039844020526866,0.238275067128134,-0.0749782260501022,0.223257583322546,0.158147371407479,0.247637086991267,-0.0243922050778315,-0.204152811457502,0.132642788116205,-0.314247223456449,0.073585741293609,0.0489704027288328,-0.172698137090885,0.262027671256137,-0.0102038424550024,0.0415366615308036,-0.0198729671448952,-0.0643734994204527,-0.165991754490053,-0.134325543186649,-0.373496947936821,0.0118586144659495,0.0353335128123874,-0.434217561440908,-0.150790857423495,-0.0392845536416383,-0.00374774034920981,-0.0733486928118477,0.179726664851013,0.305152531920358
0.109239631392253,-0.0557357223058193,0.0656813713142496,-0.195816601507192,-0.335117416423552,-0.02342100390728,0.0906872608900642,-0.0796396623184995,0.0972553026929699,-0.389324729410787,-0.311637386411075,0.141762705321209,-0.221484283615277,0.178744536580594,-0.138523074895492,0.0874382761415129,0.00419048752589557,0.0515133046050785,0.389744775323631,0.0175252987557924,0.0106728028571399,0.00333975014681404,-0.331710867826009,0.177869504367443,0.0596725112791887,-0.0418438691127288,-0.038840988745004,0.0159657586739877,0.285564062252625,0.208569417472072
0.0890104548263332,0.139209168553697,-0.291087743993015,-0.0120152072239019,-0.0609136364136781,0.284438728856075,-0.10286677891978,-0.0494950663101553,0.121859154813999,-0.269245704007785,-0.379535782088809,0.0811601758584085,0.0446375441549304,0.176667186655143,-0.0738344777720173,0.239679853899736,-0.432027163685359,0.240631927413075,0.122358969790011,0.196733203291082,0.063552521462227,-0.159341151455178,0.202633039889235,0.124472651795065,0.0191811220245033,-0.168044956428623,-0.189110449292861,0.0231760617141821,-0.0112464696451904,-0.0827820994796679
0.207410688774587,0.166351184487125,-0.214799711342927,0.0330976039194726,0.062737491735564,0.291133836704673,-1.31392325774542e-05,0.482022674424793,-0.161807203872959,-0.211240572223477,0.211136918577866,-0.0743922191634223,0.12602677417575,0.219313904918436,0.11065201785958,0.0478810304105451,-0.154781173132452,0.199414977559547,-0.0590538839639117,-0.1031101927287,0.0735068842512625,0.0580436767596835,0.442805764410832,-0.154517392364493,-0.13170594874657,-0.02656996455683,-0.0773270001202961,-0.126532463707489,0.0671938468397158,-0.102338308502021
0.00406723435936321,0.332653075965563,-0.12914803830343,-0.0236856419799859,0.0525555418395531,0.274554649062061,0.0492892036097393,0.0906042019850108,-0.0362159758852105,0.231408688862906,-0.151064842082882,0.0576896918103155,-0.197421762703108,0.0339026762940222,-0.292490679157742,-0.162160480107694,-0.0144486801884646,-0.454522626499218,-0.116834637677436,0.143370136124421,0.216754863774613,0.370297121954683,0.121539193746154,0.0830097151260169,0.0766703449679379,0.189887262598083,-0.173824414111858,0.0371427079217819,0.17300497574446,0.00957996468089466
0.131070068346321,-0.333304929060929,0.0289460999786283,-0.193553030694106,0.0746839211242866,-0.225737670366218,0.199979308440111,-0.317790555146602,0.161992323057438,0.0724352231063675,-0.103287822414659,0.119447071275739,-0.243291400335219,-0.165613105188737,-0.360797406619093,0.0257346935357125,-0.00803100189212222,-0.0569763430468731,-0.0439499435468025,-0.16887806957999,-0.312604889467785,-0.191913137314615,-0.0764236093120937,0.117893871284543,0.293428015541273,-0.0961255986195023,-0.0174688745986869,0.268344420753178,0.00623474002187256,0.0792664394939252
0.0111812461725318,-0.0289254934684634,0.119900295448483,0.0208005860664929,0.0945703852375611,-0.315004286409653,-0.0611684535271992,-0.105401724176279,0.0241461157464087,-0.0281124571960447,0.173178660837907,0.300110348249347,0.106580257677316,0.0642903362078317,0.0693197511574161,-0.0363043951534883,0.0186332317007254,-0.154287549366383,0.26641720922669,-0.0184754942365095,0.0803630874334358,0.00742202084889677,0.323290261751991,-0.19002415717368,0.295887494148336,-0.0221499833298875,0.0971437055861911,-0.351568471587223,-0.352940045528326,-0.360425495279479
0.0520224715999881,0.199987819450671,-0.068961930028426,0.108581181089048,-0.474015716882754,0.12277514822629,0.0387901324518833,-0.396410765433193,0.123733885688158,0.108216075780737,0.096853166305258,-0.235680982999203,0.220589131064151,-0.176133648856018,0.0974330063807159,-0.0884706553447808,0.17007506807705,-0.122159892931893,-0.309955824047416,0.0705286390698541,0.0489812064947296,-0.12682812849971,0.0965462055241834,0.169141424514534,-0.0890443427758696,-0.2462900026899,-0.235925249482616,-0.0345244613664634,-0.0746981043914281,0.14512840831853
0.304399349010583,-0.217206137777716,0.390103988849025,-0.0407964302535047,0.0161136878472633,0.0127349924743612,0.0180335117529389,0.236275311168639,0.0215144346509952,0.0367077510155088,-0.0331556650747241,-0.0654695858978481,0.129296822512871,0.0137325862953609,0.0208007678433999,0.135641101043,-0.0893301641278991,-0.0729462134548607,-0.183495008930782,0.106762646407082,-0.244187843222507,-0.0278355184819603,-0.230113333552416,-0.431852061661338,-0.384480571589011,-0.172212641292352,0.247267952896163,0.0761980408757822,0.0519151611540048,0.0382730143090824
0.339274870518472,0.289488677086142,0.034713286057442,-0.189137399291107,0.166683904527398,-0.222034526291703,0.207435802388536,0.106027014240533,0.0311648824704596,-0.153907808487376,0.159371863133595,-0.0956971342262075,-0.259555133027741,-0.0604415344817235,-0.141621442508455,-0.271003189951618,-0.197219170928277,-0.0967269613748921,-0.119676699143713,0.170937377484551,-0.32692764873325,0.0878560751377166,0.176561479870824,-0.139733451812811,0.131501733354865,-0.156931695486923,0.203091050096741,-0.108354212555455,-0.238761047716425,-0.00346607903575374
0.401648341255213,0.255736200932929,-0.352900159584593,0.358725359688931,-0.283816052729973,-0.214510155859592,0.00805606358332824,0.040614224340303,-0.0200571015105672,0.161578254568581,0.0981353770466099,0.171348466322779,-0.180557944823954,-0.00312773673619175,0.0237944500488152,-0.223160765998873,-0.0815947901646789,0.0691727157607438,-0.0876425568029161,0.00956726677845976,0.301844188806632,0.184455907332768,-0.0190295739618806,-0.0343499800218757,-0.232778508790035,0.103167915788816,-0.127600060892464,-0.015695221813162,0.0988051003965549,0.0792768295857016
0.200142280735142,-0.0273431470136421,-0.135607359296511,-0.241264145426527,-0.155905176099032,0.297754821865248,-0.150660917905405,0.161877072874182,0.0611748485830669,-0.165314243615897,0.0600425904450246,0.128072869959296,0.179951154547768,0.272334596028786,-0.0609289152375771,0.266112863102813,-0.197621754781008,-0.221669547467734,0.120964959418288,0.309009245924862,0.0941415958022482,0.281987486131672,-0.377195328953832,0.103867535593013,0.136366192441652,0.127352153640463,-0.0474009618889482,-0.0840401568982529,-0.0655904602138311,0.0198288705873539
0.160291100291794,-0.0410947402371754,-0.485828416104045,-0.242438864758946,-0.0598196277079712,0.107883730441558,-0.0102008329598799,0.0106655987456959,-0.0574496834700853,-0.199558200939052,0.319266804766733,0.0869674280139284,-0.0462877558827287,0.0132770408763481,-0.323021291943267,-0.293986994577626,-0.172180083722256,-0.143611984573225,0.0322029584637598,0.190407637153859,-0.231833510058185,0.0830900162842928,0.292194298903739,-0.057759819173863,-0.0505429261926011,0.130941086800144,0.0426958039726832,-0.0772613773704996,0.170242461580903,0.152534269763313
0.145832442898796,-0.132041076110656,0.272591007189352,-0.0162908094456244,0.259395232537258,-0.156398757349309,0.0022530470978218,-0.146865925154268,0.118075736996109,-0.027014436968922,0.111715371295799,-0.0190639319201509,0.00113007178421667,0.208677452440274,0.4968846364363,-0.300342483740322,-0.257416800183343,-0.0649403186540389,0.0422278833788355,-0.118848580629536,0.122633689147391,-0.252625721166917,-0.0367476034952317,0.0621742471147198,0.199554777905615,0.215849181557895,-0.0758999369932674,0.277902442274781,-0.0792110369816237,-0.138207018686884
0.0339685096963802,-0.00184019356330773,0.252771985825849,-0.0149059238213274,-0.0697861568417437,0.0907401965162697,0.0876639919820737,0.0581985201796588,-0.250745400984786,-0.0557972934926603,0.598929529122817,0.120270730931706,-0.0144865307823405,-0.0524853552871334,0.17722118602222,0.184367707091001,0.238998964726467,-0.173761783097714,-0.0110730913395618,0.0557288882419831,0.0188239622764386,-0.203060253545306,-0.0841109487003325,0.208339627165845,-0.240312826842435,0.124810867332464,0.155504501286805,0.272894782075273,-0.2020759294211,0.0871413513359027
0.300039548417373,0.317176927236003,-0.103986458792331,0.280982892255651,0.122809129872003,-0.171272291872911,-0.0367745382894932,0.118386162047415,0.110198759254117,-0.120135314849842,-0.415590292255325,0.155829063831573,0.0977185306292727,-0.0328793440120727,0.307464277529736,-0.322893918630882,0.132568146340972,0.0120149952442578,-0.132422052372037,-0.0970486774425942,-0.144544193405807,0.12647089099655,-0.0800211194778445,0.178226848409629,0.122647257053198,-0.213525023796118,-0.119955331421287,0.00813027407261572,-0.0372393802864118,-0.174989521234154
0.23146338606368,0.0357681638136739,0.0981678550342374,0.0926412795022049,-0.120044624275761,0.140818185483826,-0.31922466357703,-0.0494518316770637,0.0710106545719929,-0.254173390116561,0.326254856124992,0.0489603589506232,0.328404182295284,-0.140463282447309,0.194459028680202,-0.204411892523452,0.184396475586892,-0.149106977994857,0.0194980796348132,0.256541792861653,0.00727617741661447,0.242341180171185,-0.301820311932907,0.0243641301099043,0.0991987893915197,0.0794812132267067,0.115171703342097,0.306418227593432,-0.0698202893806707,-0.0397819788627107
0.221033799886893,0.347890432580238,0.089761652045051,-0.0159371358217804,0.020541331362591,-0.0473985717723903,-0.212121943695259,0.0528068433307404,0.0267574806119428,-0.150863994570345,0.132021449691646,-0.285881991517756,-0.279690405227859,0.168378342867814,-0.153916043874279,-0.500475214838146,0.344659371919988,-0.0512988635910265,0.289913858270751,0.0252655473145901,0.0377853006671767,-0.121578155187505,-0.0551923306850268,-0.0400594116837235,0.0281074220689365,-0.00177378373296938,-0.0549271158033652,-0.0600753550766652,-0.0159817425781574,-0.182565175343441
0.0307420891996794,0.00627757626894338,0.0522164387861889,0.054981726112434,-0.0140136408973668,0.124904290532863,0.337342650235292,-0.109023330617663,0.152254339944309,-0.209749882567718,0.0536483768388478,0.141611849788691,-0.101408813179579,0.0675115906685245,0.189725263094282,-0.209190544594983,0.159198319155503,-0.331609691754919,-0.14568845277264,0.282877808016951,0.013435111854505,0.0875484921195326,-0.191269582048154,0.190780610736778,0.0994174022077037,0.443794704348223,0.345738084531834,0.04673903503191,-0.126477108978771,0.071707639603552
0.246680767989075,0.180156248520635,0.346190028849421,0.217938728296329,-0.330445849110107,-0.072554674672245,-0.00109469298352317,0.0225224337652378,-0.0273862386819269,0.0644339563056069,0.0782602000822374,-0.00790153716097146,0.0117378847338862,-0.12890104476089,-0.0274185833808,-0.0209236189559119,0.310145711187551,-0.0718837991898178,-0.0630243537223059,-0.361040220141594,-0.0421586592789745,0.376192307602073,0.1906297838375,0.139928927212397,0.185017138500236,0.307803024802057,0.0946136889184295,0.109940955657388,0.0348984224057169,0.096023171155069
0.46651463125629,0.0829212944338215,-0.314849207654632,-0.0746445128467556,-0.125214398200093,-0.027821813108979,-0.393099200484523,-0.0621845512159831,0.0579982928066783,-0.0404888610261799,0.0672739403459851,0.0613900984390372,-0.0539394816367934,0.101954910416777,0.108471327094111,-0.248654453686927,0.191457855206817,0.0646387715521,0.26705434224281,0.1659782205944,-0.0895366015335646,-0.14250331964261,-0.228960754428748,0.232670598712235,-0.0258172312417556,0.253780556941521,-0.195925671089472,-0.0989629292098477,0.031211490485922,-0.0832659821682418
0.346282033876081,0.100935660326668,-0.00992211122080622,-0.32049494948678,-0.157882504145517,0.242088615109035,0.117321315473897,-0.0246295073036084,-0.121954347430522,0.101674971136544,-0.161332250661401,0.165304809021262,-0.00175767447177766,-0.0313313227003741,-0.162773381823673,0.00467067064342702,0.0368831714696885,0.0203125135635754,0.308018570577163,0.154845315018722,0.262720469362215,0.203683593610556,-0.213275642743621,-0.288458970807429,-0.187219479644599,0.0256936782917987,-0.397435776102393,0.0503749907135285,0.010584415762975,-0.0834784950716801
0.203506630927978,0.296394506111086,0.322344302228487,-0.197911118047641,-0.122004281926108,-0.0312211936948913,-0.307283868976002,-0.152913183510585,0.162499863777826,0.140012828164268,-0.0418741223500962,0.0966393370129798,0.032920442377734,-0.0952852804444677,0.0472507665974924,0.0685740114201588,0.350071448492727,0.123556440141591,-0.233736009677515,0.280285853064583,-0.243168950242662,-0.114507513451222,-0.0223264250527456,-0.0217585683373217,-0.0561203839825909,-0.250582371047921,0.0318182267551039,0.0270100949449158,0.270024299455271,-0.187014955480855
0.22763851760703,-0.180320316084919,0.119111031338842,0.175954485604346,0.347870264135082,0.022786662985781,-0.0352648044622307,-0.0816215812710797,0.118027111178945,-0.168620016587867,-0.155666066308001,-0.0495083388149021,-0.123231252868645,0.187976742911999,-0.0474423247536617,-0.196459916673882,0.0476640061085167,-0.274415881750214,-0.371405481163579,0.077600585154178,-0.0643151671986929,-0.136535193796479,0.243956308172809,0.279469732723202,-0.182977896003884,0.114424814301482,-0.176534880437368,-0.255472070839869,-0.00375100424876835,-0.236029574311964
0.519715871958583,0.0495082298337129,0.0039661727510785,-0.0796936390492275,-0.263893663140318,0.0832234159952182,0.0759296382130619,0.171370089472804,0.249761125093914,-0.11209496205692,0.0995667807077591,-0.226953328438122,0.127239271743675,-0.068183134977773,0.122921200973582,0.129031403569462,0.201488893933005,0.0238567461431217,0.237816234218451,0.11852374918027,0.0101874847611068,0.177905961923433,0.0619953242476576,0.0651779165973393,-0.225357242555185,0.111186590315213,-0.272833000973674,-0.10263779366828,0.137569650466368,0.318983375955896
0.269142102145753,-0.28390533183875,-0.0928809136991181,-0.0586376927390188,-0.168958715961827,-0.0328643942105827,0.12139912656802,-0.33090759906785,0.148908895825125,0.0314662869582188,0.137911130892367,0.126110939087408,-0.272277148765336,-0.092658110892485,0.083038973451597,-0.608672846689244,-0.143111175164131,0.202061651264021,-0.0411078613720827,-0.0944129135865333,-0.0624279384914716,-0.144610767313683,0.0304197493811588,0.0161148317697282,0.19094029611102,-0.0570134874896005,0.102266350934835,-0.0240916760790556,-0.0675793807885076,0.0980916209026119
0.258058821055752,-0.188557423639273,-0.103448787978016,-0.318770117856179,0.348606181316681,0.0530566946437907,0.0252532298743232,-0.0621235813305832,0.111035172665277,0.180996416409036,-0.113319254808994,-0.0863035682157958,0.161668958523231,-0.306915229620264,-0.284756424992983,0.0893839031969084,0.0825354442597489,-0.0703922380740684,-0.283413077329479,-0.149041909526201,0.140549674808299,-0.0623532467964119,-0.085334004210157,0.342113621618682,-0.160232064265067,0.0912082656364631,-0.00482118380051638,0.0936713366433504,-0.269420771173528,0.0652840092783558
0.0900813718665677,0.294038930194495,0.0172984216588336,0.120559169885331,-0.0673696142526737,-0.226728777038566,0.21843368286682,-0.103274108525128,-0.145131177565965,0.208605432432595,-0.00695074499625135,-0.234280445426523,0.0836035605871815,-0.225346357702121,0.212199772087628,0.108383343914585,0.00293543579990211,0.199126961938882,-0.119008775058891,-0.171470435335542,0.371728246879206,-0.209637180064043,0.165098405422176,0.288404619518565,-0.278561884916826,-0.0926120905852274,0.246627110807873,-0.0378253026693227,0.0898801013031237,-0.099551918098808
0.0834508822917864,-0.479812533785875,0.0203777381123555,-0.205261802933845,0.411073494100508,-0.164929082347898,0.220902483906472,-0.0976296195102768,0.0555917079833853,0.0393945167507616,-0.00677766811244167,-0.00977212921082322,0.30632390537719,0.303893600612147,0.0421027712210597,0.0107206423802934,-0.0391216685165317,0.0100914868137523,0.125327566408317,-0.0989186849530268,0.0454871200022661,-0.0297606210936678,-0.088364795242459,0.0990053557342895,-0.315618761241727,-0.187021278777332,0.18985601797743,0.136126205093547,-0.189238107121519,-0.0151800107834941
0.372599375849567,-0.528464013836546,0.0589798661309873,-0.0450546206038638,0.066507772140554,-0.202893460551391,0.0754734057347345,0.0886965752952969,0.00627518972005901,-0.267576350800003,-0.352287968522573,0.069325948088849,-0.00889715191931084,0.108612597915758,0.240860369984624,-0.243222136818572,-0.155511296188731,-0.215612662314476,0.0908530461918718,0.0256236551415781,-0.223798180885787,0.0622937229323609,0.000575844305457892,-0.074972606421279,0.0615558681151457,-0.0633603413008659,0.103220239611092,0.172281630198257,-0.0112007610823733,0.0142599647387416
0.0825601383814605,0.118593213156693,0.277987773239179,-0.248733315427858,-0.114282202691268,0.357857939050189,0.204976785322935,0.202379259313457,-0.0951835845420557,-0.120806339872763,0.114650982591362,0.344279344045306,-0.0446104637039899,-0.0986708012018051,-0.319094110283351,-0.145823236543307,-0.189465136061883,-0.0953686523214461,-0.149052927954031,0.108699136676663,0.168315764480093,-0.0250134639895167,-0.136250322601221,-0.0380853515250121,0.159141574928522,-0.105735872973491,0.381328575953425,-0.120009830758754,0.0103977542096649,0.036285885996692
0.026483040972137,-0.278519760560014,0.378214836300458,-0.154562328637857,-0.215032706516708,-0.22070205799953,-0.0151653842983701,0.359611872343339,0.088928546066547,-0.247309884283994,0.114964207202209,0.133936401768423,-0.104237942178265,-0.170694317930501,0.212642279973214,-0.0247017404880431,-0.14289995702872,-0.0849888785048864,-0.243695576453178,0.129512132062886,-0.13529216630478,0.106445991655735,-0.00693952171341065,0.364306817455584,-0.10093062529006,0.0857700244183028,0.116359943044739,-0.11203011143792,-0.046039254221125,0.179651903713542
0.307002811085704,-0.0586815871703056,-0.167287232421401,-0.152675479554943,0.184326952303385,-0.069587497685187,0.201675593819065,-0.102315400576301,0.187305460510954,0.335051571706558,-0.10653187570679,-0.0841023258677359,0.0214733185612051,0.420094762315358,0.168701445688725,-0.290487435900566,-0.0185107119651564,-0.125844212649791,0.188984706536459,0.0501969398753074,-0.207772040145291,0.0805563111044569,-0.136304372150224,0.038751058104345,0.18835522770781,-0.0713240363494725,-0.234817030885234,0.268954181130053,0.067935630565821,-0.0932348624941403
0.40149876655875,-0.172705197418152,0.250696295080727,-0.164317045527922,-0.281216079914287,-0.0414583178570649,0.0885213869629699,0.0198662756992941,-0.163847333702785,-0.248574705623751,-0.0492168634816036,0.119890242372413,0.140878184804733,0.0678703873893039,-0.0371762541821721,-0.266022689615038,-0.132174504141077,-0.161756314846395,0.203310875872654,-0.221544823801021,0.109785454708294,0.146395303990009,-0.233632675353965,0.153808780738924,-0.264676422573573,-0.104423809727052,-0.166923299070428,0.132456168022555,-0.230607342710847,0.0522715365412665
0.35143327878397,0.039215653236923,0.157196660341362,-0.65366926445443,-0.131081019844917,0.0117815220064638,0.0367965664181219,0.131889412753597,0.0374974553818436,-0.196804786893793,-0.172933371708971,0.100217139557714,0.196959817109279,-0.101275754246386,0.0579864883487246,0.0440034879976635,-0.227362791160849,-0.148543204671522,-0.039637234099336,-0.116064000499689,-0.0442315690885011,0.139070445068966,-0.0833856639724404,0.0383503514180101,0.172686591040169,0.0357846475970677,0.0563749682924877,0.131823926069907,0.143289326432785,-0.248487035829542
0.138024205470135,0.298281686077514,-0.0609869541416347,-0.233845755714282,-0.0266470807382503,0.190313227361547,0.280026225820423,-0.0228375333314668,-0.0511683893765975,0.103725352057361,0.0239489892760605,-0.0132072049728643,0.514709218459565,-0.0150305471015752,0.0828576726602569,0.140765218231981,0.0571578080109575,-0.126633663861632,-0.113151097029386,0.34622206382056,-0.101628564244998,0.142892142199143,0.0312821349638937,-0.17173584160972,-0.193489466929128,0.0476723029091125,0.0951661701618925,-0.0621616295263528,0.372637971038883,0.0840652470734401
0.167641840804943,-0.0455474169915634,0.542199963763626,-0.0191999680737853,0.165499502317774,0.266498556561927,-0.158832936083666,-0.069347387152935,0.0334885946299832,0.307343453285005,-0.0995044972989577,0.127134126790357,-0.0168686326972873,0.117851647473675,-0.293310603337962,0.061049772070426,0.137930033825382,-0.145032357982628,0.0261986304311779,0.139064389252514,0.129797632655241,0.149069905710366,-0.0496990911642549,-0.1030841749408,0.156888083244501,-0.339638080877428,-0.0706293725351057,-0.216700163389257,0.013594549000387,0.130751975254041
0.0981210354737287,0.194423738430144,0.0570545905261462,-0.430686318648113,-0.374984560281174,0.0499695987284944,-0.00941646981474146,0.0715172068160227,0.128426772529113,0.0183420873492499,-0.13423367124312,-0.130063782340894,0.11504622507566,0.195557723365437,-0.15862052707206,0.0138704786635217,-0.286199715110076,-0.111802710734239,-0.127247222029819,0.00329745138798598,-0.0669297156066202,-0.0741903854498038,-0.333935102092482,0.00842041337137028,-0.122704054397888,0.257241610795077,0.115340413960019,0.0712643868524969,0.309695645183145,-0.24333592115772
0.136495506895286,0.147026772821597,0.133935515879381,0.408495115363482,0.058775788489747,-0.147524455372872,0.3312583652943,0.155577305226609,0.0572841681360526,0.157334822589085,-0.0252319546080093,-0.173555618399466,0.197640688013315,-0.31498908793993,-0.122891231401904,-0.0297231147775704,0.141290513458956,-0.170965565389211,0.168958875563446,-0.257693398186402,0.2206461571357,-0.0665325031127481,-0.0319493567235825,0.275749294654249,-0.145414899496396,-0.0664000970596888,-0.101261095711894,0.144376401644063,0.00363643976723676,-0.267861993449657
0.145144709780007,-0.160380151361623,-0.0861536922643951,0.0427578805346981,-0.155664498045776,0.0190627230795225,-0.241749256274769,-0.236631585963186,-0.22701590540668,-0.590744158454316,0.0219672007337123,0.0706372535454453,-0.122227860674676,0.161347665660006,0.0514402025335288,0.0316149129461361,-0.17076468741826,0.0760485129506628,0.00294834901574572,0.170605592283487,0.113384150282137,0.382391838504407,-0.0583026187942499,-0.0861315157885189,0.0930006039884229,-0.103169300987691,0.191341056896255,-0.180049970764128,-0.00794245703232901,0.178833411998491
0.369379668687855,0.258192756236646,0.253274789288412,0.160262928202746,0.135969944389322,0.0574949714533592,-0.18901463209024,-0.171087083835082,0.00171885526453467,-0.118645190501155,0.331152063480257,0.30610418239896,0.132372937180576,0.258098991825802,0.232755219134011,-0.215391237544567,0.11209359072403,0.27124288797326,0.0493248861253794,-0.00685705609869698,-0.303769437546428,-0.0589198638587659,0.0954900560799633,0.00638863843416721,0.0730967806742203,0.0732655474548526,0.0172234891988155,-0.0644380281062508,-0.0940606379804185,0.0243585898866022
0.468278134264311,-0.0427959643226908,-0.0727674230286886,-0.120664888896524,-0.293355939243951,-0.109724571272393,0.0567010641715711,-0.344767895537593,-0.286224301649549,-0.160225503559716,-0.0285084234558259,0.175540866485925,-0.019251002668356,0.074419732512112,0.0359828868052638,0.0583750613242741,-0.137909456414724,0.246829058918681,-0.200342532454948,-0.138480941702863,0.0641522407921275,0.382334531373844,0.0162314424030381,-0.242342505908129,-0.0668485922181681,-0.116049640105367,-0.0216646688873328,-0.0439692449975034,-0.11671881446353,0.0806736170259727
0.00669168478039181,0.143500200741347,-0.225554755222185,0.391236288608971,-0.130952227004609,-0.316233911280003,0.0670792925525193,0.132950915428855,0.113871862743917,0.214772775580201,-0.259387929773946,0.127925996486507,0.259101436039144,-0.345465427847765,0.0211522775792444,0.0236923882741803,-0.0841316944698425,0.0936463927580018,0.179733603647751,-0.0191452582701615,-0.139548603675601,0.168435322538058,0.197741072907586,0.025119406065927,-0.0317389903667258,-0.00261451486811876,0.108691435622413,0.172991404651644,-0.0299424826279058,-0.355131416252408
0.381120654288563,-0.338553578980954,0.259663264804746,0.117689212547048,-0.252948400924504,0.190104494085488,0.0707851378530566,-0.117634178287033,0.18916677382266,0.0772105247264319,-0.174276380750439,0.257214954847244,0.0639302834471781,-0.147578580718537,-0.0618607829130275,-0.0761002545235321,0.231802043363307,-0.126001027050744,-0.0733339279591165,0.179052899477232,0.152617129794116,0.0431203681128624,-0.169914495780071,-0.105370202560269,-0.199461297674746,-0.185328158542757,-0.0545746680859852,-0.187406646692259,0.016529704470604,0.285384530023618
0.0214052302233261,-0.134849061941095,0.240364808646389,0.394807832353633,-0.136050897866232,0.252580213952368,0.124442474847224,0.262910972965962,-0.0026181917519011,0.167814959331577,0.251819042226122,-0.152363462711282,-0.0159804113946359,0.140126402281854,-0.0224328879021863,0.109903123495673,-0.10689701896344,0.224302199118128,-0.0644263876439905,0.244105063653573,0.016445957484425,-0.06929985807502,0.309947588268788,-0.273109012170478,0.102827760504259,-0.144075748669636,-0.0948791816220309,0.300688622522744,0.10748512064177,0.100099343832123
0.243601860121406,0.0997952213669239,0.0296513777549217,-0.36860929626654,0.277115908738314,-0.30620677676004,-0.143578501462466,0.0253761114623955,-0.0043059199987154,-0.0695841523616446,0.240657397823241,0.207972774627692,-0.132740439303905,-0.109154555040646,0.103843796229335,-0.229858581240915,0.178606938739808,0.0911642423319062,-0.0921696097448008,0.0798731651926265,0.102365012850093,0.00514519045644237,0.0779972548228119,-0.114001150308495,-0.217839788885199,-0.284558485069761,0.0150379977819599,0.0954781458037515,-0.314709509855221,0.285424010478433
0.332090979274575,0.263426275116838,-0.161405810452922,0.221736195620369,0.0400813851799709,0.192261310224706,0.299100293919061,-0.144084272231388,-0.0741677748392773,0.172671062084961,-0.419172223228396,0.0430354526321371,0.0440839302954292,-0.330483870088653,0.0402320853676937,-0.0117680564259166,-0.0168021319747594,-0.068927015159891,0.158422818906042,0.199500372940374,-0.140518761369069,0.0450348710843997,0.0116820977268702,0.299403514961694,0.0945143027903756,0.0334639287605774,0.0815040139113406,-0.122926974036624,-0.130256998455153,-0.200648732605269
0.0559940757528846,0.508135141800145,0.188535448363715,0.0699357932199521,-0.326491473605759,0.155581194971991,-0.0437313260973212,-0.0646724177401423,-0.383190360634012,-0.150647132705641,0.0115645760383053,0.107946846573433,0.0255026076972697,-0.190266121682764,0.0153357766580261,0.116896502074857,0.279262300423453,-0.0484449541059847,0.137818705912514,0.0225292072988078,-0.0811708782043004,0.0875897006524544,-0.0703108845799255,-0.173140542335511,-0.163589223735553,0.242445136093401,0.14259863528327,-0.227846969689487,0.127326766781002,-0.079010766127702
0.0846588637950423,-0.323711498174118,0.143071244165973,0.32087054328468,0.325845522065891,0.0111385252481504,-0.238338708084384,0.31515431812634,0.0466867323421827,0.0652786748311561,0.0202860071389456,0.107753165960291,-0.159445515368118,-0.0486950131875762,0.122661430945586,-0.0583524274940377,-0.113330769696575,-0.0272806096927064,-0.0509493866659562,0.26668744612401,0.0107415829286824,0.112256363074902,-0.110335518433745,-0.000752306049648915,0.301714114448112,-0.351943952903566,0.0875813020699979,-0.0381526601411779,-0.0631981947983042,-0.311877860907316
0.0883682867204723,0.0753389586481165,0.172887608545246,0.0948169978148952,-0.467094349121352,-0.0454550995516933,0.115770628765853,-0.181498178133395,0.02287752661174,0.385937669068985,0.0294083493908115,0.0508219493169857,0.0355625556634375,-0.240834636244372,-0.150332705462384,0.159863868717807,0.160843092451379,-0.0255734065370514,0.246918567631743,0.248467772387965,-0.100473038919309,-0.18052806895181,0.0212687928546504,-0.0290134959930002,-0.00826355400386455,0.0756475666937335,0.365085296896864,0.0101884142841453,0.240988119429942,-0.173895160835111
0.126320563090562,0.539146830033243,0.319651811522552,0.0689862386186081,0.0861740642201557,-0.146553712001118,0.287672722518687,-0.0718242631477776,0.167309888096643,0.017111225185148,-0.00189138965330274,0.183694072989942,-0.0365084434815283,0.132721782821773,-0.224942222578108,-0.142069134991559,0.0643525682249695,-0.1845952713331,-0.116521790174184,-0.0549075734290212,0.117228944182975,-0.00571370495250199,-0.06590935441322,-0.0827083026057328,0.330184048735356,0.108423473604977,0.248537352188759,0.235080175795872,0.00751560072812928,0.0144957663657355
