2.446858146470541340e-01,1.672269537729413613e-01,6.685794426928884926e-01,1.555730494174328293e-01,5.361942269770609837e-01,0.000000000000000000e+00,0.000000000000000000e+00,0.000000000000000000e+00,0.000000000000000000e+00,0.000000000000000000e+00,0.000000000000000000e+00,0.000000000000000000e+00,0.000000000000000000e+00,0.000000000000000000e+00,0.000000000000000000e+00,0.000000000000000000e+00,0.000000000000000000e+00,0.000000000000000000e+00,0.000000000000000000e+00,0.000000000000000000e+00,0.000000000000000000e+00,0.000000000000000000e+00,0.000000000000000000e+00,-3.917375449229106854e-01,0.000000000000000000e+00,0.000000000000000000e+00,0.000000000000000000e+00,0.000000000000000000e+00,0.000000000000000000e+00,0.000000000000000000e+00
5.444225068997401440e-01,1.008420470467850383e-01,3.093134186586924406e-01,2.956188662703696513e-01,-6.263806920175039039e-01,5.551115123125780237e-17,2.081668171172167589e-17,0.000000000000000000e+00,-7.888609052210114551e-31,0.000000000000000000e+00,0.000000000000000000e+00,1.593091911132451570e-58,-3.111507638930569748e-60,0.000000000000000000e+00,0.000000000000000000e+00,7.320193078117661874e-04,0.000000000000000000e+00,0.000000000000000000e+00,0.000000000000000000e+00,0.000000000000000000e+00,0.000000000000000000e+00,0.000000000000000000e+00,0.000000000000000000e+00,0.000000000000000000e+00,3.037251364800407083e-02,-3.421898796008114307e-01,0.000000000000000000e+00,0.000000000000000000e+00,0.000000000000000000e+00,0.000000000000000000e+00
3.856525207512383480e-01,5.503292702008412141e-01,3.622856070029868703e-02,4.793639227128123070e-01,1.070047811686294231e-01,-3.885780586188046905e-16,-1.084202172485504193e-19,9.860761315262645378e-32,0.000000000000000000e+00,0.000000000000000000e+00,0.000000000000000000e+00,3.317567008699527364e-01,0.000000000000000000e+00,0.000000000000000000e+00,-4.424873069640902767e-01,0.000000000000000000e+00,0.000000000000000000e+00,0.000000000000000000e+00,0.000000000000000000e+00,0.000000000000000000e+00,0.000000000000000000e+00,0.000000000000000000e+00,0.000000000000000000e+00,0.000000000000000000e+00,0.000000000000000000e+00,0.000000000000000000e+00,0.000000000000000000e+00,0.000000000000000000e+00,0.000000000000000000e+00,0.000000000000000000e+00
4.418660845229512024e-02,1.029411712624246356e-01,-2.674574195750519801e-01,7.738554391540030108e-01,4.249354892353183200e-01,2.220446049250312095e-16,-1.110223024625156047e-16,3.469446951953612648e-18,0.000000000000000000e+00,0.000000000000000000e+00,0.000000000000000000e+00,0.000000000000000000e+00,0.000000000000000000e+00,0.000000000000000000e+00,0.000000000000000000e+00,0.000000000000000000e+00,1.860692012181576482e-02,7.182256583835373853e-02,0.000000000000000000e+00,0.000000000000000000e+00,0.000000000000000000e+00,0.000000000000000000e+00,0.000000000000000000e+00,3.619255150537738497e-01,0.000000000000000000e+00,0.000000000000000000e+00,0.000000000000000000e+00,0.000000000000000000e+00,0.000000000000000000e+00,0.000000000000000000e+00
-3.611861422171930291e-01,-3.572983783913835087e-01,-4.405510011305429630e-01,4.725983659309836993e-01,-5.029223482208131646e-01,0.000000000000000000e+00,-5.551115123125781470e-17,-2.645939008685644911e-01,0.000000000000000000e+00,0.000000000000000000e+00,0.000000000000000000e+00,0.000000000000000000e+00,0.000000000000000000e+00,0.000000000000000000e+00,0.000000000000000000e+00,3.882291429824769741e-02,0.000000000000000000e+00,0.000000000000000000e+00,0.000000000000000000e+00,0.000000000000000000e+00,0.000000000000000000e+00,0.000000000000000000e+00,0.000000000000000000e+00,0.000000000000000000e+00,0.000000000000000000e+00,0.000000000000000000e+00,0.000000000000000000e+00,0.000000000000000000e+00,0.000000000000000000e+00,0.000000000000000000e+00
-5.527028998126034542e-01,3.944121892800923068e-01,1.677758650804931917e-01,-3.506717182161238622e-01,-5.282121288735339704e-01,-1.110223024625156047e-16,0.000000000000000000e+00,0.000000000000000000e+00,0.000000000000000000e+00,0.000000000000000000e+00,-4.470680650904307763e-06,0.000000000000000000e+00,1.108737192789611796e-02,0.000000000000000000e+00,-2.993540175850947782e-04,0.000000000000000000e+00,-7.482141526808003512e-05,1.203883975739249201e-21,0.000000000000000000e+00,0.000000000000000000e+00,0.000000000000000000e+00,0.000000000000000000e+00,2.743157992570875134e-22,3.297090066262793329e-01,-9.473622203998162503e-05,3.274710760104675305e-21,-8.279924845969916273e-05,-1.077417031143095022e-04,0.000000000000000000e+00,0.000000000000000000e+00
5.309017959659424468e-01,-2.590271242662485207e-01,7.148412383613947929e-01,0.000000000000000000e+00,-3.738911722097049140e-01,0.000000000000000000e+00,0.000000000000000000e+00,0.000000000000000000e+00,0.000000000000000000e+00,0.000000000000000000e+00,0.000000000000000000e+00,0.000000000000000000e+00,0.000000000000000000e+00,0.000000000000000000e+00,0.000000000000000000e+00,0.000000000000000000e+00,0.000000000000000000e+00,0.000000000000000000e+00,0.000000000000000000e+00,0.000000000000000000e+00,-1.598834625890204614e-02,0.000000000000000000e+00,0.000000000000000000e+00,0.000000000000000000e+00,0.000000000000000000e+00,0.000000000000000000e+00,0.000000000000000000e+00,0.000000000000000000e+00,0.000000000000000000e+00,0.000000000000000000e+00
3.821727662886665877e-01,-2.262079412673756451e-15,-5.761406928533910898e-01,-2.750227437565261682e-02,-1.245073007059121356e-01,0.000000000000000000e+00,0.000000000000000000e+00,0.000000000000000000e+00,0.000000000000000000e+00,0.000000000000000000e+00,0.000000000000000000e+00,0.000000000000000000e+00,0.000000000000000000e+00,0.000000000000000000e+00,0.000000000000000000e+00,0.000000000000000000e+00,5.369624171058993145e-01,-4.662818872061906261e-01,0.000000000000000000e+00,0.000000000000000000e+00,0.000000000000000000e+00,0.000000000000000000e+00,0.000000000000000000e+00,0.000000000000000000e+00,0.000000000000000000e+00,0.000000000000000000e+00,0.000000000000000000e+00,0.000000000000000000e+00,0.000000000000000000e+00,0.000000000000000000e+00
5.028775432457370798e-01,-3.628934011798944370e-01,-4.449058559918915301e-01,-5.646196480212097857e-01,-5.038103338876963322e-03,4.440892098500624190e-16,-1.200428645375949918e-15,1.972152263052528638e-31,-1.857314401648888780e-01,-4.930380657631321594e-32,-7.703719777548939991e-34,0.000000000000000000e+00,-5.473822126268814252e-48,3.421138828918008908e-49,6.077163357286268500e-64,6.077163357286268500e-64,0.000000000000000000e+00,2.533070032604124999e-01,0.000000000000000000e+00,2.058460127565426054e-16,0.000000000000000000e+00,0.000000000000000000e+00,0.000000000000000000e+00,0.000000000000000000e+00,0.000000000000000000e+00,0.000000000000000000e+00,1.422792383602800417e-18,0.000000000000000000e+00,0.000000000000000000e+00,0.000000000000000000e+00
2.293242009183618993e-02,-6.588785751685850567e-01,-5.602055683651228080e-01,-2.701721129518737385e-02,3.674592021871878611e-01,-1.665334536937735304e-16,3.240638004282941909e-01,0.000000000000000000e+00,8.673617379884039324e-19,-3.469446951953615730e-18,0.000000000000000000e+00,-2.482397680906964221e-02,9.629649721936183542e-35,3.611118645726068507e-34,2.189747711946121028e-02,5.490243592647625000e-45,0.000000000000000000e+00,3.005153123444493507e-02,0.000000000000000000e+00,0.000000000000000000e+00,0.000000000000000000e+00,-7.681318090028125059e-03,0.000000000000000000e+00,0.000000000000000000e+00,0.000000000000000000e+00,9.322810859962964158e-02,0.000000000000000000e+00,0.000000000000000000e+00,0.000000000000000000e+00,0.000000000000000000e+00
-3.880838838986902517e-01,-4.891491591073420658e-02,3.559751294540891564e-01,-4.961275900903468483e-01,-6.309278081039214614e-01,2.758032860247031648e-01,0.000000000000000000e+00,0.000000000000000000e+00,0.000000000000000000e+00,0.000000000000000000e+00,0.000000000000000000e+00,0.000000000000000000e+00,0.000000000000000000e+00,0.000000000000000000e+00,0.000000000000000000e+00,0.000000000000000000e+00,0.000000000000000000e+00,0.000000000000000000e+00,0.000000000000000000e+00,0.000000000000000000e+00,0.000000000000000000e+00,0.000000000000000000e+00,0.000000000000000000e+00,0.000000000000000000e+00,0.000000000000000000e+00,0.000000000000000000e+00,0.000000000000000000e+00,0.000000000000000000e+00,0.000000000000000000e+00,0.000000000000000000e+00
-3.181207467689654567e-01,-3.256026991784753410e-01,3.134522289112884330e-01,-1.158961059611973710e-01,3.611628863441795345e-01,5.551115123125785167e-17,0.000000000000000000e+00,1.734723475976807865e-18,0.000000000000000000e+00,0.000000000000000000e+00,1.626350723669978642e-21,-5.241410081151428590e-01,0.000000000000000000e+00,-2.806621363265429658e-01,0.000000000000000000e+00,0.000000000000000000e+00,0.000000000000000000e+00,0.000000000000000000e+00,4.440317600674836829e-01,0.000000000000000000e+00,0.000000000000000000e+00,0.000000000000000000e+00,-1.777100587921310137e-22,0.000000000000000000e+00,0.000000000000000000e+00,0.000000000000000000e+00,0.000000000000000000e+00,0.000000000000000000e+00,-4.307281739204021349e-21,-5.660476781298159287e-19
4.493123410117029759e-01,1.392925167214254523e-01,-6.203507109328320057e-01,-4.568447295130030894e-01,7.173223264005712529e-02,2.775557561562891967e-17,2.220446049250313574e-16,1.387778780781445984e-17,1.232595164407831220e-32,-2.465190328815662439e-32,-1.540743955509789025e-33,0.000000000000000000e+00,-2.060350935464213273e-01,1.436254739967664784e-01,0.000000000000000000e+00,0.000000000000000000e+00,0.000000000000000000e+00,0.000000000000000000e+00,-6.331802581889896296e-17,3.419790253923623013e-01,0.000000000000000000e+00,0.000000000000000000e+00,0.000000000000000000e+00,0.000000000000000000e+00,0.000000000000000000e+00,0.000000000000000000e+00,0.000000000000000000e+00,0.000000000000000000e+00,0.000000000000000000e+00,0.000000000000000000e+00
2.050886451924522347e-01,4.070979930426963517e-02,4.798274166936327134e-01,2.984334665964956668e-01,-6.686205725964827762e-01,0.000000000000000000e+00,0.000000000000000000e+00,0.000000000000000000e+00,0.000000000000000000e+00,0.000000000000000000e+00,0.000000000000000000e+00,0.000000000000000000e+00,0.000000000000000000e+00,-1.755518223268991429e-01,-3.988891620945601568e-01,0.000000000000000000e+00,0.000000000000000000e+00,0.000000000000000000e+00,0.000000000000000000e+00,0.000000000000000000e+00,0.000000000000000000e+00,0.000000000000000000e+00,0.000000000000000000e+00,0.000000000000000000e+00,0.000000000000000000e+00,0.000000000000000000e+00,0.000000000000000000e+00,0.000000000000000000e+00,0.000000000000000000e+00,0.000000000000000000e+00
7.042040200782929971e-02,-1.977151312063815947e-01,-7.620720536628868835e-01,-1.982319718949682730e-01,5.062297399868013192e-01,1.110223024625156294e-16,1.232595164407830727e-31,0.000000000000000000e+00,0.000000000000000000e+00,0.000000000000000000e+00,0.000000000000000000e+00,0.000000000000000000e+00,0.000000000000000000e+00,0.000000000000000000e+00,0.000000000000000000e+00,0.000000000000000000e+00,0.000000000000000000e+00,0.000000000000000000e+00,0.000000000000000000e+00,0.000000000000000000e+00,0.000000000000000000e+00,0.000000000000000000e+00,0.000000000000000000e+00,0.000000000000000000e+00,0.000000000000000000e+00,0.000000000000000000e+00,0.000000000000000000e+00,2.821903870982441775e-01,0.000000000000000000e+00,0.000000000000000000e+00
-5.475765984209609583e-01,-2.100606375969008843e-01,1.580165587103005420e-01,-4.485869756225710492e-01,-1.025961720635112408e-02,-6.938893903907226837e-18,0.000000000000000000e+00,-8.673617379884033546e-19,0.000000000000000000e+00,-2.407412430484044282e-35,-1.104702252360807811e-24,2.938735877055718117e-39,2.869859254937224724e-42,0.000000000000000000e+00,0.000000000000000000e+00,0.000000000000000000e+00,0.000000000000000000e+00,0.000000000000000000e+00,4.352645143855929377e-01,9.176645735057129234e-21,0.000000000000000000e+00,0.000000000000000000e+00,-2.670394800372579147e-01,4.110527323131983324e-01,0.000000000000000000e+00,0.000000000000000000e+00,0.000000000000000000e+00,0.000000000000000000e+00,0.000000000000000000e+00,0.000000000000000000e+00
-3.578200633796244645e-01,-4.946995491904673803e-01,-1.832941843373391000e-01,2.715266839434897772e-01,-1.538482857215765498e-01,0.000000000000000000e+00,0.000000000000000000e+00,0.000000000000000000e+00,0.000000000000000000e+00,0.000000000000000000e+00,0.000000000000000000e+00,-3.060744893612490856e-24,0.000000000000000000e+00,0.000000000000000000e+00,0.000000000000000000e+00,0.000000000000000000e+00,0.000000000000000000e+00,-3.110871108569617576e-27,0.000000000000000000e+00,4.743639933210057058e-01,0.000000000000000000e+00,0.000000000000000000e+00,0.000000000000000000e+00,-5.207909052485387713e-01,0.000000000000000000e+00,1.370654714352632939e-31,0.000000000000000000e+00,0.000000000000000000e+00,0.000000000000000000e+00,0.000000000000000000e+00
-7.364448088822049820e-01,4.975808023152812343e-01,-2.857077411191058514e-01,-2.111917746919579897e-01,2.566490818707825583e-01,0.000000000000000000e+00,0.000000000000000000e+00,0.000000000000000000e+00,0.000000000000000000e+00,0.000000000000000000e+00,0.000000000000000000e+00,0.000000000000000000e+00,0.000000000000000000e+00,0.000000000000000000e+00,0.000000000000000000e+00,0.000000000000000000e+00,0.000000000000000000e+00,0.000000000000000000e+00,0.000000000000000000e+00,1.340252154622293135e-01,0.000000000000000000e+00,0.000000000000000000e+00,0.000000000000000000e+00,0.000000000000000000e+00,0.000000000000000000e+00,0.000000000000000000e+00,0.000000000000000000e+00,0.000000000000000000e+00,0.000000000000000000e+00,0.000000000000000000e+00
3.633791954588858619e-01,-2.322513450652169409e-01,-5.060915242136639902e-01,-3.812859020970176815e-01,5.893033627804231678e-01,-5.551115123125781470e-17,0.000000000000000000e+00,0.000000000000000000e+00,0.000000000000000000e+00,2.535986026045957131e-01,0.000000000000000000e+00,0.000000000000000000e+00,0.000000000000000000e+00,0.000000000000000000e+00,0.000000000000000000e+00,0.000000000000000000e+00,0.000000000000000000e+00,0.000000000000000000e+00,0.000000000000000000e+00,0.000000000000000000e+00,0.000000000000000000e+00,0.000000000000000000e+00,0.000000000000000000e+00,0.000000000000000000e+00,0.000000000000000000e+00,0.000000000000000000e+00,0.000000000000000000e+00,0.000000000000000000e+00,0.000000000000000000e+00,-3.027537575135259146e-02
0.000000000000000000e+00,-2.652293146762370046e-01,4.137027580885730971e-01,7.108055012976357556e-01,3.814836120818725917e-01,0.000000000000000000e+00,0.000000000000000000e+00,0.000000000000000000e+00,-3.282213150059963835e-01,0.000000000000000000e+00,0.000000000000000000e+00,0.000000000000000000e+00,0.000000000000000000e+00,0.000000000000000000e+00,0.000000000000000000e+00,0.000000000000000000e+00,0.000000000000000000e+00,0.000000000000000000e+00,0.000000000000000000e+00,0.000000000000000000e+00,0.000000000000000000e+00,0.000000000000000000e+00,0.000000000000000000e+00,0.000000000000000000e+00,0.000000000000000000e+00,0.000000000000000000e+00,0.000000000000000000e+00,0.000000000000000000e+00,0.000000000000000000e+00,0.000000000000000000e+00
-4.793193091840400877e-01,4.990963363567973432e-01,3.911523604819390765e-01,-2.548951739122736204e-01,-5.332973526741964232e-01,0.000000000000000000e+00,0.000000000000000000e+00,2.592399279762523686e-05,0.000000000000000000e+00,0.000000000000000000e+00,0.000000000000000000e+00,0.000000000000000000e+00,0.000000000000000000e+00,0.000000000000000000e+00,0.000000000000000000e+00,0.000000000000000000e+00,0.000000000000000000e+00,0.000000000000000000e+00,1.370318812655584306e-01,0.000000000000000000e+00,0.000000000000000000e+00,0.000000000000000000e+00,0.000000000000000000e+00,0.000000000000000000e+00,0.000000000000000000e+00,0.000000000000000000e+00,0.000000000000000000e+00,0.000000000000000000e+00,5.697013766405162327e-04,0.000000000000000000e+00
1.470145337853674895e-06,-3.131175874138137791e-16,-3.744804287832579348e-01,-3.624499906900553459e-01,-4.652569563507204228e-10,0.000000000000000000e+00,0.000000000000000000e+00,0.000000000000000000e+00,0.000000000000000000e+00,0.000000000000000000e+00,0.000000000000000000e+00,0.000000000000000000e+00,-2.266828419092069002e-01,0.000000000000000000e+00,-3.633507283855609837e-01,0.000000000000000000e+00,0.000000000000000000e+00,0.000000000000000000e+00,0.000000000000000000e+00,0.000000000000000000e+00,0.000000000000000000e+00,0.000000000000000000e+00,0.000000000000000000e+00,0.000000000000000000e+00,0.000000000000000000e+00,0.000000000000000000e+00,0.000000000000000000e+00,0.000000000000000000e+00,0.000000000000000000e+00,-7.382313662196782200e-01
-2.725320302388686833e-01,1.263263547482486315e-01,-3.254308653284407882e-01,-4.471032109721507219e-01,2.896555800317590079e-01,9.714451465470121701e-16,-1.387778780781445984e-17,0.000000000000000000e+00,0.000000000000000000e+00,-1.069105884036878496e-50,0.000000000000000000e+00,0.000000000000000000e+00,0.000000000000000000e+00,0.000000000000000000e+00,0.000000000000000000e+00,0.000000000000000000e+00,0.000000000000000000e+00,3.829333014826705184e-01,0.000000000000000000e+00,6.110835841289816717e-01,0.000000000000000000e+00,0.000000000000000000e+00,0.000000000000000000e+00,0.000000000000000000e+00,0.000000000000000000e+00,0.000000000000000000e+00,0.000000000000000000e+00,0.000000000000000000e+00,0.000000000000000000e+00,0.000000000000000000e+00
6.127066487745219669e-01,2.972250490524335209e-01,1.623055227602732131e-01,-1.071368881857067829e-01,-5.451097787015176666e-01,1.421247065852143110e-01,1.110223024625157033e-16,-2.775557561562892584e-17,0.000000000000000000e+00,0.000000000000000000e+00,0.000000000000000000e+00,0.000000000000000000e+00,0.000000000000000000e+00,0.000000000000000000e+00,0.000000000000000000e+00,0.000000000000000000e+00,0.000000000000000000e+00,0.000000000000000000e+00,0.000000000000000000e+00,0.000000000000000000e+00,0.000000000000000000e+00,0.000000000000000000e+00,4.247422944427506897e-01,0.000000000000000000e+00,0.000000000000000000e+00,-2.600610482613547464e-02,0.000000000000000000e+00,0.000000000000000000e+00,0.000000000000000000e+00,0.000000000000000000e+00
-1.958634332431425096e-01,1.114338863811773633e-01,-2.130826292269134836e-01,4.495153465274144833e-01,5.121935065346305826e-01,4.817589239764353409e-02,1.894335102081059780e-03,0.000000000000000000e+00,-3.192249987129133215e-01,0.000000000000000000e+00,0.000000000000000000e+00,-1.745374012100932919e-34,4.276423536147513983e-50,0.000000000000000000e+00,0.000000000000000000e+00,0.000000000000000000e+00,2.019877319685498690e-02,0.000000000000000000e+00,0.000000000000000000e+00,0.000000000000000000e+00,0.000000000000000000e+00,0.000000000000000000e+00,0.000000000000000000e+00,0.000000000000000000e+00,0.000000000000000000e+00,0.000000000000000000e+00,5.785952534806464431e-01,0.000000000000000000e+00,0.000000000000000000e+00,0.000000000000000000e+00
2.362529693236796458e-01,-1.493877948140007184e-01,3.750392231836266466e-01,4.095443769151424496e-02,-2.769158625752344283e-01,2.775557561562890735e-17,1.110223024625156294e-16,-5.551115123125781470e-17,1.110223024625156294e-16,4.311499411248245761e-01,0.000000000000000000e+00,-1.545130232366525025e-01,0.000000000000000000e+00,5.856718484346724596e-01,0.000000000000000000e+00,0.000000000000000000e+00,0.000000000000000000e+00,0.000000000000000000e+00,0.000000000000000000e+00,0.000000000000000000e+00,0.000000000000000000e+00,0.000000000000000000e+00,0.000000000000000000e+00,-2.189290341432194135e-03,-2.653481072103846053e-02,0.000000000000000000e+00,-3.864825700715120993e-01,1.230281453500879922e-04,0.000000000000000000e+00,0.000000000000000000e+00
3.524120188698625089e-01,3.317376978976643853e-01,-4.180460142491292386e-01,5.877536966228397164e-01,-4.559509078485349254e-01,0.000000000000000000e+00,0.000000000000000000e+00,0.000000000000000000e+00,0.000000000000000000e+00,0.000000000000000000e+00,0.000000000000000000e+00,0.000000000000000000e+00,0.000000000000000000e+00,0.000000000000000000e+00,1.310837359438828398e-01,-1.382456992844966759e-01,0.000000000000000000e+00,0.000000000000000000e+00,0.000000000000000000e+00,0.000000000000000000e+00,0.000000000000000000e+00,0.000000000000000000e+00,-3.678234982516662838e-02,0.000000000000000000e+00,0.000000000000000000e+00,0.000000000000000000e+00,0.000000000000000000e+00,0.000000000000000000e+00,0.000000000000000000e+00,0.000000000000000000e+00
3.788253027471880086e-01,5.181256964976692636e-01,-3.382388782209704847e-01,-5.240168007122412153e-01,-3.673024074673309491e-01,0.000000000000000000e+00,0.000000000000000000e+00,0.000000000000000000e+00,0.000000000000000000e+00,0.000000000000000000e+00,2.532329913876469329e-01,0.000000000000000000e+00,0.000000000000000000e+00,0.000000000000000000e+00,0.000000000000000000e+00,0.000000000000000000e+00,0.000000000000000000e+00,0.000000000000000000e+00,0.000000000000000000e+00,0.000000000000000000e+00,0.000000000000000000e+00,0.000000000000000000e+00,0.000000000000000000e+00,0.000000000000000000e+00,0.000000000000000000e+00,0.000000000000000000e+00,0.000000000000000000e+00,0.000000000000000000e+00,0.000000000000000000e+00,0.000000000000000000e+00
4.827814528206287314e-01,7.257001402321346106e-02,1.515108010321568610e-01,2.616213135913587617e-01,4.248040231497920427e-01,8.326672684688680216e-17,-2.775557561562893200e-17,-6.938893903907233000e-18,0.000000000000000000e+00,0.000000000000000000e+00,0.000000000000000000e+00,0.000000000000000000e+00,0.000000000000000000e+00,0.000000000000000000e+00,0.000000000000000000e+00,0.000000000000000000e+00,0.000000000000000000e+00,0.000000000000000000e+00,-1.277306661911110086e-01,0.000000000000000000e+00,0.000000000000000000e+00,0.000000000000000000e+00,0.000000000000000000e+00,-2.813720898834117246e-01,0.000000000000000000e+00,6.279415523654785503e-01,0.000000000000000000e+00,0.000000000000000000e+00,0.000000000000000000e+00,0.000000000000000000e+00
6.777309182370901131e-02,-2.456244862635169890e-01,-2.478403150436853941e-01,3.839985704727357646e-02,2.220446049250313574e-16,2.220446049250313574e-16,1.387778780781445984e-17,0.000000000000000000e+00,-4.930380657631324879e-32,0.000000000000000000e+00,0.000000000000000000e+00,4.985499871952644435e-01,0.000000000000000000e+00,-3.570585157375210650e-01,0.000000000000000000e+00,0.000000000000000000e+00,0.000000000000000000e+00,7.043672164412212444e-01,0.000000000000000000e+00,0.000000000000000000e+00,0.000000000000000000e+00,0.000000000000000000e+00,0.000000000000000000e+00,0.000000000000000000e+00,0.000000000000000000e+00,0.000000000000000000e+00,0.000000000000000000e+00,0.000000000000000000e+00,0.000000000000000000e+00,0.000000000000000000e+00
5.640077376297133460e-01,3.039642937701480530e-01,-3.696145415440407200e-01,5.090621046835287489e-01,2.258826018735225483e-01,0.000000000000000000e+00,0.000000000000000000e+00,0.000000000000000000e+00,0.000000000000000000e+00,0.000000000000000000e+00,-3.777815432652051886e-01,0.000000000000000000e+00,0.000000000000000000e+00,0.000000000000000000e+00,0.000000000000000000e+00,0.000000000000000000e+00,0.000000000000000000e+00,0.000000000000000000e+00,0.000000000000000000e+00,0.000000000000000000e+00,0.000000000000000000e+00,0.000000000000000000e+00,0.000000000000000000e+00,0.000000000000000000e+00,0.000000000000000000e+00,0.000000000000000000e+00,0.000000000000000000e+00,0.000000000000000000e+00,0.000000000000000000e+00,0.000000000000000000e+00
-1.324405414762869493e-01,-2.351138497339641531e-02,-3.395570200166502239e-01,-1.332444826401789628e-01,3.543189307513883723e-01,-5.551115123125781470e-17,0.000000000000000000e+00,0.000000000000000000e+00,0.000000000000000000e+00,0.000000000000000000e+00,0.000000000000000000e+00,0.000000000000000000e+00,0.000000000000000000e+00,-6.970404019268284790e-01,0.000000000000000000e+00,0.000000000000000000e+00,-7.724921939724407058e-05,0.000000000000000000e+00,0.000000000000000000e+00,0.000000000000000000e+00,0.000000000000000000e+00,0.000000000000000000e+00,0.000000000000000000e+00,4.872847454814281387e-01,0.000000000000000000e+00,0.000000000000000000e+00,0.000000000000000000e+00,0.000000000000000000e+00,0.000000000000000000e+00,0.000000000000000000e+00
2.894720493747043322e-01,-4.370043128650253905e-01,7.260086068923242431e-02,5.684730577921317529e-01,3.798713125897477255e-02,5.551115123125780730e-16,0.000000000000000000e+00,6.938893903907225296e-18,0.000000000000000000e+00,0.000000000000000000e+00,0.000000000000000000e+00,0.000000000000000000e+00,0.000000000000000000e+00,0.000000000000000000e+00,0.000000000000000000e+00,5.726841454491003736e-02,0.000000000000000000e+00,0.000000000000000000e+00,-7.542739528193082021e-02,0.000000000000000000e+00,0.000000000000000000e+00,0.000000000000000000e+00,0.000000000000000000e+00,0.000000000000000000e+00,0.000000000000000000e+00,0.000000000000000000e+00,0.000000000000000000e+00,-6.216017015380759236e-01,0.000000000000000000e+00,0.000000000000000000e+00
-5.312874364410610228e-01,-3.726352949213133647e-01,-6.336887883814871225e-01,-2.620743441821171693e-01,2.350403068878889890e-01,0.000000000000000000e+00,0.000000000000000000e+00,0.000000000000000000e+00,0.000000000000000000e+00,0.000000000000000000e+00,0.000000000000000000e+00,0.000000000000000000e+00,0.000000000000000000e+00,0.000000000000000000e+00,0.000000000000000000e+00,0.000000000000000000e+00,0.000000000000000000e+00,0.000000000000000000e+00,0.000000000000000000e+00,0.000000000000000000e+00,0.000000000000000000e+00,0.000000000000000000e+00,0.000000000000000000e+00,0.000000000000000000e+00,0.000000000000000000e+00,0.000000000000000000e+00,0.000000000000000000e+00,0.000000000000000000e+00,0.000000000000000000e+00,2.310588855637331351e-01
-5.550331529454911594e-01,4.236274135139984631e-01,5.459530277254568409e-01,1.780908490961732871e-01,-1.855760471235425590e-01,0.000000000000000000e+00,0.000000000000000000e+00,0.000000000000000000e+00,0.000000000000000000e+00,0.000000000000000000e+00,0.000000000000000000e+00,0.000000000000000000e+00,0.000000000000000000e+00,0.000000000000000000e+00,0.000000000000000000e+00,0.000000000000000000e+00,0.000000000000000000e+00,0.000000000000000000e+00,0.000000000000000000e+00,0.000000000000000000e+00,0.000000000000000000e+00,-2.765608863008363061e-01,2.673429030902612150e-02,0.000000000000000000e+00,0.000000000000000000e+00,0.000000000000000000e+00,-2.665667632331661374e-01,0.000000000000000000e+00,0.000000000000000000e+00,0.000000000000000000e+00
3.329848706414287318e-01,-5.010056516790182268e-01,-4.222102933697661209e-01,-7.177861863601178727e-02,4.653706562497388344e-01,-5.551115123125780237e-17,-1.387778780781445059e-17,0.000000000000000000e+00,0.000000000000000000e+00,0.000000000000000000e+00,0.000000000000000000e+00,0.000000000000000000e+00,0.000000000000000000e+00,0.000000000000000000e+00,-4.780323030972737919e-01,0.000000000000000000e+00,0.000000000000000000e+00,0.000000000000000000e+00,0.000000000000000000e+00,0.000000000000000000e+00,0.000000000000000000e+00,0.000000000000000000e+00,9.806110587852169547e-02,0.000000000000000000e+00,0.000000000000000000e+00,0.000000000000000000e+00,0.000000000000000000e+00,0.000000000000000000e+00,0.000000000000000000e+00,0.000000000000000000e+00
-4.831902760395960783e-01,4.355970043607668707e-01,-4.730822690895469806e-01,4.674554372914413447e-01,-1.566362548043439828e-01,-1.415534356397074195e-15,-1.665334536937734564e-16,8.589158981963851414e-02,0.000000000000000000e+00,-3.944304526105058151e-31,-2.282083869054167269e-01,0.000000000000000000e+00,0.000000000000000000e+00,-3.278933916208900262e-02,4.276423536147512084e-50,0.000000000000000000e+00,5.275047885550151465e-34,-2.222487291637957607e-01,0.000000000000000000e+00,4.905775765983020268e-16,0.000000000000000000e+00,0.000000000000000000e+00,0.000000000000000000e+00,0.000000000000000000e+00,0.000000000000000000e+00,0.000000000000000000e+00,0.000000000000000000e+00,0.000000000000000000e+00,0.000000000000000000e+00,-9.404268636798134570e-18
4.447282766896639150e-01,-2.355222238911295618e-01,-2.671100705123549690e-01,5.059999965319962323e-01,4.226498303523934519e-01,-5.551115123125783935e-17,5.551115123125783935e-17,0.000000000000000000e+00,0.000000000000000000e+00,0.000000000000000000e+00,0.000000000000000000e+00,0.000000000000000000e+00,0.000000000000000000e+00,0.000000000000000000e+00,0.000000000000000000e+00,0.000000000000000000e+00,-4.686884619455476964e-01,0.000000000000000000e+00,0.000000000000000000e+00,0.000000000000000000e+00,0.000000000000000000e+00,5.465475088037966001e-02,0.000000000000000000e+00,9.644363465833672899e-21,1.344371989255075950e-01,-7.779608386206053186e-19,0.000000000000000000e+00,0.000000000000000000e+00,-1.648474063960559769e-18,0.000000000000000000e+00
5.105359775209306061e-01,3.129602172606518184e-01,3.562883101525742280e-01,4.634130367500450820e-01,-1.918332865883940613e-02,-2.428612866367531165e-17,5.421010862427524577e-20,0.000000000000000000e+00,2.407412430484045885e-35,1.069105884036878733e-50,0.000000000000000000e+00,0.000000000000000000e+00,0.000000000000000000e+00,0.000000000000000000e+00,3.480909261044508596e-01,0.000000000000000000e+00,0.000000000000000000e+00,0.000000000000000000e+00,0.000000000000000000e+00,0.000000000000000000e+00,0.000000000000000000e+00,0.000000000000000000e+00,0.000000000000000000e+00,0.000000000000000000e+00,0.000000000000000000e+00,0.000000000000000000e+00,-4.221144661735140025e-01,0.000000000000000000e+00,0.000000000000000000e+00,0.000000000000000000e+00
-1.226239599814948344e-01,2.986531421062751934e-01,8.997022817499760947e-03,3.282175791504070295e-02,-5.019978718990317779e-01,0.000000000000000000e+00,0.000000000000000000e+00,0.000000000000000000e+00,0.000000000000000000e+00,0.000000000000000000e+00,0.000000000000000000e+00,-5.127957056361751587e-01,0.000000000000000000e+00,3.287583436631573826e-62,0.000000000000000000e+00,0.000000000000000000e+00,0.000000000000000000e+00,0.000000000000000000e+00,0.000000000000000000e+00,0.000000000000000000e+00,0.000000000000000000e+00,0.000000000000000000e+00,0.000000000000000000e+00,0.000000000000000000e+00,6.682073022620980299e-38,0.000000000000000000e+00,0.000000000000000000e+00,0.000000000000000000e+00,-6.161575706150450582e-01,0.000000000000000000e+00
2.220620274808992323e-01,5.257291647287249958e-01,6.846081461097544008e-01,1.942564494335630720e-01,1.473168940562855078e-01,1.387778780781444751e-17,0.000000000000000000e+00,0.000000000000000000e+00,4.814824860968086425e-35,0.000000000000000000e+00,-1.061468785279421623e-01,0.000000000000000000e+00,0.000000000000000000e+00,0.000000000000000000e+00,3.672774345402336493e-01,0.000000000000000000e+00,0.000000000000000000e+00,0.000000000000000000e+00,0.000000000000000000e+00,0.000000000000000000e+00,0.000000000000000000e+00,0.000000000000000000e+00,0.000000000000000000e+00,0.000000000000000000e+00,0.000000000000000000e+00,-3.358335937290973187e-03,0.000000000000000000e+00,0.000000000000000000e+00,0.000000000000000000e+00,0.000000000000000000e+00
3.092899852257944837e-01,4.946891427107192873e-01,4.983874389212489264e-01,-9.182240122254257952e-02,-5.616758804108221703e-01,-5.551115123125782702e-17,0.000000000000000000e+00,0.000000000000000000e+00,0.000000000000000000e+00,0.000000000000000000e+00,0.000000000000000000e+00,0.000000000000000000e+00,0.000000000000000000e+00,0.000000000000000000e+00,0.000000000000000000e+00,0.000000000000000000e+00,0.000000000000000000e+00,-2.625082475928861014e-01,0.000000000000000000e+00,0.000000000000000000e+00,0.000000000000000000e+00,-1.401190013703975191e-22,0.000000000000000000e+00,0.000000000000000000e+00,0.000000000000000000e+00,1.280052409252659396e-01,-1.247652628070618870e-03,-4.498545822185647663e-02,0.000000000000000000e+00,0.000000000000000000e+00
-1.693955217145064196e-01,-2.899490619182159556e-01,-6.844065348582315522e-01,-5.598160686635391681e-01,-6.662445914398479330e-02,0.000000000000000000e+00,0.000000000000000000e+00,0.000000000000000000e+00,0.000000000000000000e+00,0.000000000000000000e+00,0.000000000000000000e+00,0.000000000000000000e+00,0.000000000000000000e+00,0.000000000000000000e+00,3.177885216130947876e-01,0.000000000000000000e+00,0.000000000000000000e+00,0.000000000000000000e+00,0.000000000000000000e+00,0.000000000000000000e+00,0.000000000000000000e+00,0.000000000000000000e+00,0.000000000000000000e+00,0.000000000000000000e+00,0.000000000000000000e+00,0.000000000000000000e+00,0.000000000000000000e+00,0.000000000000000000e+00,0.000000000000000000e+00,0.000000000000000000e+00
1.096393750694620375e-03,-3.064899703229388983e-01,-2.125673031000010760e-01,-4.786407815130968579e-01,1.420135483421166300e-01,1.665334536937735550e-16,-1.110223024625157033e-16,0.000000000000000000e+00,0.000000000000000000e+00,0.000000000000000000e+00,0.000000000000000000e+00,0.000000000000000000e+00,0.000000000000000000e+00,0.000000000000000000e+00,-6.959799196542520994e-01,0.000000000000000000e+00,0.000000000000000000e+00,0.000000000000000000e+00,0.000000000000000000e+00,0.000000000000000000e+00,0.000000000000000000e+00,0.000000000000000000e+00,0.000000000000000000e+00,0.000000000000000000e+00,0.000000000000000000e+00,0.000000000000000000e+00,0.000000000000000000e+00,0.000000000000000000e+00,0.000000000000000000e+00,3.566860572868720269e-01
4.744603125292597978e-01,5.981798630718327958e-01,-2.974648971348494708e-01,-4.366852831489219100e-01,0.000000000000000000e+00,0.000000000000000000e+00,0.000000000000000000e+00,0.000000000000000000e+00,0.000000000000000000e+00,0.000000000000000000e+00,0.000000000000000000e+00,0.000000000000000000e+00,-1.142705420637502717e-01,0.000000000000000000e+00,-3.533144561437537856e-01,0.000000000000000000e+00,0.000000000000000000e+00,0.000000000000000000e+00,0.000000000000000000e+00,0.000000000000000000e+00,0.000000000000000000e+00,0.000000000000000000e+00,0.000000000000000000e+00,0.000000000000000000e+00,0.000000000000000000e+00,0.000000000000000000e+00,0.000000000000000000e+00,0.000000000000000000e+00,0.000000000000000000e+00,0.000000000000000000e+00
-2.740006146401104958e-01,1.016719886367321718e-01,6.272372986629065617e-01,-8.298872767125597960e-03,5.173579523587048534e-01,-1.110223024625156294e-16,4.996003610813203446e-16,-5.204170427930420513e-18,0.000000000000000000e+00,7.929697690083818122e-18,-3.944304526105058151e-31,0.000000000000000000e+00,0.000000000000000000e+00,0.000000000000000000e+00,0.000000000000000000e+00,0.000000000000000000e+00,0.000000000000000000e+00,0.000000000000000000e+00,0.000000000000000000e+00,0.000000000000000000e+00,0.000000000000000000e+00,1.468800891740635883e-01,-3.044079896667188923e-01,0.000000000000000000e+00,-2.930035821515065389e-04,0.000000000000000000e+00,0.000000000000000000e+00,0.000000000000000000e+00,-3.730866498438985546e-01,0.000000000000000000e+00
7.310974451393665863e-01,-3.515666088192803129e-01,3.838261187884262071e-01,-1.804029518683742672e-01,2.066126047183939607e-01,-2.764785104730810902e-03,2.498001805406602709e-16,9.628364747397158419e-03,0.000000000000000000e+00,-2.962962722968057738e-01,9.860761315262649757e-32,0.000000000000000000e+00,0.000000000000000000e+00,0.000000000000000000e+00,0.000000000000000000e+00,0.000000000000000000e+00,0.000000000000000000e+00,0.000000000000000000e+00,0.000000000000000000e+00,-1.516737862922194480e-01,0.000000000000000000e+00,0.000000000000000000e+00,9.189229820223122902e-02,0.000000000000000000e+00,0.000000000000000000e+00,0.000000000000000000e+00,0.000000000000000000e+00,0.000000000000000000e+00,0.000000000000000000e+00,0.000000000000000000e+00
3.798564448742551836e-01,3.294315279658017737e-01,4.071769729906441482e-01,4.832414641954891343e-01,4.254934988963474107e-01,0.000000000000000000e+00,-6.591949208711868191e-17,0.000000000000000000e+00,-3.838562437192337140e-01,0.000000000000000000e+00,0.000000000000000000e+00,0.000000000000000000e+00,0.000000000000000000e+00,0.000000000000000000e+00,0.000000000000000000e+00,0.000000000000000000e+00,0.000000000000000000e+00,0.000000000000000000e+00,1.546891009329165630e-02,0.000000000000000000e+00,0.000000000000000000e+00,0.000000000000000000e+00,9.166369483897879311e-02,0.000000000000000000e+00,0.000000000000000000e+00,0.000000000000000000e+00,-1.040994526483297183e-01,0.000000000000000000e+00,0.000000000000000000e+00,0.000000000000000000e+00
-5.651522228735336162e-01,5.564038348748157059e-01,-3.679955140030120031e-01,-2.320413462903372359e-01,3.299737827945741775e-01,-2.164934898019055254e-15,2.498001805406602216e-16,1.387778780781445676e-17,0.000000000000000000e+00,2.550822845554528984e-01,0.000000000000000000e+00,0.000000000000000000e+00,0.000000000000000000e+00,7.796297341385633075e-17,0.000000000000000000e+00,0.000000000000000000e+00,0.000000000000000000e+00,0.000000000000000000e+00,-6.687224373832799767e-18,0.000000000000000000e+00,9.401394662632490183e-17,0.000000000000000000e+00,0.000000000000000000e+00,0.000000000000000000e+00,-8.749244359389277137e-02,0.000000000000000000e+00,-4.991098931345951637e-18,1.221703283571937138e-02,0.000000000000000000e+00,0.000000000000000000e+00
4.816692542436059044e-01,4.388212238452136593e-01,-2.327083021735140006e-02,-2.917390214347551636e-01,5.061920706172996498e-01,1.387778780781445984e-17,6.938893903907229918e-18,4.336808689942018699e-19,-1.232595164407831220e-32,7.703719777548945123e-34,0.000000000000000000e+00,0.000000000000000000e+00,0.000000000000000000e+00,2.943048827106968524e-02,0.000000000000000000e+00,0.000000000000000000e+00,0.000000000000000000e+00,0.000000000000000000e+00,0.000000000000000000e+00,0.000000000000000000e+00,0.000000000000000000e+00,0.000000000000000000e+00,0.000000000000000000e+00,0.000000000000000000e+00,0.000000000000000000e+00,-4.823679393572543050e-01,-1.442198744102118251e-03,0.000000000000000000e+00,0.000000000000000000e+00,0.000000000000000000e+00
-2.690206711258417704e-01,-3.088033181582865994e-01,7.339169417605462264e-01,4.237340622980998450e-01,-1.431874348302098442e-02,2.518383736423946972e-01,-3.330669073875470607e-16,0.000000000000000000e+00,0.000000000000000000e+00,0.000000000000000000e+00,0.000000000000000000e+00,0.000000000000000000e+00,0.000000000000000000e+00,0.000000000000000000e+00,0.000000000000000000e+00,0.000000000000000000e+00,0.000000000000000000e+00,0.000000000000000000e+00,-2.240267877200745605e-01,0.000000000000000000e+00,0.000000000000000000e+00,0.000000000000000000e+00,0.000000000000000000e+00,0.000000000000000000e+00,0.000000000000000000e+00,0.000000000000000000e+00,0.000000000000000000e+00,0.000000000000000000e+00,1.637564583998369835e-02,0.000000000000000000e+00
-1.137292528442053891e-01,-6.709333812273221564e-02,-6.349265919771557298e-01,6.263008673000735049e-01,-3.351146662350626415e-01,0.000000000000000000e+00,2.391996590030682490e-01,0.000000000000000000e+00,0.000000000000000000e+00,0.000000000000000000e+00,0.000000000000000000e+00,0.000000000000000000e+00,0.000000000000000000e+00,0.000000000000000000e+00,0.000000000000000000e+00,0.000000000000000000e+00,0.000000000000000000e+00,0.000000000000000000e+00,0.000000000000000000e+00,0.000000000000000000e+00,0.000000000000000000e+00,0.000000000000000000e+00,0.000000000000000000e+00,0.000000000000000000e+00,0.000000000000000000e+00,0.000000000000000000e+00,0.000000000000000000e+00,0.000000000000000000e+00,1.328957149552847106e-01,0.000000000000000000e+00
2.680128908183065581e-03,5.264525456848569984e-01,-3.743752203794404876e-01,-5.877671640190099689e-01,4.137409524853245535e-01,-8.673617379884039324e-19,-2.273876887563115332e-16,0.000000000000000000e+00,-2.569659883813958934e-01,0.000000000000000000e+00,0.000000000000000000e+00,0.000000000000000000e+00,0.000000000000000000e+00,0.000000000000000000e+00,0.000000000000000000e+00,0.000000000000000000e+00,0.000000000000000000e+00,0.000000000000000000e+00,0.000000000000000000e+00,0.000000000000000000e+00,0.000000000000000000e+00,0.000000000000000000e+00,0.000000000000000000e+00,0.000000000000000000e+00,-6.279885138027591334e-04,0.000000000000000000e+00,0.000000000000000000e+00,0.000000000000000000e+00,0.000000000000000000e+00,0.000000000000000000e+00
5.452784813498595673e-01,6.014276591348572953e-01,4.746782439321975966e-01,4.576577881423060835e-05,7.995853640794295392e-02,0.000000000000000000e+00,0.000000000000000000e+00,0.000000000000000000e+00,0.000000000000000000e+00,0.000000000000000000e+00,0.000000000000000000e+00,0.000000000000000000e+00,0.000000000000000000e+00,0.000000000000000000e+00,0.000000000000000000e+00,0.000000000000000000e+00,0.000000000000000000e+00,0.000000000000000000e+00,0.000000000000000000e+00,0.000000000000000000e+00,0.000000000000000000e+00,0.000000000000000000e+00,-3.305198083364975226e-01,0.000000000000000000e+00,0.000000000000000000e+00,0.000000000000000000e+00,0.000000000000000000e+00,0.000000000000000000e+00,0.000000000000000000e+00,0.000000000000000000e+00
-3.357569752931728324e-01,5.902891068622545534e-01,2.348498012835008864e-01,3.394819095023243749e-01,2.346643717505107196e-01,-1.110223024625156540e-16,0.000000000000000000e+00,0.000000000000000000e+00,0.000000000000000000e+00,0.000000000000000000e+00,0.000000000000000000e+00,0.000000000000000000e+00,0.000000000000000000e+00,0.000000000000000000e+00,0.000000000000000000e+00,-2.734641005682413861e-01,0.000000000000000000e+00,0.000000000000000000e+00,0.000000000000000000e+00,-4.884400128478812442e-01,0.000000000000000000e+00,0.000000000000000000e+00,0.000000000000000000e+00,0.000000000000000000e+00,0.000000000000000000e+00,0.000000000000000000e+00,0.000000000000000000e+00,0.000000000000000000e+00,0.000000000000000000e+00,0.000000000000000000e+00
-1.250849712507078881e-01,-3.184656863371156943e-01,6.108244352601521765e-01,-4.616984990491738161e-01,-4.028525850158580779e-01,0.000000000000000000e+00,0.000000000000000000e+00,-8.673617379884027768e-19,4.235164736271497934e-22,0.000000000000000000e+00,-4.814824860968085356e-35,0.000000000000000000e+00,5.345529420184386544e-51,0.000000000000000000e+00,5.701485294090280834e-03,0.000000000000000000e+00,-2.047228622809151369e-03,0.000000000000000000e+00,0.000000000000000000e+00,0.000000000000000000e+00,0.000000000000000000e+00,0.000000000000000000e+00,0.000000000000000000e+00,0.000000000000000000e+00,1.640106314858325389e-07,0.000000000000000000e+00,0.000000000000000000e+00,0.000000000000000000e+00,0.000000000000000000e+00,3.665166551799747263e-01
2.740602346857141658e-01,-3.252147953520277968e-01,-9.297128233829261845e-02,6.937912660016029021e-01,4.706996071736656573e-01,5.551115123125780237e-17,0.000000000000000000e+00,0.000000000000000000e+00,0.000000000000000000e+00,0.000000000000000000e+00,-8.640012882882223966e-02,0.000000000000000000e+00,0.000000000000000000e+00,0.000000000000000000e+00,0.000000000000000000e+00,0.000000000000000000e+00,0.000000000000000000e+00,0.000000000000000000e+00,0.000000000000000000e+00,3.164067667944797102e-01,0.000000000000000000e+00,0.000000000000000000e+00,0.000000000000000000e+00,0.000000000000000000e+00,0.000000000000000000e+00,0.000000000000000000e+00,0.000000000000000000e+00,0.000000000000000000e+00,0.000000000000000000e+00,0.000000000000000000e+00
4.105679125094028326e-01,5.612988079879243086e-01,2.657932704899651499e-01,4.967770771683140962e-01,3.001246696119392321e-01,-2.359223927328457648e-16,1.734723475976807094e-18,2.168404344971008868e-19,-2.693526202815249744e-05,8.470329472543003391e-22,0.000000000000000000e+00,0.000000000000000000e+00,0.000000000000000000e+00,0.000000000000000000e+00,4.636507688359276732e-69,7.836079383272041247e-05,2.488778079439138945e-03,0.000000000000000000e+00,0.000000000000000000e+00,0.000000000000000000e+00,0.000000000000000000e+00,0.000000000000000000e+00,0.000000000000000000e+00,0.000000000000000000e+00,0.000000000000000000e+00,0.000000000000000000e+00,-9.029779392906353216e-03,-3.298204893931707682e-01,0.000000000000000000e+00,0.000000000000000000e+00
-3.654903730809814233e-01,-4.087066145002657969e-01,-3.548876610361089701e-01,-2.830352795556589918e-01,-6.174835195393842957e-01,0.000000000000000000e+00,0.000000000000000000e+00,0.000000000000000000e+00,0.000000000000000000e+00,0.000000000000000000e+00,0.000000000000000000e+00,0.000000000000000000e+00,0.000000000000000000e+00,0.000000000000000000e+00,0.000000000000000000e+00,0.000000000000000000e+00,0.000000000000000000e+00,0.000000000000000000e+00,3.347171524097334316e-01,0.000000000000000000e+00,0.000000000000000000e+00,0.000000000000000000e+00,0.000000000000000000e+00,0.000000000000000000e+00,0.000000000000000000e+00,0.000000000000000000e+00,0.000000000000000000e+00,0.000000000000000000e+00,0.000000000000000000e+00,0.000000000000000000e+00
-5.160952154168128858e-02,3.565484153817650714e-01,4.611326426550733104e-01,4.731216468917625040e-01,5.185107749685440304e-01,0.000000000000000000e+00,0.000000000000000000e+00,0.000000000000000000e+00,0.000000000000000000e+00,0.000000000000000000e+00,0.000000000000000000e+00,0.000000000000000000e+00,0.000000000000000000e+00,0.000000000000000000e+00,0.000000000000000000e+00,0.000000000000000000e+00,-4.060404587438126711e-01,0.000000000000000000e+00,0.000000000000000000e+00,0.000000000000000000e+00,0.000000000000000000e+00,0.000000000000000000e+00,0.000000000000000000e+00,0.000000000000000000e+00,0.000000000000000000e+00,0.000000000000000000e+00,0.000000000000000000e+00,0.000000000000000000e+00,0.000000000000000000e+00,0.000000000000000000e+00
-2.761796459260056902e-01,-3.663409311198647655e-01,-7.039778619507196522e-01,-2.553491005900442312e-01,-1.264252394258857937e-01,-2.775557561562891351e-17,-1.457167719820517959e-16,0.000000000000000000e+00,0.000000000000000000e+00,0.000000000000000000e+00,0.000000000000000000e+00,0.000000000000000000e+00,0.000000000000000000e+00,0.000000000000000000e+00,0.000000000000000000e+00,0.000000000000000000e+00,0.000000000000000000e+00,2.323927415341405234e-01,0.000000000000000000e+00,0.000000000000000000e+00,0.000000000000000000e+00,0.000000000000000000e+00,0.000000000000000000e+00,0.000000000000000000e+00,0.000000000000000000e+00,0.000000000000000000e+00,3.984236496393245286e-01,0.000000000000000000e+00,0.000000000000000000e+00,0.000000000000000000e+00
-5.972900932104555638e-01,2.208607688069883779e-01,1.638288899667982579e-01,-6.451015676872696725e-01,-3.884771818086404926e-01,0.000000000000000000e+00,0.000000000000000000e+00,0.000000000000000000e+00,0.000000000000000000e+00,0.000000000000000000e+00,0.000000000000000000e+00,0.000000000000000000e+00,0.000000000000000000e+00,0.000000000000000000e+00,0.000000000000000000e+00,0.000000000000000000e+00,0.000000000000000000e+00,0.000000000000000000e+00,0.000000000000000000e+00,0.000000000000000000e+00,0.000000000000000000e+00,2.355009019773602469e-02,0.000000000000000000e+00,0.000000000000000000e+00,0.000000000000000000e+00,0.000000000000000000e+00,0.000000000000000000e+00,0.000000000000000000e+00,0.000000000000000000e+00,0.000000000000000000e+00
4.423849272743009542e-01,-6.343964495838108064e-01,4.773392293992795299e-01,-2.345869824888024979e-01,6.384498645571691500e-02,2.220446049250311602e-16,0.000000000000000000e+00,0.000000000000000000e+00,0.000000000000000000e+00,0.000000000000000000e+00,0.000000000000000000e+00,-2.848356942230191868e-01,0.000000000000000000e+00,1.836991388118817403e-01,0.000000000000000000e+00,0.000000000000000000e+00,0.000000000000000000e+00,0.000000000000000000e+00,0.000000000000000000e+00,0.000000000000000000e+00,0.000000000000000000e+00,0.000000000000000000e+00,0.000000000000000000e+00,0.000000000000000000e+00,0.000000000000000000e+00,0.000000000000000000e+00,0.000000000000000000e+00,0.000000000000000000e+00,0.000000000000000000e+00,0.000000000000000000e+00
2.588492909197126490e-01,1.470459293923422894e-01,-3.505415217501798852e-01,-6.148149763590752409e-02,5.272469753504256396e-01,-3.829939567655266663e-01,0.000000000000000000e+00,-5.551115123125782702e-17,0.000000000000000000e+00,0.000000000000000000e+00,0.000000000000000000e+00,0.000000000000000000e+00,0.000000000000000000e+00,0.000000000000000000e+00,0.000000000000000000e+00,3.969983835385419435e-01,4.499263781439322152e-01,0.000000000000000000e+00,0.000000000000000000e+00,0.000000000000000000e+00,0.000000000000000000e+00,0.000000000000000000e+00,0.000000000000000000e+00,0.000000000000000000e+00,0.000000000000000000e+00,0.000000000000000000e+00,0.000000000000000000e+00,0.000000000000000000e+00,0.000000000000000000e+00,0.000000000000000000e+00
-4.747571138232233312e-01,-3.809220355311804806e-01,-2.409664428643333856e-01,3.660151122543237046e-02,5.042377824522626950e-01,-5.551115123125781470e-17,4.163336342344336410e-17,4.147142330373755903e-01,0.000000000000000000e+00,0.000000000000000000e+00,0.000000000000000000e+00,0.000000000000000000e+00,0.000000000000000000e+00,0.000000000000000000e+00,0.000000000000000000e+00,0.000000000000000000e+00,0.000000000000000000e+00,-1.340259654332356387e-01,0.000000000000000000e+00,0.000000000000000000e+00,3.548140256019827743e-01,0.000000000000000000e+00,0.000000000000000000e+00,0.000000000000000000e+00,0.000000000000000000e+00,0.000000000000000000e+00,0.000000000000000000e+00,0.000000000000000000e+00,0.000000000000000000e+00,0.000000000000000000e+00
5.519256714330863511e-01,-2.990799949945200376e-01,6.771402774718824347e-01,1.646915774647562114e-01,-2.242321718570198519e-01,0.000000000000000000e+00,0.000000000000000000e+00,0.000000000000000000e+00,0.000000000000000000e+00,0.000000000000000000e+00,0.000000000000000000e+00,0.000000000000000000e+00,0.000000000000000000e+00,0.000000000000000000e+00,0.000000000000000000e+00,0.000000000000000000e+00,0.000000000000000000e+00,0.000000000000000000e+00,0.000000000000000000e+00,0.000000000000000000e+00,0.000000000000000000e+00,0.000000000000000000e+00,0.000000000000000000e+00,0.000000000000000000e+00,-2.034814334799833480e-01,-1.691217847525918472e-01,0.000000000000000000e+00,0.000000000000000000e+00,0.000000000000000000e+00,0.000000000000000000e+00
-4.303119220918619203e-01,-3.604426733080264289e-01,-4.476153566132330952e-01,-4.391146675733542670e-01,3.897823319594013736e-01,0.000000000000000000e+00,0.000000000000000000e+00,0.000000000000000000e+00,0.000000000000000000e+00,0.000000000000000000e+00,0.000000000000000000e+00,0.000000000000000000e+00,0.000000000000000000e+00,0.000000000000000000e+00,0.000000000000000000e+00,0.000000000000000000e+00,0.000000000000000000e+00,0.000000000000000000e+00,0.000000000000000000e+00,0.000000000000000000e+00,0.000000000000000000e+00,0.000000000000000000e+00,0.000000000000000000e+00,0.000000000000000000e+00,0.000000000000000000e+00,0.000000000000000000e+00,-3.739000720813143719e-01,0.000000000000000000e+00,0.000000000000000000e+00,0.000000000000000000e+00
-3.746069747037178987e-01,-2.233922952809196463e-02,-2.976116489861773684e-01,-3.908606454831891619e-01,-1.873488118953498538e-01,2.775557561562890365e-16,2.081668171172167589e-17,1.734723475976806324e-18,0.000000000000000000e+00,0.000000000000000000e+00,0.000000000000000000e+00,0.000000000000000000e+00,-5.877471754111434930e-39,0.000000000000000000e+00,0.000000000000000000e+00,-4.375777979137395191e-01,0.000000000000000000e+00,4.655313612192988476e-03,0.000000000000000000e+00,0.000000000000000000e+00,0.000000000000000000e+00,0.000000000000000000e+00,0.000000000000000000e+00,5.177830600960813268e-01,-3.745288567277454516e-19,0.000000000000000000e+00,0.000000000000000000e+00,1.733708782903029707e-22,3.509002133294955028e-01,-3.413563765443822854e-24
-5.423447474680076485e-01,8.653816947964891593e-02,-3.118385838358506690e-01,-2.094756340147648777e-01,-3.308839456463837925e-01,-6.672383898477378672e-01,-5.551115123125783935e-17,0.000000000000000000e+00,0.000000000000000000e+00,0.000000000000000000e+00,0.000000000000000000e+00,0.000000000000000000e+00,0.000000000000000000e+00,0.000000000000000000e+00,0.000000000000000000e+00,0.000000000000000000e+00,-5.058381291695095150e-02,0.000000000000000000e+00,0.000000000000000000e+00,0.000000000000000000e+00,0.000000000000000000e+00,0.000000000000000000e+00,0.000000000000000000e+00,0.000000000000000000e+00,0.000000000000000000e+00,0.000000000000000000e+00,0.000000000000000000e+00,0.000000000000000000e+00,0.000000000000000000e+00,0.000000000000000000e+00
2.855613573338192657e-01,-1.981960326272154682e-01,-4.030409066910337623e-01,-3.416580240411037916e-01,-2.310049642891942312e-01,-3.441691376337983698e-15,3.469446951953612956e-17,0.000000000000000000e+00,0.000000000000000000e+00,0.000000000000000000e+00,2.805825783588419831e-01,0.000000000000000000e+00,0.000000000000000000e+00,0.000000000000000000e+00,0.000000000000000000e+00,0.000000000000000000e+00,0.000000000000000000e+00,0.000000000000000000e+00,0.000000000000000000e+00,0.000000000000000000e+00,0.000000000000000000e+00,0.000000000000000000e+00,0.000000000000000000e+00,0.000000000000000000e+00,0.000000000000000000e+00,6.840401955921512345e-01,0.000000000000000000e+00,0.000000000000000000e+00,0.000000000000000000e+00,0.000000000000000000e+00
-5.872275839976344169e-01,-3.105947068595870664e-01,-1.722863106641205344e-01,-1.422441648317666202e-02,4.899469282992491292e-01,1.110223024625156294e-16,0.000000000000000000e+00,0.000000000000000000e+00,0.000000000000000000e+00,0.000000000000000000e+00,-4.501630430124508586e-01,0.000000000000000000e+00,0.000000000000000000e+00,0.000000000000000000e+00,0.000000000000000000e+00,0.000000000000000000e+00,0.000000000000000000e+00,0.000000000000000000e+00,2.934536214676322641e-01,0.000000000000000000e+00,0.000000000000000000e+00,0.000000000000000000e+00,0.000000000000000000e+00,0.000000000000000000e+00,0.000000000000000000e+00,0.000000000000000000e+00,0.000000000000000000e+00,0.000000000000000000e+00,0.000000000000000000e+00,0.000000000000000000e+00
-3.161606346821992930e-01,-2.561479203196161403e-01,4.326186541814715930e-02,-6.346549877230163172e-01,-4.131748545351533464e-01,4.163336342344332713e-17,0.000000000000000000e+00,0.000000000000000000e+00,0.000000000000000000e+00,0.000000000000000000e+00,0.000000000000000000e+00,1.336382355046096339e-51,-3.322558626387414060e-01,5.596378454984691863e-38,0.000000000000000000e+00,-1.986136483347331061e-02,0.000000000000000000e+00,0.000000000000000000e+00,-7.148122790902586325e-39,-1.273987219228842089e-37,0.000000000000000000e+00,0.000000000000000000e+00,0.000000000000000000e+00,0.000000000000000000e+00,0.000000000000000000e+00,0.000000000000000000e+00,0.000000000000000000e+00,3.850587761123187014e-01,0.000000000000000000e+00,0.000000000000000000e+00
-1.942566217713848076e-01,-9.845899882149806992e-02,7.477398817337750359e-01,2.916323891299692495e-01,1.147497083584393673e-01,1.387778780781445059e-17,2.775557561562890118e-17,0.000000000000000000e+00,0.000000000000000000e+00,0.000000000000000000e+00,0.000000000000000000e+00,0.000000000000000000e+00,0.000000000000000000e+00,2.763067973229940133e-01,0.000000000000000000e+00,0.000000000000000000e+00,0.000000000000000000e+00,0.000000000000000000e+00,0.000000000000000000e+00,0.000000000000000000e+00,0.000000000000000000e+00,-4.678598802087078345e-01,0.000000000000000000e+00,0.000000000000000000e+00,0.000000000000000000e+00,0.000000000000000000e+00,0.000000000000000000e+00,0.000000000000000000e+00,0.000000000000000000e+00,0.000000000000000000e+00
2.063057378527119179e-01,4.079349920477309266e-01,5.762569027235792118e-01,-3.863746388993400949e-01,-2.351515544770545196e-01,3.259696386952304903e-01,0.000000000000000000e+00,0.000000000000000000e+00,0.000000000000000000e+00,0.000000000000000000e+00,0.000000000000000000e+00,0.000000000000000000e+00,0.000000000000000000e+00,-3.820838661288198934e-01,3.809716141913478682e-02,2.603213173526128590e-02,0.000000000000000000e+00,0.000000000000000000e+00,0.000000000000000000e+00,0.000000000000000000e+00,0.000000000000000000e+00,0.000000000000000000e+00,0.000000000000000000e+00,0.000000000000000000e+00,0.000000000000000000e+00,0.000000000000000000e+00,0.000000000000000000e+00,0.000000000000000000e+00,0.000000000000000000e+00,0.000000000000000000e+00
-2.378596079689307419e-01,-4.508774984248583029e-01,2.768222375623214382e-01,-5.773708648094248996e-01,5.678539653429909295e-01,0.000000000000000000e+00,0.000000000000000000e+00,0.000000000000000000e+00,0.000000000000000000e+00,0.000000000000000000e+00,0.000000000000000000e+00,8.767266173361226711e-02,0.000000000000000000e+00,0.000000000000000000e+00,0.000000000000000000e+00,0.000000000000000000e+00,0.000000000000000000e+00,0.000000000000000000e+00,0.000000000000000000e+00,0.000000000000000000e+00,0.000000000000000000e+00,0.000000000000000000e+00,0.000000000000000000e+00,0.000000000000000000e+00,0.000000000000000000e+00,0.000000000000000000e+00,0.000000000000000000e+00,0.000000000000000000e+00,0.000000000000000000e+00,0.000000000000000000e+00
4.002329472134121269e-01,-4.090509842309583144e-01,-2.423873506789977483e-01,4.882666260959360738e-01,-1.002258075122297587e-01,1.110223024625156540e-16,0.000000000000000000e+00,2.614583973627814667e-02,0.000000000000000000e+00,-6.938893903907228378e-18,0.000000000000000000e+00,0.000000000000000000e+00,0.000000000000000000e+00,4.732172672515728637e-03,-2.323168193588271216e-02,0.000000000000000000e+00,0.000000000000000000e+00,0.000000000000000000e+00,-5.955749427405507834e-01,0.000000000000000000e+00,0.000000000000000000e+00,0.000000000000000000e+00,0.000000000000000000e+00,0.000000000000000000e+00,0.000000000000000000e+00,0.000000000000000000e+00,0.000000000000000000e+00,0.000000000000000000e+00,-9.661531961900113319e-02,0.000000000000000000e+00
-3.455413824936620637e-01,4.284105654619221881e-01,-5.714873019257992030e-14,1.284530726589863114e-01,-4.879164418443217577e-01,-2.377088265057614724e-01,0.000000000000000000e+00,0.000000000000000000e+00,0.000000000000000000e+00,0.000000000000000000e+00,0.000000000000000000e+00,0.000000000000000000e+00,0.000000000000000000e+00,0.000000000000000000e+00,0.000000000000000000e+00,0.000000000000000000e+00,0.000000000000000000e+00,0.000000000000000000e+00,0.000000000000000000e+00,0.000000000000000000e+00,0.000000000000000000e+00,0.000000000000000000e+00,0.000000000000000000e+00,6.212868967624056715e-01,0.000000000000000000e+00,0.000000000000000000e+00,0.000000000000000000e+00,0.000000000000000000e+00,0.000000000000000000e+00,0.000000000000000000e+00
-3.773281160722893879e-01,1.182764118333030079e-01,-4.034689392850067391e-02,-2.177220138530669147e-01,-3.424973737299148446e-01,-7.002491960402351667e-02,2.775557561562891844e-16,0.000000000000000000e+00,6.938893903907229918e-18,3.498189259527966777e-01,0.000000000000000000e+00,0.000000000000000000e+00,0.000000000000000000e+00,0.000000000000000000e+00,5.596548740431698254e-01,0.000000000000000000e+00,0.000000000000000000e+00,0.000000000000000000e+00,0.000000000000000000e+00,4.866298764839451230e-01,0.000000000000000000e+00,0.000000000000000000e+00,0.000000000000000000e+00,0.000000000000000000e+00,0.000000000000000000e+00,0.000000000000000000e+00,0.000000000000000000e+00,0.000000000000000000e+00,0.000000000000000000e+00,0.000000000000000000e+00
2.145054807066270330e-01,-4.533112418800304688e-01,2.125986049050307136e-01,7.033561031855432022e-01,3.432812073988747437e-01,0.000000000000000000e+00,0.000000000000000000e+00,0.000000000000000000e+00,0.000000000000000000e+00,0.000000000000000000e+00,0.000000000000000000e+00,0.000000000000000000e+00,0.000000000000000000e+00,0.000000000000000000e+00,0.000000000000000000e+00,0.000000000000000000e+00,0.000000000000000000e+00,0.000000000000000000e+00,0.000000000000000000e+00,0.000000000000000000e+00,0.000000000000000000e+00,0.000000000000000000e+00,0.000000000000000000e+00,0.000000000000000000e+00,0.000000000000000000e+00,0.000000000000000000e+00,0.000000000000000000e+00,0.000000000000000000e+00,0.000000000000000000e+00,-3.012413561960841091e-01
-3.721342775887685472e-01,-4.407130844546196524e-01,-4.238965760440284170e-01,-5.390862171730760322e-01,-8.436129876304071518e-03,2.775557561562891351e-16,0.000000000000000000e+00,0.000000000000000000e+00,0.000000000000000000e+00,0.000000000000000000e+00,0.000000000000000000e+00,0.000000000000000000e+00,0.000000000000000000e+00,0.000000000000000000e+00,0.000000000000000000e+00,0.000000000000000000e+00,0.000000000000000000e+00,0.000000000000000000e+00,4.437506412602273964e-01,0.000000000000000000e+00,0.000000000000000000e+00,0.000000000000000000e+00,0.000000000000000000e+00,0.000000000000000000e+00,0.000000000000000000e+00,0.000000000000000000e+00,0.000000000000000000e+00,0.000000000000000000e+00,0.000000000000000000e+00,0.000000000000000000e+00
1.751571002843192726e-01,3.748799685022154438e-01,-3.637853762069396812e-01,2.462443571517648477e-01,9.601653891733695489e-04,-5.551115123125782702e-17,-1.387778780781445676e-17,0.000000000000000000e+00,0.000000000000000000e+00,0.000000000000000000e+00,0.000000000000000000e+00,2.944607201068485610e-40,4.847903208086500881e-01,0.000000000000000000e+00,0.000000000000000000e+00,0.000000000000000000e+00,0.000000000000000000e+00,0.000000000000000000e+00,0.000000000000000000e+00,0.000000000000000000e+00,0.000000000000000000e+00,0.000000000000000000e+00,0.000000000000000000e+00,4.624450622672775513e-01,0.000000000000000000e+00,4.323550663308359798e-01,0.000000000000000000e+00,3.579594705153549502e-38,0.000000000000000000e+00,0.000000000000000000e+00
-8.610272483099553828e-04,-6.467381948136855518e-01,-2.177942088408853782e-01,5.992895779599517747e-02,2.209608498797314708e-03,2.220446049250314067e-16,0.000000000000000000e+00,0.000000000000000000e+00,0.000000000000000000e+00,0.000000000000000000e+00,0.000000000000000000e+00,0.000000000000000000e+00,0.000000000000000000e+00,0.000000000000000000e+00,-5.316569060852766038e-01,0.000000000000000000e+00,0.000000000000000000e+00,0.000000000000000000e+00,4.980353606484033135e-01,0.000000000000000000e+00,0.000000000000000000e+00,0.000000000000000000e+00,0.000000000000000000e+00,0.000000000000000000e+00,0.000000000000000000e+00,0.000000000000000000e+00,0.000000000000000000e+00,0.000000000000000000e+00,0.000000000000000000e+00,0.000000000000000000e+00
-5.457543883211278812e-01,-3.826404319319565706e-01,5.551115123125781470e-17,-2.883030245350120535e-01,-3.601510207179242085e-01,3.469446951953613418e-18,3.076557530361945481e-29,-7.703719777548941702e-34,4.552658998685416014e-01,0.000000000000000000e+00,0.000000000000000000e+00,0.000000000000000000e+00,0.000000000000000000e+00,0.000000000000000000e+00,0.000000000000000000e+00,0.000000000000000000e+00,0.000000000000000000e+00,0.000000000000000000e+00,0.000000000000000000e+00,0.000000000000000000e+00,0.000000000000000000e+00,0.000000000000000000e+00,3.682988137584017885e-01,0.000000000000000000e+00,0.000000000000000000e+00,0.000000000000000000e+00,0.000000000000000000e+00,0.000000000000000000e+00,0.000000000000000000e+00,0.000000000000000000e+00
4.324528126833239172e-01,3.000045320578840213e-01,3.108323726562528533e-01,5.288483267486819850e-01,3.242452743583188468e-01,5.551115123125782702e-17,3.002376330438428220e-01,-1.662118356125607058e-02,6.938893903907228378e-18,0.000000000000000000e+00,-6.282377834918511728e-04,0.000000000000000000e+00,4.331975291212225409e-06,0.000000000000000000e+00,0.000000000000000000e+00,0.000000000000000000e+00,0.000000000000000000e+00,0.000000000000000000e+00,0.000000000000000000e+00,0.000000000000000000e+00,0.000000000000000000e+00,0.000000000000000000e+00,0.000000000000000000e+00,3.681655467816284666e-03,0.000000000000000000e+00,0.000000000000000000e+00,0.000000000000000000e+00,-3.605748253664791680e-01,0.000000000000000000e+00,-1.452669163713431744e-01
-2.998377965953977209e-01,2.781148633865133252e-02,-3.003456028390442123e-01,-6.827648312503691308e-01,-3.973737520374156507e-01,-4.718355477948176056e-06,-6.271251014774378591e-04,-1.084202172485505638e-19,1.734723475976809020e-18,1.734723475976809020e-18,-6.346590687252439897e-03,0.000000000000000000e+00,0.000000000000000000e+00,1.925929944387237991e-34,-2.743493160575030121e-01,1.925929944387237991e-34,-1.322431144675074752e-38,2.004917641881241459e-04,0.000000000000000000e+00,0.000000000000000000e+00,-3.306075620348099611e-03,0.000000000000000000e+00,0.000000000000000000e+00,0.000000000000000000e+00,0.000000000000000000e+00,2.581935054699182404e-04,0.000000000000000000e+00,0.000000000000000000e+00,0.000000000000000000e+00,3.460106435870091701e-01
-7.451612511349364754e-01,-2.120570939221635420e-01,-2.185823479768356226e-01,-3.015422502996019660e-01,-2.259200320682063778e-01,2.220446049250312588e-16,1.665334536937734564e-16,1.734723475976806709e-18,-2.514985491342019446e-19,0.000000000000000000e+00,-1.155557966632341341e-33,-4.025771004265488728e-01,0.000000000000000000e+00,0.000000000000000000e+00,5.771955539215282808e-19,0.000000000000000000e+00,0.000000000000000000e+00,0.000000000000000000e+00,0.000000000000000000e+00,1.809733966747015949e-02,-2.182311407221755040e-01,0.000000000000000000e+00,0.000000000000000000e+00,0.000000000000000000e+00,0.000000000000000000e+00,-3.839996566881102668e-19,0.000000000000000000e+00,0.000000000000000000e+00,0.000000000000000000e+00,0.000000000000000000e+00
-1.058476815791843800e-01,-3.311847610498732664e-01,-9.232414370217534305e-02,-5.980580507356172415e-01,-4.325465151220665994e-01,8.326672684688674053e-16,-3.330669073875469621e-16,0.000000000000000000e+00,0.000000000000000000e+00,0.000000000000000000e+00,-4.432803056634104233e-01,0.000000000000000000e+00,0.000000000000000000e+00,0.000000000000000000e+00,0.000000000000000000e+00,0.000000000000000000e+00,0.000000000000000000e+00,0.000000000000000000e+00,0.000000000000000000e+00,0.000000000000000000e+00,0.000000000000000000e+00,0.000000000000000000e+00,0.000000000000000000e+00,0.000000000000000000e+00,0.000000000000000000e+00,0.000000000000000000e+00,0.000000000000000000e+00,0.000000000000000000e+00,-3.596134392084549547e-01,0.000000000000000000e+00
-3.958256794386367239e-01,-1.945348835675983143e-02,8.155464878348998858e-02,-3.982383065496671315e-01,-7.931486747654663549e-01,0.000000000000000000e+00,0.000000000000000000e+00,0.000000000000000000e+00,0.000000000000000000e+00,0.000000000000000000e+00,0.000000000000000000e+00,1.381498995353528103e-01,0.000000000000000000e+00,0.000000000000000000e+00,0.000000000000000000e+00,0.000000000000000000e+00,0.000000000000000000e+00,0.000000000000000000e+00,0.000000000000000000e+00,0.000000000000000000e+00,0.000000000000000000e+00,0.000000000000000000e+00,0.000000000000000000e+00,0.000000000000000000e+00,1.715198746147678366e-01,0.000000000000000000e+00,0.000000000000000000e+00,0.000000000000000000e+00,0.000000000000000000e+00,-1.045950927342221767e-02
-2.551976727180757520e-01,-4.617039606631667681e-01,-2.602348098796062881e-01,-1.981227161075472532e-01,-4.620687532743479875e-01,-4.163336342344338999e-16,0.000000000000000000e+00,-5.551115123125785167e-17,-1.972152263052530389e-31,1.972152263052530389e-31,-3.284293275761291468e-47,3.503246160812044233e-46,-3.061700739753610567e-01,0.000000000000000000e+00,0.000000000000000000e+00,-5.543249241992697085e-01,0.000000000000000000e+00,0.000000000000000000e+00,0.000000000000000000e+00,0.000000000000000000e+00,0.000000000000000000e+00,0.000000000000000000e+00,0.000000000000000000e+00,0.000000000000000000e+00,-1.432009417573154413e-02,0.000000000000000000e+00,0.000000000000000000e+00,0.000000000000000000e+00,0.000000000000000000e+00,0.000000000000000000e+00
-3.769855589112975913e-01,5.587984909244949616e-01,5.662095245027446433e-01,1.686755429609531620e-01,-3.572608769319683963e-01,0.000000000000000000e+00,0.000000000000000000e+00,0.000000000000000000e+00,0.000000000000000000e+00,0.000000000000000000e+00,0.000000000000000000e+00,0.000000000000000000e+00,0.000000000000000000e+00,-8.515083965569429647e-02,0.000000000000000000e+00,0.000000000000000000e+00,0.000000000000000000e+00,0.000000000000000000e+00,0.000000000000000000e+00,0.000000000000000000e+00,0.000000000000000000e+00,0.000000000000000000e+00,0.000000000000000000e+00,0.000000000000000000e+00,-2.483857298674348457e-01,0.000000000000000000e+00,0.000000000000000000e+00,0.000000000000000000e+00,0.000000000000000000e+00,0.000000000000000000e+00
-6.170531687750248073e-01,5.102421316081410252e-01,2.334660975983858244e-01,-4.778864804325976823e-01,1.786415328040008021e-01,2.498001805406602709e-16,-1.110223024625156787e-16,0.000000000000000000e+00,1.272930411129296335e-01,0.000000000000000000e+00,0.000000000000000000e+00,0.000000000000000000e+00,0.000000000000000000e+00,0.000000000000000000e+00,0.000000000000000000e+00,0.000000000000000000e+00,1.670333247297251522e-01,0.000000000000000000e+00,0.000000000000000000e+00,0.000000000000000000e+00,0.000000000000000000e+00,0.000000000000000000e+00,0.000000000000000000e+00,0.000000000000000000e+00,0.000000000000000000e+00,0.000000000000000000e+00,0.000000000000000000e+00,0.000000000000000000e+00,0.000000000000000000e+00,0.000000000000000000e+00
-2.741876473076303861e-02,5.988453974203572505e-01,6.578241844464653987e-01,-4.144488817684369164e-02,2.204372054872989484e-01,-2.220446049250314067e-16,1.489709844573820687e-03,0.000000000000000000e+00,1.734723475976807865e-18,0.000000000000000000e+00,-3.868937688775648809e-01,-1.540743955509789367e-33,0.000000000000000000e+00,0.000000000000000000e+00,0.000000000000000000e+00,0.000000000000000000e+00,-4.007240038536001581e-02,0.000000000000000000e+00,0.000000000000000000e+00,0.000000000000000000e+00,0.000000000000000000e+00,0.000000000000000000e+00,0.000000000000000000e+00,1.843610566462935236e-03,7.530814820449213687e-02,0.000000000000000000e+00,0.000000000000000000e+00,0.000000000000000000e+00,-2.489944531777211686e-02,0.000000000000000000e+00
3.234986868061737186e-01,3.252896895788173204e-01,3.361771273329691723e-01,-3.785437148225248571e-01,6.330495756083520664e-01,-5.551115123125783935e-17,1.387778780781445984e-17,8.673617379884037398e-19,0.000000000000000000e+00,0.000000000000000000e+00,0.000000000000000000e+00,0.000000000000000000e+00,0.000000000000000000e+00,0.000000000000000000e+00,0.000000000000000000e+00,0.000000000000000000e+00,0.000000000000000000e+00,2.210210112140559013e-01,0.000000000000000000e+00,0.000000000000000000e+00,0.000000000000000000e+00,0.000000000000000000e+00,0.000000000000000000e+00,0.000000000000000000e+00,-2.040792125664898926e-02,0.000000000000000000e+00,2.884549820836820322e-01,0.000000000000000000e+00,0.000000000000000000e+00,0.000000000000000000e+00
3.092015369113093048e-01,6.344626946614208007e-01,1.266227823100471717e-01,1.222379872017715675e-02,3.624902251038600309e-01,-7.771561172376098741e-16,-8.326672684688676518e-17,0.000000000000000000e+00,0.000000000000000000e+00,0.000000000000000000e+00,0.000000000000000000e+00,0.000000000000000000e+00,0.000000000000000000e+00,0.000000000000000000e+00,0.000000000000000000e+00,0.000000000000000000e+00,-4.440551921765576449e-01,0.000000000000000000e+00,0.000000000000000000e+00,0.000000000000000000e+00,0.000000000000000000e+00,0.000000000000000000e+00,0.000000000000000000e+00,0.000000000000000000e+00,0.000000000000000000e+00,0.000000000000000000e+00,0.000000000000000000e+00,0.000000000000000000e+00,0.000000000000000000e+00,-3.963389602407988432e-01
1.786094006983084126e-01,-5.054274215913845403e-01,2.220446049250313574e-16,6.284883496865242281e-01,-4.796034712572790348e-01,0.000000000000000000e+00,0.000000000000000000e+00,0.000000000000000000e+00,0.000000000000000000e+00,0.000000000000000000e+00,0.000000000000000000e+00,0.000000000000000000e+00,0.000000000000000000e+00,2.230445185525923579e-01,0.000000000000000000e+00,0.000000000000000000e+00,0.000000000000000000e+00,0.000000000000000000e+00,0.000000000000000000e+00,0.000000000000000000e+00,0.000000000000000000e+00,0.000000000000000000e+00,0.000000000000000000e+00,0.000000000000000000e+00,-1.946171906476814872e-01,0.000000000000000000e+00,0.000000000000000000e+00,0.000000000000000000e+00,0.000000000000000000e+00,0.000000000000000000e+00
6.248435715437640203e-01,1.351031538583952751e-01,9.338761801495272519e-02,1.987604542405802255e-01,4.060352276133026850e-01,5.551115123125781470e-17,-4.743319123684343608e-01,0.000000000000000000e+00,-3.081487911019576818e-32,0.000000000000000000e+00,5.473822126268815468e-48,0.000000000000000000e+00,0.000000000000000000e+00,0.000000000000000000e+00,0.000000000000000000e+00,0.000000000000000000e+00,0.000000000000000000e+00,2.931483814295671536e-33,0.000000000000000000e+00,0.000000000000000000e+00,3.696803717152126745e-01,0.000000000000000000e+00,2.110199428636955301e-33,-1.287312594669182131e-01,0.000000000000000000e+00,0.000000000000000000e+00,0.000000000000000000e+00,0.000000000000000000e+00,0.000000000000000000e+00,-1.864503616210772877e-35
-3.585990647694891620e-01,-5.942014698933865136e-01,-4.545663921959662290e-01,-4.021447638120350665e-01,0.000000000000000000e+00,0.000000000000000000e+00,0.000000000000000000e+00,0.000000000000000000e+00,0.000000000000000000e+00,0.000000000000000000e+00,0.000000000000000000e+00,0.000000000000000000e+00,0.000000000000000000e+00,0.000000000000000000e+00,0.000000000000000000e+00,0.000000000000000000e+00,0.000000000000000000e+00,0.000000000000000000e+00,-3.872729114558516317e-01,0.000000000000000000e+00,0.000000000000000000e+00,0.000000000000000000e+00,0.000000000000000000e+00,0.000000000000000000e+00,0.000000000000000000e+00,0.000000000000000000e+00,0.000000000000000000e+00,0.000000000000000000e+00,0.000000000000000000e+00,0.000000000000000000e+00
-2.503498943160942791e-01,-5.598093995457390504e-01,-4.417727314153724882e-01,3.870404319432508428e-02,-2.148923461602072205e-01,0.000000000000000000e+00,-5.551115123125783935e-17,0.000000000000000000e+00,-5.031754247506637912e-01,0.000000000000000000e+00,0.000000000000000000e+00,2.221673872379445469e-01,0.000000000000000000e+00,0.000000000000000000e+00,0.000000000000000000e+00,0.000000000000000000e+00,0.000000000000000000e+00,0.000000000000000000e+00,0.000000000000000000e+00,0.000000000000000000e+00,0.000000000000000000e+00,0.000000000000000000e+00,0.000000000000000000e+00,0.000000000000000000e+00,0.000000000000000000e+00,0.000000000000000000e+00,-2.781554200125338494e-01,0.000000000000000000e+00,3.441225462883037295e-02,0.000000000000000000e+00
-7.002319647270661973e-02,-5.934969164026589888e-02,-3.979145142170067428e-01,-5.720806047200210909e-01,-4.052584271785680814e-01,8.881784197001254296e-16,3.330669073875470114e-16,0.000000000000000000e+00,0.000000000000000000e+00,0.000000000000000000e+00,0.000000000000000000e+00,0.000000000000000000e+00,0.000000000000000000e+00,0.000000000000000000e+00,0.000000000000000000e+00,0.000000000000000000e+00,0.000000000000000000e+00,0.000000000000000000e+00,0.000000000000000000e+00,0.000000000000000000e+00,0.000000000000000000e+00,2.917182716053592362e-01,0.000000000000000000e+00,0.000000000000000000e+00,-5.065848836561388513e-01,0.000000000000000000e+00,0.000000000000000000e+00,0.000000000000000000e+00,0.000000000000000000e+00,0.000000000000000000e+00
2.929299061356746559e-01,4.053397385618216497e-01,3.832070545752302437e-01,3.768110718453457353e-01,4.912523619536830477e-01,-3.468743285879610783e-01,8.326672684688675286e-17,1.110223024625156787e-16,0.000000000000000000e+00,0.000000000000000000e+00,0.000000000000000000e+00,0.000000000000000000e+00,0.000000000000000000e+00,0.000000000000000000e+00,0.000000000000000000e+00,-5.609030023536447362e-02,0.000000000000000000e+00,0.000000000000000000e+00,0.000000000000000000e+00,0.000000000000000000e+00,0.000000000000000000e+00,0.000000000000000000e+00,0.000000000000000000e+00,0.000000000000000000e+00,0.000000000000000000e+00,-3.102591354877445862e-01,0.000000000000000000e+00,0.000000000000000000e+00,0.000000000000000000e+00,0.000000000000000000e+00
