,u1_1
0,0.0
1,0.021795059175052773
2,-0.034007218447445295
3,0.023211405848404417
4,0.0028296671334205143
5,0.0305774204320304
6,-0.01106889880611407
7,0.011358121801447005
8,-0.010952139229110178
9,0.03416552871595804
10,-0.001419433584580188
11,0.011434371953292161
12,-0.0038064096003907976
13,0.02013183134102314
14,0.0003966358438040241
15,-0.008126718914843857
16,-0.007416905653340708
17,-0.003393457387680604
18,0.002627025006033239
19,-0.009637386526433344
20,-0.03543534874916358
21,0.005580038885591378
22,-0.012367253540887342
23,-0.0006767781871726599
24,-0.019628363441675883
25,-0.018939932576044802
26,-0.01994955826703925
27,0.01418427149250617
28,0.0075396435124744565
29,0.031303909018821754
30,0.016200570097235304
31,0.020054078472885897
32,-0.02065026456629531
33,0.007582954340585043
34,0.01955880833304844
35,0.0073508917777358514
36,0.01655871092078671
37,-0.012592628970377844
38,-0.015224273569177632
39,-0.0030258358938775464
40,-0.008109264592714946
41,0.019079232667654877
42,-0.011414627108087475
43,0.03060016429306259
44,0.023563619801936043
45,0.01994527385278716
46,0.01959108196400689
47,-0.021391609196065232
48,0.012149651115907977
49,0.02540521246637209
50,-0.01734831087703924
51,0.02484647868232608
52,0.004039611687495967
53,-0.01072360073923191
54,-0.0030903597350294765
55,-0.01690371465925087
56,0.00013166451094531831
57,0.018281528471952052
58,0.015086131507289175
59,-0.0007039889609458987
60,0.027708909098661676
61,0.01806865178827866
62,0.009550293938132472
63,0.010475355440042532
64,0.0007862175786436234
65,0.01775513126830418
66,0.00828318239514978
67,-0.028418521437786975
68,-0.009425247231747412
69,-0.019616160242365788
70,0.028453376011689974
71,0.0016238458067920501
72,0.0012993832038693117
73,0.030009108827765966
74,-0.02751766236052259
75,-0.019576229029594917
76,0.0012013479575633816
77,0.0011048835370808918
78,-0.010621302228971065
79,-0.05598242605300713
80,-0.0058228299422741145
81,-0.0273451940105795
82,0.0057084691568634275
83,-0.03747706907682429
84,-0.025811916395425728
85,0.021851492113787858
86,0.004408949563098202
87,0.03318252788833556
88,0.02592120325892665
89,0.02242032685861298
90,-0.0034675777040563426
91,-0.026388446997342885
92,0.028096165770920802
93,0.028384803963766046
94,-0.010866306028842821
95,0.0031489859920090014
96,-0.012038101954171267
97,0.03162321032754834
98,-0.009513565218429174
99,0.030333313864569424
100,-0.002457482827683152
101,0.008541248453744849
102,-0.0033147101556010713
103,-0.016831738622665893
104,-0.015854431711279246
105,-0.03175428349107951
106,-0.02791863007917293
107,-0.0031504690417353395
108,0.005219660985253585
109,0.011083843621961024
110,-0.025273167983499066
111,0.01870261487744302
112,0.013774521683884369
113,0.004015498048178762
114,-0.024142407728715443
115,-0.03388874049645671
116,-0.01496025313084675
117,-0.02915539461242925
118,0.015051899586380379
119,-0.04365588857395722
120,-0.016437420006716653
121,-0.004302909605739973
122,-0.026362197674596893
123,-0.0027775570836650445
124,0.022914389374312567
125,0.006613358845804608
126,-0.0031411933907555135
127,-0.005675140293848436
128,-0.016724054827902304
129,0.008547677313560043
130,-0.014719081157473238
131,0.020075933127517355
132,0.012022643741484429
133,-0.01814355622132237
134,-0.010184099458541757
135,0.028422101852009184
136,-0.009292535039368624
137,-0.0038771129043059646
138,-0.01670870587511509
139,-0.017845113747757848
140,-0.03136519169342116
141,-0.012479819723046074
142,-0.008061531436578293
143,-0.029254254989287812
144,0.026444399468394428
145,0.009280422380318995
146,-0.00013149181138984119
147,0.015176158503043224
148,-0.029025318112768435
149,-0.03505786129918107
150,-0.0032146171146406294
151,-0.03232174089509188
152,-0.001136794871897568
153,0.013356264939318125
154,0.006154119670573755
155,-0.004180381208407244
156,-0.05024024475415828
157,-0.026600844344334653
158,0.009614180339739526
159,-0.016451922288093893
160,0.032427635615187834
161,0.01072770615170468
162,0.03149270556943039
163,0.018841548974415482
164,-0.007431920820355461
165,0.0011577329285159907
166,-0.026144509730676457
167,0.013056583730333441
168,0.005796411477064051
169,-0.008439027591011124
170,-0.0004037885773278815
171,-0.011904469888017527
172,0.005335140807921806
173,0.004329358859403951
174,-0.018271822378891706
175,0.007928400085496962
176,0.04794504265702871
177,-0.012603484532635361
178,-0.013447612722739609
179,0.04106621459788374
180,0.008818791055201797
181,-0.0312644158577977
182,0.006159926759251722
183,-0.02684820463399375
184,-0.0030393577518560044
185,-0.02545465595028316
186,0.029835545701733145
187,-0.0044292979669597315
188,0.02597384421239453
189,0.026500852024822368
190,0.009469208173270797
191,0.0037293239668411042
192,-0.0017439475706417214
193,0.010715337309824735
194,-0.013691443916535853
195,0.01811109505412426
196,0.024130505185347477
197,0.005102838510036731
198,-0.01626247963744909
199,-0.007830509570281793
200,0.007172850670782861
201,-0.016347805965290632
202,0.009707344936707794
203,0.012462121905032061
204,-0.017913371493945354
205,0.006975019524511547
206,0.010734500957092967
207,-0.00660440116213988
208,-0.012601609206503937
209,0.02710086011848578
210,-0.025894158684857855
211,-0.014075446633291725
212,-0.001520333324611675
213,-0.023142998799035155
214,0.00038721603300840283
215,0.0018227818763718118
216,-0.006061242042448777
217,-0.007633129885303922
218,-0.016169080901512145
219,0.015573019937126722
220,0.012283142674991853
221,0.025192441195612186
222,-0.03598166488636089
223,0.006441988056865745
224,0.03622051134700452
225,0.0035185653884698114
226,0.01760063157476782
227,0.02678083740141874
228,-0.0057542869712415715
229,-0.009593585503370718
230,-0.010977620018796947
231,0.02943012290458783
232,-0.00999115166404866
233,0.011406397349377187
234,-0.004461429740707299
235,0.038390057091298016
236,-0.013676959135400167
237,0.017855012972192302
238,0.003457102030029957
239,-0.01717384450447637
240,0.018472407989203344
241,-0.03772383701587307
242,0.015173857163566963
243,-0.007635984159938771
244,0.005103740838309833
245,-0.025392433721126515
246,0.013512855534806495
247,0.0012459131091703743
248,-0.02783109646819005
249,-0.008616863074525584
250,0.010740880387669209
251,-0.028676986590508997
252,0.029626261860160055
253,-0.03688999352974335
254,0.00794608747578404
255,-0.02924815134856561
256,0.008989297638232722
257,-0.008643086025171633
258,-0.018520373167775838
259,0.016993058825479707
260,-0.00835968822850966
261,0.006252678050637053
262,-0.037235665921634735
263,0.014108745708671223
264,0.024120381726687602
265,0.023895624588391232
266,0.020854991266213402
267,-0.0029719100572033
268,0.004367331522192993
269,0.013111138385739041
270,-0.02307853697717066
271,0.004157128120353898
272,-0.0017193502551496082
273,0.010730108973021126
274,-0.0045449847830542085
275,0.004428181487262628
276,0.004351793923730853
277,0.026540190329214747
278,0.0063919674710636015
279,-0.03455448876932958
280,-0.02262877534526937
281,0.004818872612115629
282,-0.008870320718383312
283,0.045904813701025095
284,0.01839054260755903
285,0.005540596230779409
286,0.01831734937741774
287,0.0025994356940607496
288,0.000829011613059857
289,0.005573080077116493
290,0.0017621374879289984
291,0.01050384824362134
292,0.027745711384436083
293,-0.031237212645532992
294,-5.787249107736759e-05
295,-0.028720965268302357
296,-0.005297606210123443
297,0.02450242710981019
298,0.007271295795438516
299,-0.007055903980032625
300,-0.028018725460314375
301,-0.016501438053695323
302,0.013237067946473556
303,0.030178739593642697
304,0.000259226055961363
305,-0.042230621058865395
306,0.004435928964605519
307,-0.019004901803034338
308,0.005020248862055877
309,0.027436865692592495
310,0.012417185936310004
311,-0.01861029266434208
312,0.009185091271524441
313,0.0035668714085400205
314,0.00788544715330067
315,0.03033901079005114
316,-0.007170423182518491
317,0.011394082526515116
318,-0.02242134864759002
319,0.02223829243550437
320,-0.031137077420089938
321,0.005884236859156143
322,-0.009428316161060435
323,-0.007023310605904106
324,0.0038351227436517893
325,0.038762808939706433
326,-0.011858343767968847
327,0.010089753893453039
328,0.005519693269570177
329,-0.0024095436063242006
330,-0.030774587722057965
331,-0.024085128324921375
332,0.008968227992861363
333,0.005265015123654854
334,-0.016230695356704683
335,0.03504558557329551
336,0.009624381147779797
337,0.021538391474082774
338,-0.001479617555505593
339,0.03696625663908848
340,-0.031089216003369773
341,-0.03435051886697457
342,-0.061177260902357866
343,-0.0006222553453688438
344,0.012351817596844075
345,-0.023289258982721668
346,0.006117738637785409
347,0.050161980277546515
348,-0.006578431111678905
349,-0.0015329863505648786
350,0.007746243294255542
351,0.018953527279595397
352,0.012951279230435667
353,-0.00639940585190212
354,-0.00806886130804697
355,0.009341233707975079
356,-0.007137275289509576
357,-0.006700868204216141
358,0.013117169599852044
359,-0.0187974952758588
360,-0.02944093805721718
361,-0.007088699357906802
362,0.003153836311132521
363,0.016445322660706
364,0.014771989593155432
365,0.014512073381826732
366,-0.005736028826897665
367,-0.0140249116645031
368,-0.013371122325688947
369,-0.019137650619789868
370,0.0036992035307026106
371,-0.011982961878446273
372,0.026339067635852916
373,-0.017269966808657392
374,0.017696023334281
375,-0.03817663425688393
376,-0.012673063194027532
377,-0.019711342909727397
378,0.025969395364125042
379,0.03751299913405744
380,-0.013278783618673972
381,0.017727186801452875
382,-0.019263270469580283
383,-0.020694992839032398
384,0.010063883337978408
385,-0.00370643308761301
386,-0.002012791822895087
387,0.0006331721435516281
388,-0.003783681608745202
389,-0.01835867299556465
390,0.008283485854238297
391,0.005426173211423475
392,-0.0005371532417855859
393,-0.013873206867006391
394,0.00592080530409061
395,0.021218790056327454
396,-0.009820885158228545
397,0.011566343474531041
398,-0.02039104055484141
399,-0.004789074467494558
400,-0.02745628178022695
401,-0.01877105946223069
402,0.02326931930614991
403,-0.02219053462812074
404,-0.029605957185199858
405,0.017477874470072728
406,0.013915186807230626
407,-0.01508827213255254
408,0.024620354151421855
409,-0.00642230952697462
410,0.01772121990827244
411,-0.02686845922371496
412,-0.028749332487209664
413,0.014080015477921046
414,0.009820599555938692
415,0.013019258950895939
416,0.017480112881403446
417,0.013427481709000775
418,0.00203881177921531
419,0.0010114054192811683
420,-0.025085801776184673
421,0.011023421735587837
422,0.010512123867396014
423,0.013012986996566092
424,-0.016731061374458574
425,-0.010424356717209687
426,-0.0087247456667881
427,0.032148472071708
428,-0.01918547964121148
429,-0.01757156289630653
430,-0.07019501857423557
431,-0.0008731309876731691
432,-0.002948484114617094
433,-0.017039288814805834
434,0.008838610193223366
435,-0.03330352895179865
436,0.02361534532995999
437,-0.003923174445128792
438,-0.021305626978147852
439,-0.00589673895534677
440,-0.006202343490665108
441,0.003718950857103475
442,-0.02632271893653769
443,-0.006748359014088411
444,-0.011672819584808305
445,-0.016357479093258947
446,-0.03146752243984651
447,0.024603917583241573
448,0.01134275944618563
449,-0.02425033665702405
450,-0.004832459980948047
451,0.035600128360833316
452,0.03635598443481588
453,0.026517134502143644
454,-0.014115847706592296
455,0.0004522717446064559
456,-0.025278886789850664
457,-0.012373477053623213
458,-0.005412438803267473
459,-0.008065228455044031
460,0.012750593300999964
461,0.018138444814810015
462,0.010166780055355198
463,-0.006028790255649505
464,0.017993581047608752
465,-0.015355163226298405
466,0.005385065503417605
467,0.009262228761322712
468,0.03490094161746127
469,-0.011723349092863383
470,0.023592214826594047
471,-0.0018419774247537375
472,-0.03175456408225468
473,0.019918284521217897
474,-0.0020397342343563664
475,0.030034961298918635
476,0.008566271999822577
477,-0.005483739011228337
478,0.03294641762278201
479,-0.004262601882348778
480,0.023898833864341055
481,0.018733799387442757
482,-0.0015549907166607872
483,0.006377569532292019
484,0.018298625574918844
485,0.00413411275904144
486,-0.010121217989895757
487,-0.026763139263298968
488,-0.018799133122101148
489,-0.002336229270111488
490,0.009024062168595188
491,0.029527246505429455
492,0.0028237186906587353
493,-0.012540787966554777
494,-0.01074509754514909
495,-0.024804050128406745
496,0.0005961000783907867
497,-0.022006632540016058
498,0.008832554261385458
499,-0.016234957308729783
500,-0.02168337654003283
501,0.001822504520172506
502,-0.005274643590253325
503,0.008573861165296464
504,0.028241905441432583
505,-0.005300075711720492
506,0.017720290808021576
507,0.02146951945285753
508,0.027636645525334017
509,-0.03409518537003626
510,-0.01905491004647171
511,0.019653653234046144
512,-0.003647998908688124
513,0.003829609811619184
514,-0.010178229128498336
515,0.033148332419805825
516,-0.018616021353673268
517,0.009075865657163748
518,-0.02496099450290865
519,-0.018031550432145386
520,0.004334893525939726
521,-0.0010277011309888767
522,-0.006622717956851033
523,0.004049417918685465
524,0.02310285174426279
525,0.020173535494091274
526,-0.0313971869687784
527,0.0208434307302191
528,0.028004388020585903
529,0.01349355568125188
530,0.0041531306037721335
531,-0.0019332436284808711
532,0.03096250178704605
533,0.007048949451244952
534,0.039566440161638156
535,-0.018494315809659427
536,-0.02177019438544118
537,-0.005903997980387815
538,-0.01496814056360728
539,0.023755244595043398
540,0.009210440273382782
541,0.01899687226626395
542,-0.020350487232536327
543,-0.006013077756276772
544,0.04245836751595413
545,0.03269674188255904
546,0.03044249321834542
547,0.022632929628558958
548,0.008304508619933272
549,-0.0031922624032933223
550,0.003665289926700911
551,-0.012313569433806747
552,0.0003819775337384553
553,0.01037783929124217
554,0.0377503454329608
555,0.018973706968315122
556,-0.018191239120898903
557,-0.002808744528843634
558,0.0018452783595501166
559,0.009129788508851381
560,-0.004424126608508575
561,0.0007312139922871522
562,-0.006345835070198097
563,-0.010917046773700497
564,0.006949787586327437
565,-0.05547789005491964
566,0.01070615823989492
567,0.028633967181433163
568,-0.006248561937717515
569,-0.01811646810829697
570,0.008439802266751652
571,0.027812404583540017
572,0.045019175349031354
573,-0.004800574067144644
574,-0.0032104496453294945
575,0.0040299122742184865
576,0.007132520620214675
577,-0.020608868194255104
578,0.009278914148823904
579,0.018329024865180312
580,-0.006160417056949642
581,-0.05725565687639174
582,-0.020975916627327295
583,0.007025818208339984
584,-0.001344358984089027
585,0.011166504859121068
586,0.003559368760020766
587,-0.03552992186154896
588,0.007831669319821223
589,-0.03296673595193657
590,0.02747340185299568
591,0.023290524356444544
592,-0.04136741520447773
593,-0.0075522476075022904
594,0.005300786578035795
595,0.022737127726477763
596,0.003400869100879636
597,-0.009275874674815133
598,-0.0008543823676167769
599,-0.016991970835331535
600,0.017478864273172825
601,0.005399937464640448
602,0.022029841573076435
603,0.005176508329719043
604,-0.0030088223358931366
605,-0.006834236961992862
606,-0.025357795554789883
607,-0.0019003593307601934
608,-0.011338793826250722
609,-0.0175480468240214
610,-0.022198770100252455
611,0.021046832880984207
612,-0.01260020748582529
613,-0.0032007508227668525
614,0.020275005770145012
615,0.03137159459479766
616,0.010954473782081753
617,-0.007933790457217864
618,-0.01794120500273489
619,0.020135433135921362
620,0.005661539615785688
621,0.048620480861275815
622,0.02039994894486986
623,-0.019049176252752136
624,-0.009471076543439242
625,-0.009332210286612012
626,0.02478316746180166
627,0.026867783575694488
628,0.029761954032359407
629,0.010042059274869411
630,-0.00899330770360261
631,-0.012529685696145463
632,0.01954307204939015
633,0.01831521122494074
634,-0.02252119220978802
635,0.015903320740946622
636,-0.02055090352260142
637,-0.004640047198375485
638,0.003717512228801023
639,-0.022874097195564703
640,0.01571466478569139
641,0.034735420475531756
642,-0.008483571299782416
643,-0.018399753139874762
644,0.022884110770906383
645,-0.02344781510795509
646,-0.015916721554360018
647,-0.010376882226178994
648,0.01815650178789016
649,0.01826276917405024
650,-0.042348763629276004
651,-0.017295365990376833
652,0.01107721120906204
653,0.0029212606480098205
654,-0.030379585735618556
655,-0.018528401817378207
656,-0.04726349033881953
657,0.018312773350672322
658,-0.031810503453870466
659,0.007124101583746035
660,-0.006733148860689591
661,-0.007931469263181404
662,0.005220249873348676
663,-0.024151819748831068
664,0.01864498195954086
665,-0.03366598584279812
666,0.004888982558241295
667,0.015332424854831524
668,0.0006547485675349572
669,-0.02082927367154492
670,0.03244469842898288
671,0.005935560396665775
672,-0.004401679534808637
673,0.0034382104499905346
674,-0.021548228733456905
675,-0.025707131004217877
676,-0.0336140075382105
677,0.014296178089852183
678,0.012142705599508202
679,0.019569777188030255
680,-0.012445691928543312
681,0.0009016005678206296
682,0.006339118409617636
683,-0.001115127559466763
684,0.030381075089948705
685,-0.016252592695113335
686,0.01478973367783866
687,-0.0013133850425518236
688,0.03623407305845863
689,0.007183683454870685
690,-0.007748506114845374
691,-0.004168989479582549
692,-0.0048848047045288705
693,0.0039939965660098
694,-0.0015161107626183682
695,0.011586834571460874
696,-0.027607246451430544
697,-0.00431475610687664
698,0.02191340685298507
699,0.006379019348410289
700,0.016958910390626865
701,-0.028060836765429996
702,-0.01027849316305889
703,0.029250125192894143
704,0.00021865177794850178
705,-0.017947815508250593
706,-0.028317426529986367
707,0.006104027202084915
708,0.02327429546461658
709,-0.014381223981583712
710,-0.017742923502429623
711,-0.010787489776252605
712,-0.005222732246535495
713,-0.027579860650898368
714,-0.009289164121504493
715,-0.016525555804183616
716,0.013126552158580796
717,-0.05220368633458177
718,0.00921785397379759
719,-0.01181613477632682
720,-0.0006061872855653062
721,0.022765947668536894
722,0.02042339604903961
723,-0.0068726212012487084
724,-0.029904389798902174
725,-0.0043843488776984935
726,-0.015429435004736406
727,-0.002354348618543656
728,-0.013498757446383793
729,0.011096015153414627
730,-0.008543483212659794
731,-0.01171422785041353
732,0.009855468203558003
733,-0.01032554206750286
734,0.020726003209149073
735,-0.013889085572409436
736,0.012854931288082048
737,0.026643683984704434
738,-0.01893168399432223
739,-0.017351516777670987
740,0.01074750496016194
741,0.02341966698018533
742,0.0029496682213908487
743,-0.03651039255543983
744,0.004905389635985337
745,-0.026193201686053623
746,0.011303301397825776
747,0.025893670672910787
748,0.01119836174995866
749,-0.007873504655127152
750,0.032424274077197834
751,0.037780536383324285
752,0.005918925575296015
753,0.0247131564641311
754,-0.01884227909996494
755,0.018663313997371166
756,0.03478491811810835
757,0.0024775174829424302
758,0.010179007504926074
759,-0.02059488883736903
760,-0.02881564001109338
761,0.005481052396849064
762,0.015640252060144424
763,0.01026303089752495
764,-0.018903473418107847
765,-0.007269592544966666
766,-0.0013474043068441401
767,-0.014299992359119218
768,0.0016702330485360818
769,0.016976161069447954
770,-0.013103933575187675
771,-0.016775437939555583
772,0.004178479662559228
773,-0.018830172398685348
774,-0.0487033043796102
775,-0.009695039221733015
776,0.018197918047116346
777,0.013896002968444461
778,0.025189626883220746
779,-0.014651839195070314
780,0.006908727001091537
781,0.022122514632837265
782,-0.015964967841078048
783,0.004581168164751896
784,-0.0037320508530363874
785,-0.005986279273110053
786,0.0176150587286176
787,-0.013685489277630952
788,-0.03690869234527196
789,-0.0017963352923897223
790,0.0008691090066426034
791,-0.014360032573269404
792,0.05930121352551052
793,-0.04881651675688098
794,0.009353937227622027
795,-0.0025195446968297214
796,0.041245404040838034
797,-0.008971869458797159
798,0.020136155216790814
799,0.015585287345237292
800,-0.041238798964623846
801,0.01573820804525683
802,0.006735812441344052
803,-0.02360352211123505
804,-0.012397297907637514
805,0.011520508316336218
806,0.009651735398930904
807,0.010577632993201518
808,-0.006569332043656197
809,0.012226492230097932
810,0.0019281106269745225
811,-0.0005966203241285293
812,-0.015442758097973245
813,0.0033074539312097115
814,0.030243253577921354
815,0.005751955427915064
816,0.00019006213932034637
817,-0.052828904817794696
818,-0.008334908020029582
819,-0.024030369571229688
820,-0.017182771580113197
821,-0.0317449575997089
822,-0.006859144551789221
823,-0.03072514650673676
824,-0.016470667713196135
825,-0.0073579315177900026
826,-0.012181060721605044
827,0.03449405514166235
828,0.018077828268073828
829,0.02964983803374732
830,0.029598881488403193
831,-0.02482357644011014
832,-0.004529199270962531
833,0.014921640390542919
834,0.034953819851545345
835,0.03680218019386789
836,-0.01864696684267155
837,0.0019331032960890593
838,0.045231245988262794
839,0.00417278376067095
840,0.0024821338405826244
841,0.013176586316475935
842,0.011492677529491515
843,0.016986038003102142
844,-4.776214368189169e-05
845,0.009814731484204486
846,0.026600666587911874
847,0.007470273937467125
848,-0.03393558458872887
849,0.009034148794465291
850,0.0032074208515194443
851,0.0033101683208029736
852,-0.00189067326385732
853,-0.023675790768168756
854,-0.03572019231052747
855,0.03892599395763321
856,0.014383302777819542
857,-0.0032929749867781225
858,-0.005479162985608476
859,0.035460985697736744
860,0.020106084164006156
861,0.004951296056799892
862,-0.025151939630437225
863,0.005299704665109058
864,-0.001130031425555536
865,-0.06093917234534244
866,-0.005014683334471815
867,0.0173656065971214
868,-0.011849988176806511
869,-0.016085436293872903
870,-0.018021027713811283
871,0.00604741372474647
872,-0.01005708692214764
873,0.002037343528625186
874,0.025035865928483503
875,-0.02619194004473484
876,0.002225538740404774
877,-0.015053218013943995
878,0.025806469999832767
879,0.019199371341565165
880,-0.00910672480365141
881,0.04265768654149395
882,-0.030291098293285707
883,0.017611184738440335
884,0.02682150701157953
885,0.01960357193605676
886,0.006149051131155546
887,0.025831072674217224
888,0.031487405681837534
889,0.020011406619734315
890,0.010220544897170572
891,-0.0037298441230224667
892,0.0021365983526186513
893,-0.018066824329929874
894,-0.022634770775573805
895,-0.016969452410079255
896,-0.004385015876654515
897,0.02179611054655951
898,-0.03018648303724458
899,-0.004806136896684341
900,-0.014199409042960381
901,0.011827894955541155
902,-0.008148154085818631
903,-0.03405028041734854
904,-0.01054788889592202
905,-0.011966735479572605
906,0.041050666993754606
907,-0.006302157564498562
908,-0.002141070594304423
909,0.012013120349159679
910,-0.01739840979746838
911,0.009130927646640365
912,0.0189685530828937
913,-0.019971200650348884
914,-0.020814287490316278
915,-0.014797508018712392
916,-0.032618807358917645
917,-0.012627768263133565
918,-0.0036437906588842406
919,0.023136579686259196
920,0.02071821947677099
921,-0.006782598590895599
922,-0.025452039539766737
923,-0.03053905648926837
924,-0.005534350832706272
925,-0.05303955392499535
926,0.030571650444321904
927,0.01905764021140258
928,0.0033838778972544656
929,-0.01671367176259452
930,-0.0037757771681066242
931,0.024799370917201736
932,-0.021366268687859465
933,0.011066396609934888
934,0.012099925047160181
935,0.008772648904073171
936,0.007661399169079002
937,0.004640067571497486
938,-0.00040394933906985083
939,-0.01605894814358875
940,-0.0191336701868934
941,-0.018858555406449942
942,-0.005452909704954105
943,-0.005614250484841525
944,0.0025812543477634095
945,0.002606636859474456
946,-0.011979963193638143
947,0.005515234601258872
948,-0.013697389128705467
949,-0.011470521902136757
950,0.01725216622446031
951,0.010950213579541528
952,-0.016228941854360517
953,0.02867916689185798
954,-0.029334938618011727
955,0.03154098138163674
956,-0.0010401604429962495
957,-0.011832313058216587
958,0.012529195423884613
959,-0.0018445522505929357
960,0.015709641466982414
961,-0.006789187000961458
962,-0.013608708758800426
963,0.02417265628409368
964,-0.010094628047645271
965,-0.026408618863544543
966,0.001657889395279395
967,-0.01740742251520233
968,0.003768077085217455
969,0.021831887663529042
970,-0.002430548204150085
971,-0.007985584531032375
972,-0.007018179846724849
973,0.014576873834183995
974,-0.009656045581235416
975,-0.011395472243399608
976,0.019658292230978015
977,0.00837682939596066
978,0.009186328787631398
979,-0.007697514268212797
980,-0.016679699302139066
981,0.005576710386677679
982,-0.030726392872212033
983,-0.035576946998500676
984,0.019519937797487487
985,0.030315255011711506
986,-0.008818777561308583
987,-0.003796089798607351
988,-0.03964149735175813
989,-0.006596141770757134
990,0.013075444863216755
991,0.009031802236042129
992,-0.006743057832302441
993,-0.010465251667386153
994,-0.008119930518973122
995,0.0007042244421452326
996,0.014108679746762554
997,0.004840766112167069
998,-0.008272328603364042
999,-0.01198448317209398
1000,0.02313197963373735
1001,-0.03474364226768143
1002,0.013370282805925136
1003,-0.020002651007011762
1004,0.016729942746717068
1005,-0.014303760362451387
1006,-0.0012488141737943728
1007,-0.005960533892732721
1008,-0.02261974878789193
1009,-0.0010846806949666023
1010,0.007274603936385294
1011,-0.0018754010471753995
1012,0.012892557939870508
1013,0.012939320382739995
1014,-0.0008520003742501986
1015,-0.0037693175045254114
1016,-0.00517152770353207
1017,0.020891166093516166
1018,0.0009274188536647193
1019,-0.02698104461323508
1020,-0.0030228199473442095
1021,0.0062366998345630515
1022,0.008304806389879009
1023,-0.008391918199071109
1024,-0.01832061386829993
1025,-0.01959205613111108
1026,0.009464403416741412
1027,-0.016648448899058903
1028,-0.006877792991013787
1029,-0.005051891819630836
1030,-0.0035881188994856326
1031,-0.01560946743968729
1032,0.01799664521032342
1033,-0.002199625701777533
1034,-0.021478846086073002
1035,0.011113565702160327
1036,0.0016053406395310254
1037,-0.019068040176579364
1038,-0.0036035470073472126
1039,-0.002504132163486704
1040,0.04338284038573688
1041,-0.012862739633984595
1042,0.02310639068469377
1043,0.0395096361858624
1044,-0.01217384813809826
1045,-0.003634486769971625
1046,0.010233825961991077
1047,-0.026555033306655988
1048,-0.021026528528461163
1049,-0.0091742285871415
1050,0.020744578322725832
1051,0.018581295355245588
1052,-0.01616021830156939
1053,0.006120530371360508
1054,0.01584856938727598
1055,0.013312841339618313
1056,-0.02149309305393619
1057,-0.021225087138058252
1058,0.028917113025812433
1059,-0.034440818450875245
1060,0.012249645957333764
1061,0.030568860773093617
1062,-0.03352932502641655
1063,0.023325683551361998
1064,0.027603682691073567
1065,0.055432048148916044
1066,0.00231994007280502
1067,-0.02512242387836491
1068,-0.007991800237844487
1069,0.03035341501191743
1070,-0.019913639562868415
1071,0.0059148938197005315
1072,0.015277010884968129
1073,-0.04895947156621122
1074,-0.017486128659137304
1075,0.004885301636593334
1076,0.018990934105584684
1077,0.0008249165409622293
1078,0.025422559400713245
1079,0.001600324412230658
1080,-0.0004797991016760888
1081,0.023718066420967705
1082,0.035743362698409296
1083,0.010755121564752286
1084,-0.0004718257328405835
1085,0.03079623631699392
1086,-0.018292811797031766
1087,-0.017205683529105564
1088,0.02752695157682775
1089,-0.0012941794057938292
1090,-0.01466104539265626
1091,-0.009062300796973314
1092,0.025887360885433548
1093,0.009145021421878227
1094,-0.010174593607798195
1095,-0.02913222195900604
1096,0.036449357778412406
1097,-0.028377950938648144
1098,-0.02038571624001096
1099,-0.01626762562867725
1100,0.01527717658228269
1101,0.0017476476389948934
1102,0.0006596829264297024
1103,-0.0011662609351028872
1104,0.017531477202422503
1105,0.038273180226103216
1106,-0.0009615387012004475
1107,-0.03983848114118565
1108,0.020396023066700422
1109,0.02757032385099399
1110,-0.024975961862134095
1111,0.03050255772403226
1112,-0.006629135838948784
1113,0.019031413743424125
1114,-0.010861531691281406
1115,-0.014593427353452239
1116,0.03865146809958043
1117,-0.014200596894934898
1118,0.03828337698109566
1119,-0.02483063606537245
1120,0.01607554159860634
1121,0.02945580333768327
1122,-0.015697443166400742
1123,-0.0021669561219260537
1124,0.006082783574816721
1125,-0.0009909136445687447
1126,0.023448953046918304
1127,-0.01231182743069563
1128,-0.013775496635794342
1129,0.00971010666453246
1130,0.0028492281551068654
1131,-0.0031953650537700196
1132,-0.014143003495755358
1133,-0.04233530592651455
1134,-0.011377859009525764
1135,0.02730414666534253
1136,0.030354640770691506
1137,0.00986895174129957
1138,0.024000317519985114
1139,0.0020400153609127043
1140,-0.0071608632982370895
1141,-0.006327677482226265
1142,-0.010260182851775051
1143,0.003533187063983772
1144,-0.002935753405627635
1145,-0.04700266545179812
1146,-0.03331585326361444
1147,-0.009807279613561625
1148,0.005488059412255748
1149,0.006105740686856514
1150,-0.00909057665387297
1151,-0.013873983609356835
1152,-0.01971648583618889
1153,0.018463542300862425
1154,-0.017155045937994103
1155,-0.006148098892194644
1156,-0.014427755887837915
1157,0.008686771116675603
1158,-0.06199907613850858
1159,-0.03632505505882971
1160,0.02165898006472613
1161,0.00618167733771303
1162,0.022669518948831676
1163,0.019281412644700714
1164,-0.018180825282831874
1165,0.04924444657977837
1166,-0.022426359738113875
1167,-0.018973585493489653
1168,-0.0008865208413906999
1169,0.015861872919180682
1170,0.014655718071208955
1171,0.007268503838746646
1172,0.006146403957502406
1173,0.006871963257276381
1174,-0.03705499264118569
1175,-0.00860837725623666
1176,-0.00013938453470735234
1177,0.010682661479675764
1178,-0.03304630833667848
1179,-0.005893728778825952
1180,-0.01614697118568073
1181,0.0007641541384304148
1182,0.02411785982941079
1183,0.009590103493655433
1184,0.010659662871514456
1185,0.022883817870144152
1186,-0.017156669366562093
1187,0.03646510675403836
1188,-0.04374099808884895
1189,-0.017990049347992837
1190,0.004198359302900863
1191,-0.019835554174840283
1192,0.006486052192662424
1193,0.0036204899967213298
1194,0.002573627844115653
1195,0.0032468357988024994
1196,0.018876261821246985
1197,0.0153118686237817
1198,-0.006828478177833205
1199,0.018913890448613465
1200,0.0018425623534911886
1201,0.029930643021091483
1202,0.001033122715879139
1203,0.012227773955680296
1204,-0.014155298480830428
1205,0.022063082121675223
1206,0.03577902415149654
1207,0.04656373999751026
1208,0.014340266693488904
1209,0.007271928620973278
1210,-0.008170460141814483
1211,-0.013128694159608418
1212,-0.01998661016277158
1213,-0.03162885017716621
1214,-0.024760264560896524
1215,0.004737930686855732
1216,-0.023664273739556853
1217,0.04729653038698485
1218,0.026110574946301625
1219,0.005927660862963387
1220,0.009188596389507224
1221,-0.005358821242057118
1222,0.0038617058615397605
1223,-0.002421725642962414
1224,-0.0018599916872823552
1225,-0.01665572965676988
1226,0.015724167518123597
1227,0.016723593679624883
1228,-0.03956576126904842
1229,-0.03156945629962228
1230,0.024971469248868266
1231,0.01320772068798595
1232,0.000694141775949766
1233,-0.042288143978018035
1234,0.026614090219820162
1235,0.03255859168133965
1236,-0.01443596477983122
1237,-0.013173932410935134
1238,0.03683383253011863
1239,-0.02385959818803841
1240,0.01709068452237407
1241,-0.00011193698315792305
1242,-0.030401692788331637
1243,0.010415858450826737
1244,0.01315872779331743
1245,0.016641353307593587
1246,-0.02688095923108491
1247,0.009646557270400612
1248,0.0029763166037874377
1249,0.007455365023233027
1250,0.0049169300206374465
1251,0.013593964920569225
1252,-0.013827574301958061
1253,0.048021240445254736
1254,-0.025391580200718473
1255,-0.015163274191362723
1256,0.007663722617383592
1257,0.006655330914015181
1258,0.004635870940573749
1259,0.007943745382447735
1260,-0.0017215397842761785
1261,-0.019815669999370306
1262,0.005509422477844669
1263,-0.02355726310495584
1264,-0.023631548219065233
1265,0.02271400337631565
1266,0.00021687878541860092
1267,-0.03691789157754616
1268,-0.009614939697300174
1269,0.012609297927600299
1270,0.012410473070089193
1271,-0.020563406681025208
1272,0.020979521238762726
1273,-0.009649543239739364
1274,-0.007959443012739433
1275,-0.020330421011816518
1276,-0.03020549569351336
1277,0.0007722412915761876
1278,0.01513534102206849
1279,0.0048490574067045975
1280,0.017387342558716358
1281,0.015796700174850475
1282,0.024350232404274395
1283,-0.024274791078440425
1284,-0.022622186369564156
1285,-0.0006954127347804352
1286,-0.016327301966549964
1287,-0.00947308751932309
1288,-0.029821150424743783
1289,0.01442428465252577
1290,0.02132753746636973
1291,0.002724476396324131
1292,-0.011807034894047753
1293,-0.01994733201028507
1294,0.00840847001482967
1295,-0.0005402923267106557
1296,0.004429920988185647
1297,0.001824841982916647
1298,-0.010257118548508871
1299,0.01974325213699897
1300,-0.03066966527896815
1301,-0.031780569693822536
1302,0.028402395412054998
1303,0.010166904018189567
1304,0.005693310164932157
1305,-0.02808170535596576
1306,0.010675009766364164
1307,-0.0007366985307116042
1308,0.02679875416999333
1309,0.0038921286402256276
1310,-0.01958685343528846
1311,-0.0013238818553442178
1312,0.00035847137091142876
1313,-0.013901949645598963
1314,0.019342483854336616
1315,-0.012594002244226235
1316,0.035372036514719804
1317,-0.011175696299506073
1318,-0.022913486717717684
1319,0.023589395496421008
1320,0.030283798573083394
1321,0.0044430470402026506
1322,0.0030319236309438074
1323,0.022821049709801398
1324,0.01566125100061131
1325,0.013767495376407625
1326,0.034754404326928806
1327,-0.02597712708221477
1328,0.009052705028573454
1329,0.007231097699040692
1330,-0.0008452226717171094
1331,-0.005779068901842654
1332,0.03727419107246643
1333,-0.004101764233848747
1334,-0.0057846348767542875
1335,-0.008883980852304782
1336,-0.0038173250881421055
1337,-0.020553226036514143
1338,0.008077687910368536
1339,0.001593930154129047
1340,0.018947546575716612
1341,0.015221335625609768
1342,-0.015967225138344785
1343,0.01058538893836496
1344,-0.027762533383992052
1345,0.010419468065875539
1346,0.039637522082530706
1347,0.02804675819667022
1348,0.01381286903348498
1349,0.004284616933680034
1350,-0.008695531205295717
1351,0.037610836095633406
1352,-0.016437291014441167
1353,-0.033490900368315764
1354,-0.017352775788732504
1355,-0.01589190584086906
1356,-0.015758671742544524
1357,-0.018782767791774076
1358,0.011216867888953848
1359,-0.014363741429336444
1360,0.00390631458511242
1361,0.026397636929583662
1362,0.0057649440980923625
1363,-0.002803590819537661
1364,-0.016700014817000706
1365,-0.005439047658171799
1366,0.020828844932317573
1367,0.03732442239692318
1368,0.04033901108316391
1369,-0.003983473387593241
1370,0.012363393369877775
1371,0.04052780879360695
1372,-0.018209401392639164
1373,-0.008472175948251368
1374,-0.015212074457919797
1375,0.0486793220663135
1376,0.03166456189351513
1377,0.010798636693442354
1378,0.03398778023724054
1379,-0.0005031388760135371
1380,-0.0072026321726124925
1381,0.003752393599605884
1382,0.028344659364328065
1383,0.016720015479939135
1384,-0.0365789186416156
1385,0.0010642181224887485
1386,-0.016705600160214933
1387,4.9476215567345324e-05
1388,-0.0053596531208372055
1389,0.012906814179271508
1390,-0.01715828258082231
1391,-0.015423048200049841
1392,-0.0004938345392927147
1393,0.0059984914900013024
1394,0.007163135516925854
1395,-0.019765383646356115
1396,0.01299010602900411
1397,-0.015485653336024138
1398,-0.026226945592043725
1399,0.01689004781218395
1400,-0.028816165954687622
1401,-0.03354940910226175
1402,-0.008775189885854934
1403,-0.007874123591060746
1404,0.009796585250466993
1405,0.04297794145477147
1406,-0.006985074978158621
1407,-0.01246300242328673
1408,0.00893874959966538
1409,-0.024965174708111056
1410,0.008722122798879678
1411,0.0003846553032093544
1412,-0.014876550355364301
1413,-0.021860955916994558
1414,0.009715479113654718
1415,0.0004134773028952638
1416,0.0005812286822997455
1417,-0.004938552083912639
1418,-0.002441900102116411
1419,-0.004158204901904815
1420,0.04295380504409876
1421,0.0032133023916755634
1422,-0.015281689240510873
1423,-0.027084882292286033
1424,0.02317628216121746
1425,0.015583428514011202
1426,0.014451936442131101
1427,0.026166538124929094
1428,-0.009133315445281558
1429,-0.010598126266431572
1430,-0.010532028548029903
1431,-0.004656663075041955
1432,-0.001138634959079508
1433,-0.010181807407769843
1434,-0.035019909199500786
1435,-0.05505873803247615
1436,0.016560414589996568
1437,-0.0003273936518635205
1438,0.021243230401481374
1439,-0.04160941949052705
1440,0.015912421394044966
1441,-0.013318288610864195
1442,-0.016851500256029363
1443,0.020905662065932067
1444,0.008233105820301349
1445,-0.007098336071270141
1446,0.011646535811560822
1447,-0.0052449261620216535
1448,0.013421680703132849
1449,0.014757571609835922
1450,-0.035665182806766074
1451,-0.004020227287297359
1452,0.036337764476411
1453,-0.024338825574637804
1454,0.03609755742430903
1455,0.00623019663081283
1456,0.00441861194624784
1457,-0.011345332418515165
1458,-0.02486237146059048
1459,-0.032461107279128786
1460,0.006180053568923192
1461,0.003728374900127367
1462,0.015533166760900819
1463,-0.013568917269167514
1464,0.005961621396725612
1465,-0.0062106330705319415
1466,0.03390299616495723
1467,-0.004901093824834343
1468,0.02402893165799724
1469,-0.014408863568757532
1470,-0.020142903299222723
1471,-0.0024327231858229195
1472,0.012156190765230758
1473,0.0008960059451909737
1474,0.005010731654777439
1475,0.0018182356691419934
1476,-0.018970644810964797
1477,-0.016195040451417515
1478,-0.00016862390724528892
1479,-0.0076345738023716695
1480,-0.015333137236934148
1481,0.021620986775116924
1482,0.029257817116606022
1483,0.060220764357571746
1484,0.0042216903874426
1485,0.005752919866646142
1486,-0.032429352841604364
1487,-0.016649389532235482
1488,-0.00680584100619451
1489,-0.010193073254542674
1490,-0.006381165328802657
1491,-0.0013236303608162704
1492,-0.012212827037379703
1493,-0.023397848040789426
1494,0.025564648473587626
1495,-0.023308477128212435
1496,-0.01703820974295468
1497,-0.023934639394361426
1498,-0.013719223973894804
1499,0.01240139133449247
1500,-0.023209243114931725
1501,0.003779416030468184
1502,-0.014332331491875874
1503,0.0204423512329689
1504,-0.013309912981389038
1505,0.0014087401450591857
1506,0.020040990372519166
1507,-0.00819181494214152
1508,-0.006855878748731756
1509,0.018212599665993003
1510,-0.016773740865681865
1511,-0.023893117647672157
1512,0.01600181569201762
1513,0.01669329914580652
1514,0.024630261097450108
1515,-0.026449986698809973
1516,0.02388888505317191
1517,0.009370623943477714
1518,-0.012456958909651216
1519,0.04498736337785209
1520,-0.024231612043954652
1521,-0.0033666539779365905
1522,-0.008982097823319367
1523,-0.03326978584326734
1524,-0.011478595004431878
1525,0.008955427935453831
1526,-0.020747196448811466
1527,-0.03934544558759159
1528,-0.011851096892955704
1529,0.0044350818513272
1530,0.02636812167732522
1531,0.014855803793253852
1532,-0.009704000311485076
1533,-0.003999811634453788
1534,0.016984761297737988
1535,0.02147411039222847
1536,0.025599802254733333
1537,-0.00859030369271064
1538,0.06563916854514144
1539,0.013208445878066044
1540,-0.010761257727677
1541,-0.016580015680183573
1542,-0.0013457767894963126
1543,-0.01480812090740483
1544,0.02171586527121324
1545,0.014277621755496007
1546,0.011096981531095054
1547,-0.0008568523794985079
1548,-0.009079675660788026
1549,0.0019931192597476264
1550,0.014567316799210387
1551,-0.012125210744966336
1552,-0.017281618034934818
1553,0.010170991958165615
1554,0.017552198363382246
1555,-0.04360354713084439
1556,0.005772750058751847
1557,0.01243690653706973
1558,-0.022799854644637813
1559,-0.0347003535636557
1560,-0.03291418326447189
1561,-0.002584917068899617
1562,-0.041278999379714854
1563,0.004827417017702336
1564,-0.02116786716706479
1565,0.021555213809089646
1566,0.001324418653879349
1567,0.011657973155786146
1568,-0.003955645927906452
1569,0.0023740544439095086
1570,0.010125355023481204
1571,0.01221283340029918
1572,0.01011402833917895
1573,-0.013443673915163842
1574,0.007566258886489888
1575,0.03231877711420821
1576,-0.017764781653361268
1577,0.02751230766901395
1578,-0.011892322792005677
1579,0.012338237106861863
1580,-0.0066535635248413955
1581,0.040765815403006445
1582,0.012447737344305345
1583,0.02568353907437598
1584,0.007580525020982905
1585,0.019620936304586816
1586,-0.013041501453068852
1587,-0.004845497142108822
1588,0.04300748842774964
1589,-0.03700592618930774
1590,0.013953332569029083
1591,0.027716741969765972
1592,-0.01346490823179356
1593,0.035272961658598986
1594,-0.007989709823233798
1595,0.018035061868854153
1596,-0.004872086865143898
1597,0.01374924794245309
1598,0.009407922368048223
1599,0.0019305970579969658
1600,0.006458507015831978
1601,-0.03713130059380927
1602,0.03252946251432268
1603,0.02280972010470329
1604,-0.0030061607744473235
1605,0.01637954578057605
1606,0.032424663634009906
1607,-0.0009622514660859627
1608,0.010813298751370928
1609,0.013664549647342886
1610,0.033715387367370786
1611,-0.02518329715689759
1612,0.020440406118935606
1613,0.008737637067500751
1614,0.014419688098477398
1615,-0.004178652954519066
1616,0.00245886778767171
1617,-0.0021340570554320266
1618,0.0019545465916747666
1619,0.008176228016915922
1620,0.005062807938518446
1621,0.013182936520227166
1622,-0.02215947629510964
1623,0.031007737354013788
1624,0.018639023701679445
1625,-0.012581643426454809
1626,-0.02373656230242363
1627,0.01646774739786166
1628,-0.038078922198059764
1629,-0.00030715361283766544
1630,-0.03124664189305558
1631,0.0031590301124169713
1632,-0.00874526078821634
1633,0.01079182970131092
1634,-0.005546237745563315
1635,-0.015359860650417972
1636,0.010662427182750588
1637,0.013433015833953938
1638,0.02138575979943749
1639,-0.00788462688950195
1640,-0.02076723827593688
1641,-0.006374986658611008
1642,0.019978110285884143
1643,-0.01773076105790541
1644,-0.026409748774880382
1645,-0.015908208100680766
1646,-0.018501600359594386
1647,-0.013993170986106987
1648,-0.0034073224327204926
1649,-0.004573558609696833
1650,0.011893233909380201
1651,0.028973728436827162
1652,0.018086930190746857
1653,0.012851868044597875
1654,-0.03545005860686634
1655,0.016845454863895007
1656,-0.035198323352151645
1657,-0.00016945745221128117
1658,-0.023855080033590163
1659,-0.021652087032514828
1660,-0.012097276190559851
1661,-0.008509260766440256
1662,0.00995486474020913
1663,0.021904092999404937
1664,0.02612528660428134
1665,-0.0064420972631009195
1666,-0.026111598219634952
1667,-0.009018430558217997
1668,-0.0008811030017796826
1669,0.004091571996544677
1670,-0.030461818230674113
1671,-0.024876594011558496
1672,0.021525961242448193
1673,0.021142719504260353
1674,0.02941590602151443
1675,-0.027735698117652786
1676,0.01799002360199791
1677,-0.0022153894206082122
1678,-0.018167395010148458
1679,-0.004824627872855633
1680,-0.027908942781034562
1681,0.013280693250179273
1682,0.009867658133255786
1683,0.01710369704281862
1684,-0.04256701024748824
1685,-0.005702348507458024
1686,0.015099550316345061
1687,-0.011660439065063366
1688,-0.00895707624383405
1689,0.010738489928228371
1690,0.011463705460755228
1691,-0.03134379014242283
1692,0.004120735440467423
1693,0.003544650185898953
1694,0.05259945423262632
1695,-0.00831180452306952
1696,0.01867729986802514
1697,0.011946387839528633
1698,0.017123833825160795
1699,0.004100180476695104
1700,-0.0064762505041241715
1701,0.028617726765158863
1702,0.014773490973267363
1703,-0.02115342825998902
1704,0.01802059215188692
1705,-0.013393313068322662
1706,-0.02899028249551748
1707,0.0022712068945887997
1708,0.01851802644327052
1709,-0.015706279882505426
1710,-0.006589011134198062
1711,-0.019699782276530898
1712,-0.008611004991251288
1713,-0.0029010612629972827
1714,-0.01771924732491677
1715,0.04344997764018535
1716,-0.005541306846582815
1717,-0.01812478311772398
1718,0.0019518532247595572
1719,-0.011770570573133856
1720,0.0005548118536036189
1721,-0.012942060188587812
1722,0.0030044043263649342
1723,-0.03984902755856102
1724,-0.011272256422482804
1725,-0.014817013164060271
1726,0.010908232461781272
1727,-0.009663274143210113
1728,-0.023261820829235773
1729,0.043104684727937215
1730,0.021187915649696507
1731,0.05448497086771132
1732,0.045688091799719915
1733,-0.019224467258813955
1734,0.010329188714997122
1735,-0.0027805478707292664
1736,0.0014324610136798618
1737,0.003928800733297015
1738,0.009708568272469752
1739,-0.01392851601082456
1740,0.00820098857022672
1741,-0.0011762752342523296
1742,0.007504155247844233
1743,-0.006151091971033762
1744,-0.030560259316954354
1745,-0.005021930590768095
1746,0.010183478421942357
1747,0.0038885671339871997
1748,0.00685840461936387
1749,-0.00870637735612045
1750,0.007357306378847354
1751,-0.0072199686650635305
1752,-0.02435952399025436
1753,-0.005037287268428843
1754,0.0030138825929893857
1755,0.019924154269895068
1756,0.026352419123597162
1757,-0.0039179002985450725
1758,0.018650340576851807
1759,-0.01278181220795029
1760,-0.010597940286890312
1761,0.014144620554486986
1762,-0.026935169174239777
1763,0.013681265003371662
1764,0.003692379518484365
1765,0.02683635743831816
1766,-0.021295730324255205
1767,-0.006659657665738162
1768,-0.013798052318464756
1769,-0.006842095735630813
1770,0.0012073426929876713
1771,0.006609801329159583
1772,-0.0010539725698072969
1773,0.010680349797680155
1774,0.00944678721931924
1775,-0.021693386999158817
1776,0.010991956075106587
1777,0.013401766662715137
1778,0.03390080069084719
1779,-0.03615333250304331
1780,-0.0001448525428097719
1781,-0.009506389287752881
1782,-0.0017901382603900113
1783,0.010617352559442569
1784,-0.00844574445242785
1785,-0.011380915372920993
1786,-0.0053817360047023885
1787,0.019695653406618326
1788,0.004608538884456843
1789,-0.012191064839698578
1790,0.0061318854316811415
1791,0.015268661886519026
1792,0.005646285180626666
1793,0.025727273871429895
1794,0.05846929649073001
1795,0.020872393465013114
1796,0.001855683061021583
1797,-0.0064197205317227
1798,0.04998610320190226
1799,-0.007008417446306868
1800,0.01582818137988897
1801,0.003971594228330097
1802,0.018071161633011392
1803,-0.014370234608549717
1804,0.009255207901303315
1805,-0.0072409180060285724
1806,0.009022743275040275
1807,0.009317435095844102
1808,-0.015940321484019755
1809,-0.008810479064546428
1810,-0.00020176759626177213
1811,-0.003463544304565817
1812,-0.009725522028128968
1813,-0.0027634301384749514
1814,0.008119927764207743
1815,-0.0047389835957379394
1816,0.02237133865033465
1817,0.0028591149362556145
1818,0.026921417997574575
1819,0.010523193194607301
1820,0.01057316607580103
1821,0.030494322354384783
1822,0.01787226366023783
1823,0.015590363967336306
1824,0.0020197354669814886
1825,-0.007807317492888015
1826,0.000400154019485306
1827,0.013491324093353114
1828,0.005553485342115814
1829,0.007052585216775128
1830,-0.006257897698367442
1831,-0.006890211741168051
1832,-0.010120390585663965
1833,-0.036087600161783334
1834,0.00515940480323276
1835,0.018033101575034415
1836,-0.016468642155656465
1837,-0.016201324683184595
1838,-0.009533896714398457
1839,-0.010464641451464998
1840,-0.0214292496628671
1841,0.02645869846242937
1842,0.0025949352882730283
1843,-0.011835130334685286
1844,-0.0032102025253495235
1845,0.006506925209680171
1846,0.008037548927944472
1847,-0.010054950085931932
1848,0.020932269251613234
1849,-0.016917754473212095
1850,0.011948575378439444
1851,-0.00545162287970402
1852,-0.005768896980735843
1853,0.010365026014424197
1854,0.02116833562161061
1855,-0.02753576667521113
1856,0.05264332600470902
1857,-0.00581252904462195
1858,-0.0020393044577980187
1859,-0.0015300262921674644
1860,0.010143949854838593
1861,0.01621954434838129
1862,-0.028145409965875827
1863,0.008217500866435344
1864,0.029438271885176667
1865,0.027425744344395583
1866,0.012057517966716131
1867,-0.019083963797325004
1868,0.014862280136143805
1869,0.0014141019944522734
1870,0.006686937508998225
1871,-0.0011161840370764104
1872,-0.010482998019590734
1873,0.019374029013712702
1874,-0.007271237798411086
1875,0.0111575179914377
1876,-0.006691117240242072
1877,0.03379335789083637
1878,0.014506542314567331
1879,0.015737654100475347
1880,0.001100485368280514
1881,0.004178352120642134
1882,0.014165035981475445
1883,-0.013579228102452972
1884,0.01338171547359067
1885,0.01595648056346445
1886,-0.03306506401616001
1887,-0.046131280464121856
1888,-0.02367377003970265
1889,0.002404583679201641
1890,0.014475894527056492
1891,-0.011828125586884227
1892,-0.008938424305977096
1893,-0.004747274163037194
1894,0.00995647304334027
1895,0.012993918568126735
1896,-0.021928127745484367
1897,-0.0035391825232262792
1898,0.020825912186574213
1899,-0.007726043800537672
1900,0.015140886818699706
1901,0.0006050490964795827
1902,-0.020136799831106722
1903,0.03877135353385852
1904,-0.005913089704202987
1905,-0.023128599545877367
1906,-0.04242768584445911
1907,-0.0007305388717645458
1908,-0.0007031233389362901
1909,-0.02664380364384539
1910,0.017396867001535747
1911,0.0057463524713598155
1912,0.006206619197070828
1913,-0.0025580208061280404
1914,0.009295308891688342
1915,0.008493413605169788
1916,0.017022566141775237
1917,-0.005728795515614684
1918,0.04327906154714755
1919,0.042833899019950064
1920,-0.0018414292644576603
1921,-0.019089423283115796
1922,-0.006232073422653596
1923,0.010410762327780284
1924,0.00838857217855702
1925,-0.004699618699356734
1926,0.005054959290855136
1927,-0.022014616773400286
1928,0.01366790221931004
1929,0.01455817921643498
1930,0.02546530974283619
1931,-0.015643903250383225
1932,-0.03402422807374149
1933,-0.015211095111180411
1934,0.01591954438566974
1935,-0.0016760260262920917
1936,0.007929930639303171
1937,-0.0023268183647171523
1938,0.005173534910385284
1939,-0.01641284869468422
1940,0.011746339063228372
1941,0.013720181461607523
1942,-0.00150757949390578
1943,-0.032690585544763395
1944,0.005907315990156098
1945,-0.026488358068586685
1946,-0.0014967336917318076
1947,0.006358582227870758
1948,-0.0030571870444299027
1949,-0.014370917909135542
1950,0.010006993025006107
1951,0.025809005650207235
1952,0.03542834973559212
1953,0.013232943964772035
1954,-0.02250249115684405
1955,-0.005991821605721801
1956,-0.009120708441206996
1957,0.024607735497625696
1958,-0.01826826615957805
1959,0.011065125127388461
1960,0.004118392849203328
1961,0.011089985901910829
1962,-0.020856573025220176
1963,-0.011455224125001925
1964,-0.02692859527190975
1965,0.024739136594016664
1966,0.0012502268264155882
1967,0.018971012237540212
1968,0.02708034360865841
1969,0.003091556704473307
1970,-0.0023600951420227638
1971,-0.04757426600047043
1972,0.009068251485590177
1973,0.0035752706712688194
1974,0.015940401924564782
1975,0.0014036374067988718
1976,-0.011813681570492063
1977,-0.028022083959723252
1978,0.00014673587995524335
1979,-0.01400636923310855
1980,-0.020750968944358378
1981,-0.021825424854730806
1982,-0.014678934518953524
1983,-0.004468719221075434
1984,0.005417066147767648
1985,-0.03032688061388949
1986,0.023650358833029465
1987,0.025982465199660777
1988,-0.022381308857972446
1989,0.004425176644009654
1990,0.02040244013749344
1991,-0.012061884322625257
1992,-0.011638551630204295
1993,0.011164059047438203
1994,0.011130816033512453
1995,0.01847751937679266
1996,-0.014082122979582964
1997,0.0275109321724982
1998,-0.005907325295430638
1999,0.012555175775346912
2000,-0.026917929932939465
2001,0.0030708547037219197
2002,0.03932469145687062
2003,-0.009623036705482814
2004,-0.012129026427133092
2005,-0.014564497862874509
2006,0.020638381551410737
2007,-0.028568216506455822
2008,0.005752560509391648
2009,0.005232824292901187
2010,-0.009518136680209947
2011,-0.007699644138107576
2012,0.0030510843444739627
2013,-0.002575138361574203
2014,-0.0037168422743308798
2015,-0.024150057232201618
2016,0.004518551111796854
2017,-0.009075648706142764
2018,0.03036809686375077
2019,-0.023952675786217435
2020,0.0061137565635552
2021,-0.030955342413180632
2022,0.04245086628683579
2023,0.0020430302298294826
2024,0.0062231601305086336
2025,-0.05184965823122494
2026,-0.0167166766796947
2027,0.01004407719055789
2028,-0.0050507347054740545
2029,-0.02528232406113205
2030,-0.03269071860554028
2031,-0.006529005635082318
2032,0.03792653512867367
2033,-0.013252978375999319
2034,0.008649693033294728
2035,0.04000957359725794
2036,0.027479572408738783
2037,0.011418742890441999
2038,-0.02002657836767539
2039,-0.011595880368578343
2040,0.02943746200278934
2041,0.005777835902476214
2042,0.011708896189993231
2043,0.0021355516699293332
2044,0.004483194132887467
2045,0.017641511223485524
2046,0.007167653062093283
2047,-0.01310089785245581
2048,0.007319198132787703
2049,0.005633648147469797
2050,0.007017927162028743
2051,0.029722310285042755
2052,-0.046282340972960495
2053,-0.012408179289637505
2054,-0.007227452290114872
2055,0.03083362291396472
2056,-0.006933231066359378
2057,-0.014779157557860802
2058,-0.01709913286206577
2059,0.007543046150868082
2060,0.016779458867412844
2061,-0.04661332561249358
2062,-0.02510423441129632
2063,-0.03713931548397094
2064,0.01965734162545776
2065,0.012526578781158048
2066,-0.015085335613107417
2067,0.013017764779972326
2068,0.028615255743316373
2069,-0.021794746864164223
2070,0.002650975680652295
2071,-0.019863875661381248
2072,-0.016770314929800273
2073,-0.0045401177756687824
2074,-0.002748382343833781
2075,0.0067450641153955024
2076,-0.021483632634458016
2077,-0.014691332048032017
2078,0.00849809523278195
2079,0.0015833513529817374
2080,-0.05097885250636041
2081,0.028051866496241883
2082,-0.02659068794950668
2083,0.005821510110521745
2084,0.006409660587276489
2085,-0.019269672745972643
2086,-0.0047385898625798215
2087,0.024355792553567294
2088,-0.029249223074564044
2089,0.002149413383814588
2090,0.007313394615064545
2091,0.019733310306375578
2092,-0.02726846402958166
2093,-0.011335923161618163
2094,0.004976238983813025
2095,0.012045963591629698
2096,-0.008549522848028221
2097,0.004117860056312947
2098,0.012924104339026299
2099,-0.018268091105372815
2100,0.016975696885583785
2101,-0.01367437141954126
2102,0.021029342001011447
2103,-0.003679268087917402
2104,-0.023622332501122542
2105,-0.007999561343781755
2106,0.02200944828436539
2107,0.018578150499849167
2108,0.0162817868167396
2109,-0.02235549044295185
2110,0.04384194922920591
2111,0.015237623361446016
2112,-0.002025868509656094
2113,-0.02801547074141174
2114,-0.02724642807411189
2115,-0.003477214091590147
2116,-0.04575431337992608
2117,-0.014575236215499767
2118,0.023968329798966265
2119,0.02584853741422386
2120,0.010621185289169065
2121,0.044443587715704724
2122,-0.015765247665327296
2123,0.007494527069066526
2124,-0.012260817675947689
2125,-0.020582690478236715
2126,0.008289248018775326
2127,-0.0031503018772621586
2128,0.003558024225927443
2129,-0.01612273938854809
2130,0.007443246355186509
2131,0.03545871911116514
2132,-0.024901251129241405
2133,-0.009134531378923215
2134,0.007475439627464991
2135,0.02100277156732553
2136,0.0206130016723608
2137,-0.0017362344469812289
2138,-0.018259246012134536
2139,-0.018734132808721563
2140,-0.002527859275653082
2141,-0.020709239789827142
2142,0.019400374482558227
2143,-0.0287796296299506
2144,-0.01006352745383112
2145,0.001390563625587692
2146,-0.0017761034336116603
2147,0.017166599456062883
2148,0.007556841195366539
2149,-0.003277559822306358
2150,-0.05603461234698743
2151,0.011249977936594232
2152,0.02153864311019404
2153,-0.030481108649998135
2154,-0.01743233731571267
2155,-0.005097791364943251
2156,-0.02158457048362308
2157,0.000973770370276084
2158,-0.04256211875417388
2159,-0.010797040697847801
2160,-0.01640611347646021
2161,0.004550736092686983
2162,0.0014072123278654509
2163,-0.03384309541752176
2164,0.02507080026140151
2165,-0.002797614816996276
2166,-0.0034602604481138656
2167,0.0056579698380041015
2168,-0.025650587208668946
2169,-0.007904096707078012
2170,-0.0005723253335118094
2171,-0.019099902303301695
2172,0.027239361199755816
2173,0.01658232872974717
2174,-0.00477062659685597
2175,0.005381026201264217
2176,0.008425359200394555
2177,-0.01076052714250377
2178,0.01385720981939062
2179,0.012757482736558284
2180,-0.004275590170038111
2181,0.0022770230398047463
2182,-0.020087273357445912
2183,-0.021202611633031564
2184,-0.023827132843669507
2185,0.00020417564209004817
2186,-0.00802568651609871
2187,0.008803863381363075
2188,0.016941772131154168
2189,-0.03400285057532959
2190,0.03630363070290841
2191,-0.013670755412873116
2192,0.0013316836265670092
2193,-0.018993728857001548
2194,-0.023088960950610953
2195,0.03641340857918143
2196,-0.0023376154028036215
2197,-0.0002929599011734842
2198,-0.004513085687850104
2199,-0.03275536211787784
2200,-0.016011082432567304
2201,-0.014816510689523991
2202,0.0005552538635980376
2203,-0.02324510715548948
2204,-0.02727058246507518
2205,-0.023669251033125813
2206,0.011533782213738346
2207,0.013315745407899244
2208,0.011255938047308648
2209,0.025547370164308573
2210,0.021593874706391878
2211,0.021124481038690798
2212,-0.015433922448131718
2213,0.033831243097232185
2214,0.013373271245742339
2215,0.006135250939317961
2216,0.01216165276257903
2217,0.03222072574238625
2218,-0.004709399916334087
2219,-0.03823382423971709
2220,0.01200766199830913
2221,0.006480651625411267
2222,-0.00786636110219409
2223,0.013374630557205605
2224,-0.023564515952151237
2225,0.036416678944140565
2226,-0.02899241369698099
2227,0.05001245248130267
2228,0.007397075293199138
2229,-0.0025387610712531636
2230,0.018703937637351963
2231,-0.006793252386371287
2232,-0.006604806687170925
2233,0.013649173286848114
2234,0.015194463967152775
2235,0.0008912752058579494
2236,0.01760417972927846
2237,-0.030072975409829363
2238,0.026453387838622628
2239,-0.02611427889738695
2240,-0.010723405352626999
2241,0.03372382593625828
2242,0.011735747186919865
2243,0.023537604851981954
2244,0.025093379707408957
2245,0.03017840238931669
2246,-0.004173904073219903
2247,-0.009246926017662992
2248,-0.008412883554350171
2249,-0.02382506554810184
2250,0.02494028632244329
2251,-0.011812060402796632
2252,0.029184159883506925
2253,-0.017450543553508464
2254,0.009947888213679333
2255,-0.001582423963797623
2256,0.020118455069934656
2257,0.018433916594904533
2258,0.0008115624991908299
2259,0.006109304742288175
2260,-0.0038896129204179447
2261,0.00444568702574687
2262,0.025734722726114986
2263,-0.041122422055068227
2264,-0.01727436655963717
2265,0.009487910135334914
2266,-0.034737381033312455
2267,0.014821449404276273
2268,-0.04878850129981869
2269,0.029512607378614126
2270,0.03715388001041673
2271,0.009995866516438886
2272,0.0057378723472644565
2273,0.012936141220169336
2274,0.027318794451298093
2275,-0.022240338321535408
2276,0.009796255189472252
2277,0.00558451950771842
2278,0.01981159213035433
2279,0.02653793680644516
2280,-0.007704521647732974
2281,0.008487120158599953
2282,-0.014511024911888652
2283,0.037551356304433875
2284,-0.017443664302624576
2285,0.007891179680512384
2286,0.010729775358748717
2287,0.0026269503596374508
2288,-0.027058085434760452
2289,-0.0010751922144932981
2290,0.01505602868902391
2291,-0.00922554639882092
2292,-0.013246762979448315
2293,-0.0051731565347968396
2294,0.02881011130196378
2295,0.00043164689943408943
2296,0.014311838276633414
2297,-0.044825350641067095
2298,0.004907720643729996
2299,0.02028118507023424
2300,-0.023293429550996912
2301,0.0105868411345457
2302,-6.28783844597452e-05
2303,0.002947391294690911
2304,-0.00926892308550464
2305,-0.007812873698559332
2306,0.005306724755924118
2307,-0.0028611141008449102
2308,0.010614069431903544
2309,0.0074627428359327385
2310,-0.02573637087261959
2311,0.00016416758595879383
2312,0.006395369118918247
2313,0.006371022067622291
2314,0.024972341208851945
2315,0.018446845379088958
2316,-0.027363319838156448
2317,-0.016068623451535206
2318,-0.012321657176835995
2319,0.014854876874494273
2320,0.019602778812678873
2321,0.024854157822036378
2322,-0.006750353782376147
2323,0.01562603275797482
2324,0.0014598033100892956
2325,-0.007389043438599364
2326,-0.0013179996224206298
2327,-0.023799335366170335
2328,-0.010530081813594409
2329,-0.033012018195228754
2330,0.01704121936578532
2331,-0.0336901943306286
2332,-0.004161877366149312
2333,-0.025447185950685153
2334,0.041584114518731626
2335,0.024634604017343697
2336,0.002645043787974109
2337,-0.011567549989539077
2338,-0.016665818502689927
2339,0.02246053887758744
2340,0.00434079167831021
2341,-0.047023048116702354
2342,-0.009357635805185128
2343,0.000547186805166032
2344,0.024584581101442963
2345,-0.0011002447513785048
2346,-0.04610752358306526
2347,-0.015393649767374682
2348,-0.030977658297168625
2349,0.009901163866332927
2350,0.007130279094072647
2351,-0.012762842741543773
2352,-0.006540650171677089
2353,0.028171864710736936
2354,0.008908213127623951
2355,-0.028814212262499913
2356,0.0039364481616253
2357,0.019462335213176158
2358,2.799765163815454e-05
2359,-0.0014949921344320986
2360,-0.0496754068190714
2361,0.0009217690676811044
2362,-0.013099107112309554
2363,0.018893030352305093
2364,0.010938743531624596
2365,-0.019942341592731998
2366,0.013115041299098667
2367,0.027579390660471763
2368,0.004433772773257387
2369,0.030238196952667093
2370,-0.008779558526620176
2371,0.00012901557993557164
2372,0.0009428904611077549
2373,-0.007852373667057795
2374,0.009865146887357632
2375,0.0011296923381456992
2376,0.014944965984794552
2377,-0.023081360446709775
2378,-0.015928253218669072
2379,0.031828476117209764
2380,0.019535581405412967
2381,-0.005225092750289642
2382,-0.006627617244780771
2383,0.008575028334704665
2384,-0.0025265975178559177
2385,0.030425788723277836
2386,0.005773018357987635
2387,-0.023546683631253618
2388,-0.02509385658404648
2389,0.001322784978797814
2390,-0.023804112090159518
2391,0.01163904559057157
2392,0.03352009714836521
2393,-0.0030401915113815103
2394,-0.01746820191299546
2395,0.009904138801185377
2396,0.032292536220634535
2397,-0.00033861321924811373
2398,0.020379287484460478
2399,-0.012196808927541696
2400,-0.019729843026911432
2401,-0.010590479998463133
2402,-0.00464798612437208
2403,0.005630798588068299
2404,0.006950244595508209
2405,-0.0006736585943554872
2406,-0.006406654357246757
2407,0.01279669949796217
2408,-0.022801477186033852
2409,-0.007814919108407987
2410,0.005860017516491465
2411,-0.03366385953778186
2412,0.03161700840432206
2413,0.010029814390603978
2414,0.026734313172231794
2415,0.024933544186902797
2416,-0.01289061383574614
2417,-0.002188731278597194
2418,-0.010515799464255998
2419,0.02229148127303561
2420,-0.03163886899688971
2421,-0.011091297958531787
2422,0.012970496281691257
2423,0.021909646346736072
2424,-0.04964570759738519
2425,0.014214482955313225
2426,-0.004724521005690839
2427,-0.02371607123223746
2428,0.0008517664521842211
2429,0.009000253234389044
2430,0.014129893488979658
2431,0.013190546414444107
2432,0.0019005849295738177
2433,0.009552999731410446
2434,-0.00045301807807126464
2435,0.027545470226856796
2436,0.012239760875633493
2437,-0.016482606236622913
2438,-0.007715969208570483
2439,-0.008329688297653709
2440,0.002303258196217626
2441,-0.04205959442675556
2442,0.022685224941885906
2443,0.024006102299007726
2444,-0.01032732354256216
2445,0.045137765559925914
2446,0.02823266466706794
2447,-0.012465374700225788
2448,-0.003139668691133768
2449,-0.027156318882263282
2450,-0.00563117953297063
2451,-0.0613246450650066
2452,-0.015868225169808813
2453,-0.019269851540943576
2454,-0.005061182864290318
2455,-0.047924759081081666
2456,-0.0023937298090634567
2457,-0.008578380146761315
2458,0.015445546441022997
2459,-0.00830484049149531
2460,0.03768517252429028
2461,-0.024742611556553145
2462,-0.019870862936461543
2463,-0.020531197915850327
2464,0.01910865711361084
2465,-0.00793012774929811
2466,0.003042958348196237
2467,-0.0009885462447735058
2468,0.027805501792076314
2469,0.01863061459498942
2470,0.008200747221465673
2471,-0.0051274322339680605
2472,0.00045523658479047226
2473,-0.006356263053314563
2474,0.003861721544294049
2475,-0.032807140250788555
2476,0.004504385742410896
2477,0.0019014455065243696
2478,-0.030872332378964022
2479,-0.025420132978281353
2480,-0.005808112400196681
2481,-0.027231797636366756
2482,-0.0026333737798949143
2483,-0.009639171284848702
2484,0.008696398531845426
2485,0.0018960088517377448
2486,0.008319051032517325
2487,0.0010610427768609728
2488,-0.0022224091886071198
2489,0.009921853043586759
2490,0.03831279780734109
2491,-0.01565159836716622
2492,-0.007104821782049702
2493,-0.0012541725444430412
2494,-0.013367857760986058
2495,0.020697315376065627
2496,-0.008725290079995573
2497,-0.0010158637354704698
2498,0.01315574000377623
2499,-0.020732701006312488
2500,0.042434260098439244
2501,-0.004069136262128823
2502,0.01046849238567593
2503,-0.018301288242161873
2504,0.04524905721095297
2505,-0.017217243430360563
2506,0.00868717891531556
2507,-0.026912613817855716
2508,0.0185610270210743
2509,0.0064596179600003925
2510,-0.0002747355170031597
2511,-0.0037370622674537547
2512,0.007332170017295985
2513,0.03000742529601363
2514,0.003751426965036215
2515,0.010035984481136441
2516,-0.02051642177752588
2517,0.029634328687519314
2518,-0.03398763145850639
2519,0.02539155617806299
2520,0.0006679376567733352
2521,-0.007596269538654961
2522,0.024876904325158874
2523,-0.011349550775916348
2524,-0.005209457874356025
2525,-0.004141217517736007
2526,0.007918419475298017
2527,-0.02248892640827711
2528,-0.028557326476739062
2529,-0.03166709805685377
2530,-0.02782090849729342
2531,0.015805711798226433
2532,-0.025925157714496234
2533,-0.017363021063138705
2534,0.01702270185583939
2535,-0.00821015549912071
2536,-0.009490578872904016
2537,-0.019569391614762847
2538,0.006315502708360712
2539,-0.013407021733676394
2540,-0.021690446418255658
2541,0.007810466163525613
2542,-0.011627178428661003
2543,0.021983920006071165
2544,-0.0008021117452120618
2545,-0.020876892140021634
2546,0.008855430653712599
2547,0.004181493923934443
2548,0.014840732262579131
2549,0.031320686707945265
2550,0.005964289689270796
2551,0.015071409126646703
2552,0.002894644551680774
2553,0.010315569581006842
2554,0.002917619782343426
2555,0.02245771462612751
2556,0.012507678596883435
2557,0.013529164670641176
2558,-0.020099994564119674
2559,-0.024752219600534097
2560,-0.012996284863520738
2561,0.003821460476027526
2562,-0.0006064702613700066
2563,0.015138245919524413
2564,-0.010134788618950239
2565,-0.011031304197764474
2566,0.010226593282750865
2567,-0.005805046467589639
2568,0.02230237399137424
2569,-0.029927212205206697
2570,0.0022487973291134685
2571,0.005895902059448903
2572,-0.016884942934515274
2573,-0.01927794155710364
2574,0.010046077277633018
2575,0.02523951870718593
2576,0.003175259892063116
2577,0.016084983295865128
2578,0.008219604023467785
2579,-0.040339571482191146
2580,-0.006588301283573736
2581,0.011192181692254938
2582,0.016984523792827867
2583,-0.011151858205281135
2584,-0.008733574210733749
2585,-0.02023023266255998
2586,0.018557168121058305
2587,0.0011777016369661764
2588,0.00784840074517454
2589,0.033634286534489174
2590,-0.007078218116359799
2591,0.01354171102925633
2592,-0.023303958485934112
2593,0.0053045894122304
2594,-0.000279438649368189
2595,-0.01702564235791063
2596,-0.013354651367099507
2597,-0.026541650804593198
2598,0.017236133532125525
2599,-0.012407429293336094
2600,0.004013998688804349
2601,0.00623531126878753
2602,0.009228922658247237
2603,0.012290952258238454
2604,0.008067670839347188
2605,-0.03163091576466144
2606,0.0021269387954311668
2607,0.02199033932135475
2608,-0.01730773155343954
2609,0.02383805731149259
2610,-0.0005362596073908257
2611,0.0022807611069419727
2612,-0.020309275997930188
2613,0.027467704964362766
2614,-0.002060035288324094
2615,-0.026972811052649866
2616,0.00036080501124547386
2617,0.010146837835859792
2618,-0.0085516018352915
2619,-0.04411126266898095
2620,-0.004335363210840857
2621,0.005442811203451752
2622,0.008002126173148872
2623,-0.010074330457380999
2624,-0.030746375573725386
2625,-0.004483354922220682
2626,0.0032158723538062103
2627,0.008695366746621618
2628,-0.04171066932262201
2629,0.015903704043211116
2630,-0.005063974365913275
2631,-0.002441668630294586
2632,-0.02530310438606855
2633,-0.005449925978536737
2634,0.006982847101265429
2635,0.034870581157205253
2636,-0.00991999958559642
2637,0.018012501226044766
2638,0.0006551503000892603
2639,0.02281641688582853
2640,0.029141278948557323
2641,-0.026171942814369412
