,0
0,-4.15E-15
1,5.90E-16
2,6.05E-16
3,8.34E-16
4,8.64E-16
5,1.34E-15
6,1.37E-15
7,2.08E-15
8,2.19E-15
9,2.33E-15
10,2.69E-15
11,2.72E-15
12,3.02E-15
13,3.09E-15
14,3.09E-15
15,3.52E-15
16,3.66E-15
17,4.15E-15
18,4.28E-15
19,4.37E-15
20,4.54E-15
21,4.83E-15
22,5.00E-15
23,5.17E-15
24,5.22E-15
25,5.47E-15
26,5.56E-15
27,6.66E-15
28,6.68E-15
29,6.73E-15
30,8.69E-15
31,8.92E-15
32,8.98E-15
33,9.37E-15
34,1.01E-14
35,1.01E-14
36,1.04E-14
37,1.09E-14
38,1.11E-14
39,1.16E-14
40,1.17E-14
41,1.18E-14
42,1.18E-14
43,1.26E-14
44,1.31E-14
45,1.35E-14
46,1.36E-14
47,1.38E-14
48,1.39E-14
49,1.39E-14
50,1.41E-14
51,1.41E-14
52,1.42E-14
53,1.42E-14
54,1.43E-14
55,1.45E-14
56,1.46E-14
57,1.47E-14
58,1.48E-14
59,1.49E-14
60,1.49E-14
61,1.50E-14
62,1.53E-14
63,1.56E-14
64,1.57E-14
65,1.60E-14
66,1.62E-14
67,1.62E-14
68,1.65E-14
69,1.68E-14
70,1.70E-14
71,1.75E-14
72,1.75E-14
73,1.85E-14
74,1.90E-14
75,1.90E-14
76,1.90E-14
77,1.91E-14
78,1.92E-14
79,1.92E-14
80,1.94E-14
81,1.97E-14
82,1.98E-14
83,1.99E-14
84,2.02E-14
85,2.04E-14
86,2.07E-14
87,2.08E-14
88,2.08E-14
89,2.17E-14
90,2.20E-14
91,2.21E-14
92,2.22E-14
93,2.23E-14
94,2.24E-14
95,2.39E-14
96,2.40E-14
97,2.40E-14
98,2.41E-14
99,2.42E-14
100,2.44E-14
101,2.45E-14
102,2.47E-14
103,2.48E-14
104,2.53E-14
105,2.55E-14
106,2.55E-14
107,2.59E-14
108,2.59E-14
109,2.61E-14
110,2.63E-14
111,2.64E-14
112,2.68E-14
113,2.70E-14
114,2.70E-14
115,2.70E-14
116,2.72E-14
117,2.72E-14
118,2.74E-14
119,2.79E-14
120,2.80E-14
121,2.85E-14
122,2.87E-14
123,2.87E-14
124,2.90E-14
125,2.91E-14
126,2.91E-14
127,2.91E-14
128,2.94E-14
129,2.94E-14
130,2.94E-14
131,2.94E-14
132,2.94E-14
133,2.94E-14
134,2.94E-14
135,2.97E-14
136,2.97E-14
137,2.98E-14
138,3.03E-14
139,3.03E-14
140,3.04E-14
141,3.04E-14
142,3.05E-14
143,3.05E-14
144,3.09E-14
145,3.10E-14
146,3.11E-14
147,3.12E-14
148,3.13E-14
149,3.17E-14
150,3.20E-14
151,3.21E-14
152,3.21E-14
153,3.22E-14
154,3.22E-14
155,3.23E-14
156,3.23E-14
157,3.23E-14
158,3.24E-14
159,3.24E-14
160,3.25E-14
161,3.26E-14
162,3.27E-14
163,3.29E-14
164,3.30E-14
165,3.30E-14
166,3.32E-14
167,3.32E-14
168,3.33E-14
169,3.33E-14
170,3.34E-14
171,3.36E-14
172,3.37E-14
173,3.37E-14
174,3.38E-14
175,3.40E-14
176,3.40E-14
177,3.42E-14
178,3.42E-14
179,3.42E-14
180,3.43E-14
181,3.45E-14
182,3.46E-14
183,3.46E-14
184,3.50E-14
185,3.54E-14
186,3.56E-14
187,3.56E-14
188,3.58E-14
189,3.60E-14
190,3.60E-14
191,3.60E-14
192,3.60E-14
193,3.61E-14
194,3.64E-14
195,3.64E-14
196,3.66E-14
197,3.67E-14
198,3.68E-14
199,3.69E-14
200,3.70E-14
201,3.71E-14
202,3.72E-14
203,3.72E-14
204,3.75E-14
205,3.86E-14
206,3.87E-14
207,3.87E-14
208,3.89E-14
209,3.90E-14
210,3.94E-14
211,3.95E-14
212,3.96E-14
213,3.96E-14
214,3.97E-14
215,3.97E-14
216,4.00E-14
217,4.03E-14
218,4.03E-14
219,4.07E-14
220,4.07E-14
221,4.10E-14
222,4.11E-14
223,4.13E-14
224,4.13E-14
225,4.16E-14
226,4.17E-14
227,4.19E-14
228,4.20E-14
229,4.23E-14
230,4.23E-14
231,4.28E-14
232,4.29E-14
233,4.33E-14
234,4.33E-14
235,4.33E-14
236,4.34E-14
237,4.35E-14
238,4.36E-14
239,4.37E-14
240,4.38E-14
241,4.39E-14
242,4.40E-14
243,4.40E-14
244,4.40E-14
245,4.41E-14
246,4.42E-14
247,4.45E-14
248,4.46E-14
249,4.46E-14
250,4.46E-14
251,4.47E-14
252,4.47E-14
253,4.48E-14
254,4.49E-14
255,4.50E-14
256,4.50E-14
257,4.51E-14
258,4.51E-14
259,4.52E-14
260,4.54E-14
261,4.57E-14
262,4.57E-14
263,4.57E-14
264,4.59E-14
265,4.59E-14
266,4.60E-14
267,4.62E-14
268,4.62E-14
269,4.63E-14
270,4.64E-14
271,4.65E-14
272,4.67E-14
273,4.67E-14
274,4.69E-14
275,4.69E-14
276,4.70E-14
277,4.71E-14
278,4.74E-14
279,4.80E-14
280,4.82E-14
281,4.83E-14
282,4.83E-14
283,4.84E-14
284,4.84E-14
285,4.85E-14
286,4.88E-14
287,4.91E-14
288,4.91E-14
289,4.92E-14
290,4.92E-14
291,4.94E-14
292,4.94E-14
293,4.94E-14
294,4.97E-14
295,4.97E-14
296,4.99E-14
297,5.00E-14
298,5.01E-14
299,5.02E-14
300,5.05E-14
301,5.14E-14
302,5.15E-14
303,5.17E-14
304,5.18E-14
305,5.18E-14
306,5.21E-14
307,5.21E-14
308,5.23E-14
309,5.26E-14
310,5.26E-14
311,5.28E-14
312,5.29E-14
313,5.29E-14
314,5.29E-14
315,5.30E-14
316,5.30E-14
317,5.30E-14
318,5.33E-14
319,5.34E-14
320,5.36E-14
321,5.36E-14
322,5.38E-14
323,5.38E-14
324,5.39E-14
325,5.40E-14
326,5.40E-14
327,5.40E-14
328,5.45E-14
329,5.46E-14
330,5.46E-14
331,5.49E-14
332,5.50E-14
333,5.50E-14
334,5.52E-14
335,5.53E-14
336,5.54E-14
337,5.55E-14
338,5.55E-14
339,5.55E-14
340,5.55E-14
341,5.59E-14
342,5.59E-14
343,5.59E-14
344,5.59E-14
345,5.59E-14
346,5.60E-14
347,5.63E-14
348,5.65E-14
349,5.66E-14
350,5.67E-14
351,5.69E-14
352,5.69E-14
353,5.69E-14
354,5.70E-14
355,5.75E-14
356,5.75E-14
357,5.77E-14
358,5.78E-14
359,5.79E-14
360,5.79E-14
361,5.81E-14
362,5.82E-14
363,5.84E-14
364,5.85E-14
365,5.88E-14
366,5.90E-14
367,5.93E-14
368,5.96E-14
369,6.00E-14
370,6.00E-14
371,6.02E-14
372,6.03E-14
373,6.03E-14
374,6.06E-14
375,6.07E-14
376,6.15E-14
377,6.15E-14
378,6.15E-14
379,6.17E-14
380,6.18E-14
381,6.19E-14
382,6.20E-14
383,6.22E-14
384,6.24E-14
385,6.24E-14
386,6.24E-14
387,6.25E-14
388,6.27E-14
389,6.27E-14
390,6.27E-14
391,6.28E-14
392,6.28E-14
393,6.29E-14
394,6.29E-14
395,6.29E-14
396,6.30E-14
397,6.30E-14
398,6.30E-14
399,6.33E-14
400,6.34E-14
401,6.35E-14
402,6.36E-14
403,6.36E-14
404,6.37E-14
405,6.40E-14
406,6.41E-14
407,6.44E-14
408,6.44E-14
409,6.45E-14
410,6.47E-14
411,6.48E-14
412,6.48E-14
413,6.48E-14
414,6.48E-14
415,6.49E-14
416,6.52E-14
417,6.54E-14
418,6.56E-14
419,6.58E-14
420,6.59E-14
421,6.64E-14
422,6.65E-14
423,6.66E-14
424,6.69E-14
425,6.70E-14
426,6.71E-14
427,6.71E-14
428,6.73E-14
429,6.74E-14
430,6.76E-14
431,6.77E-14
432,6.83E-14
433,6.83E-14
434,6.84E-14
435,6.85E-14
436,6.86E-14
437,6.89E-14
438,6.93E-14
439,6.93E-14
440,6.94E-14
441,6.96E-14
442,6.98E-14
443,6.98E-14
444,6.98E-14
445,6.99E-14
446,7.01E-14
447,7.02E-14
448,7.02E-14
449,7.02E-14
450,7.03E-14
451,7.03E-14
452,7.08E-14
453,7.11E-14
454,7.11E-14
455,7.14E-14
456,7.14E-14
457,7.14E-14
458,7.14E-14
459,7.15E-14
460,7.16E-14
461,7.17E-14
462,7.17E-14
463,7.17E-14
464,7.24E-14
465,7.24E-14
466,7.25E-14
467,7.26E-14
468,7.27E-14
469,7.30E-14
470,7.30E-14
471,7.31E-14
472,7.32E-14
473,7.32E-14
474,7.32E-14
475,7.35E-14
476,7.36E-14
477,7.36E-14
478,7.38E-14
479,7.39E-14
480,7.42E-14
481,7.44E-14
482,7.44E-14
483,7.46E-14
484,7.53E-14
485,7.55E-14
486,7.56E-14
487,7.56E-14
488,7.57E-14
489,7.58E-14
490,7.60E-14
491,7.62E-14
492,7.66E-14
493,7.69E-14
494,7.69E-14
495,7.69E-14
496,7.69E-14
497,7.70E-14
498,7.72E-14
499,7.74E-14
500,7.74E-14
501,7.78E-14
502,7.78E-14
503,7.80E-14
504,7.81E-14
505,7.84E-14
506,7.84E-14
507,7.85E-14
508,7.85E-14
509,7.88E-14
510,7.88E-14
511,7.88E-14
512,7.91E-14
513,7.92E-14
514,7.93E-14
515,7.95E-14
516,7.95E-14
517,7.99E-14
518,8.00E-14
519,8.03E-14
520,8.03E-14
521,8.06E-14
522,8.08E-14
523,8.09E-14
524,8.12E-14
525,8.13E-14
526,8.16E-14
527,8.17E-14
528,8.17E-14
529,8.21E-14
530,8.24E-14
531,8.25E-14
532,8.25E-14
533,8.26E-14
534,8.30E-14
535,8.30E-14
536,8.31E-14
537,8.34E-14
538,8.34E-14
539,8.35E-14
540,8.35E-14
541,8.36E-14
542,8.37E-14
543,8.37E-14
544,8.40E-14
545,8.41E-14
546,8.41E-14
547,8.41E-14
548,8.42E-14
549,8.44E-14
550,8.47E-14
551,8.48E-14
552,8.51E-14
553,8.53E-14
554,8.55E-14
555,8.55E-14
556,8.55E-14
557,8.60E-14
558,8.63E-14
559,8.65E-14
560,8.67E-14
561,8.67E-14
562,8.67E-14
563,8.67E-14
564,8.69E-14
565,8.72E-14
566,8.72E-14
567,8.74E-14
568,8.74E-14
569,8.77E-14
570,8.79E-14
571,8.79E-14
572,8.80E-14
573,8.81E-14
574,8.84E-14
575,8.85E-14
576,8.86E-14
577,8.87E-14
578,8.88E-14
579,8.89E-14
580,8.92E-14
581,8.93E-14
582,8.93E-14
583,8.94E-14
584,8.94E-14
585,8.96E-14
586,8.97E-14
587,8.97E-14
588,8.97E-14
589,8.98E-14
590,8.98E-14
591,9.02E-14
592,9.09E-14
593,9.12E-14
594,9.14E-14
595,9.17E-14
596,9.17E-14
597,9.20E-14
598,9.21E-14
599,9.21E-14
600,9.21E-14
601,9.24E-14
602,9.25E-14
603,9.26E-14
604,9.29E-14
605,9.29E-14
606,9.30E-14
607,9.31E-14
608,9.33E-14
609,9.34E-14
610,9.36E-14
611,9.39E-14
612,9.39E-14
613,9.41E-14
614,9.41E-14
615,9.41E-14
616,9.47E-14
617,9.48E-14
618,9.49E-14
619,9.54E-14
620,9.55E-14
621,9.58E-14
622,9.58E-14
623,9.60E-14
624,9.60E-14
625,9.62E-14
626,9.64E-14
627,9.64E-14
628,9.64E-14
629,9.66E-14
630,9.69E-14
631,9.72E-14
632,9.75E-14
633,9.76E-14
634,9.76E-14
635,9.80E-14
636,9.81E-14
637,9.84E-14
638,9.85E-14
639,9.85E-14
640,9.87E-14
641,9.89E-14
642,9.89E-14
643,9.89E-14
644,9.91E-14
645,9.93E-14
646,1.00E-13
647,1.00E-13
648,1.00E-13
649,1.00E-13
650,1.01E-13
651,1.01E-13
652,1.01E-13
653,1.01E-13
654,1.01E-13
655,1.01E-13
656,1.01E-13
657,1.02E-13
658,1.02E-13
659,1.02E-13
660,1.02E-13
661,1.02E-13
662,1.02E-13
663,1.02E-13
664,1.02E-13
665,1.03E-13
666,1.03E-13
667,1.03E-13
668,1.03E-13
669,1.03E-13
670,1.03E-13
671,1.04E-13
672,1.04E-13
673,1.04E-13
674,1.04E-13
675,1.04E-13
676,1.04E-13
677,1.05E-13
678,1.05E-13
679,1.05E-13
680,1.05E-13
681,1.05E-13
682,1.05E-13
683,1.05E-13
684,1.05E-13
685,1.05E-13
686,1.06E-13
687,1.06E-13
688,1.06E-13
689,1.07E-13
690,1.07E-13
691,1.07E-13
692,1.07E-13
693,1.07E-13
694,1.07E-13
695,1.07E-13
696,1.08E-13
697,1.08E-13
698,1.08E-13
699,1.08E-13
700,1.08E-13
701,1.09E-13
702,1.09E-13
703,1.09E-13
704,1.09E-13
705,1.09E-13
706,1.09E-13
707,1.10E-13
708,1.10E-13
709,1.10E-13
710,1.10E-13
711,1.10E-13
712,1.10E-13
713,1.10E-13
714,1.10E-13
715,1.10E-13
716,1.11E-13
717,1.11E-13
718,1.12E-13
719,1.12E-13
720,1.13E-13
721,1.13E-13
722,1.13E-13
723,1.13E-13
724,1.13E-13
725,1.13E-13
726,1.13E-13
727,1.13E-13
728,1.13E-13
729,1.13E-13
730,1.13E-13
731,1.14E-13
732,1.14E-13
733,1.14E-13
734,1.14E-13
735,1.14E-13
736,1.15E-13
737,1.15E-13
738,1.15E-13
739,1.16E-13
740,1.16E-13
741,1.16E-13
742,1.16E-13
743,1.16E-13
744,1.16E-13
745,1.16E-13
746,1.16E-13
747,1.16E-13
748,1.16E-13
749,1.17E-13
750,1.17E-13
751,1.17E-13
752,1.17E-13
753,1.17E-13
754,1.18E-13
755,1.18E-13
756,1.19E-13
757,1.19E-13
758,1.19E-13
759,1.19E-13
760,1.19E-13
761,1.20E-13
762,1.20E-13
763,1.20E-13
764,1.20E-13
765,1.20E-13
766,1.20E-13
767,1.20E-13
768,1.20E-13
769,1.21E-13
770,1.21E-13
771,1.21E-13
772,1.22E-13
773,1.22E-13
774,1.22E-13
775,1.22E-13
776,1.22E-13
777,1.22E-13
778,1.23E-13
779,1.23E-13
780,1.23E-13
781,1.23E-13
782,1.23E-13
783,1.24E-13
784,1.24E-13
785,1.25E-13
786,1.25E-13
787,1.25E-13
788,1.25E-13
789,1.25E-13
790,1.25E-13
791,1.26E-13
792,1.26E-13
793,1.26E-13
794,1.26E-13
795,1.26E-13
796,1.26E-13
797,1.26E-13
798,1.27E-13
799,1.27E-13
800,1.27E-13
801,1.27E-13
802,1.27E-13
803,1.27E-13
804,1.27E-13
805,1.27E-13
806,1.28E-13
807,1.28E-13
808,1.28E-13
809,1.28E-13
810,1.28E-13
811,1.29E-13
812,1.29E-13
813,1.29E-13
814,1.30E-13
815,1.30E-13
816,1.30E-13
817,1.30E-13
818,1.30E-13
819,1.30E-13
820,1.31E-13
821,1.31E-13
822,1.31E-13
823,1.31E-13
824,1.31E-13
825,1.32E-13
826,1.33E-13
827,1.33E-13
828,1.34E-13
829,1.34E-13
830,1.34E-13
831,1.34E-13
832,1.34E-13
833,1.34E-13
834,1.34E-13
835,1.34E-13
836,1.34E-13
837,1.34E-13
838,1.35E-13
839,1.35E-13
840,1.35E-13
841,1.35E-13
842,1.36E-13
843,1.36E-13
844,1.36E-13
845,1.36E-13
846,1.36E-13
847,1.37E-13
848,1.37E-13
849,1.37E-13
850,1.37E-13
851,1.37E-13
852,1.38E-13
853,1.38E-13
854,1.38E-13
855,1.38E-13
856,1.38E-13
857,1.38E-13
858,1.38E-13
859,1.38E-13
860,1.39E-13
861,1.39E-13
862,1.39E-13
863,1.39E-13
864,1.39E-13
865,1.40E-13
866,1.40E-13
867,1.40E-13
868,1.41E-13
869,1.41E-13
870,1.41E-13
871,1.41E-13
872,1.41E-13
873,1.42E-13
874,1.42E-13
875,1.42E-13
876,1.42E-13
877,1.42E-13
878,1.42E-13
879,1.43E-13
880,1.43E-13
881,1.43E-13
882,1.43E-13
883,1.43E-13
884,1.44E-13
885,1.44E-13
886,1.44E-13
887,1.45E-13
888,1.45E-13
889,1.46E-13
890,1.46E-13
891,1.46E-13
892,1.46E-13
893,1.46E-13
894,1.46E-13
895,1.46E-13
896,1.47E-13
897,1.47E-13
898,1.47E-13
899,1.47E-13
900,1.47E-13
901,1.48E-13
902,1.48E-13
903,1.49E-13
904,1.49E-13
905,1.49E-13
906,1.49E-13
907,1.49E-13
908,1.49E-13
909,1.50E-13
910,1.50E-13
911,1.50E-13
912,1.50E-13
913,1.51E-13
914,1.51E-13
915,1.51E-13
916,1.51E-13
917,1.51E-13
918,1.52E-13
919,1.52E-13
920,1.52E-13
921,1.52E-13
922,1.52E-13
923,1.52E-13
924,1.53E-13
925,1.54E-13
926,1.54E-13
927,1.54E-13
928,1.54E-13
929,1.54E-13
930,1.54E-13
931,1.55E-13
932,1.55E-13
933,1.55E-13
934,1.55E-13
935,1.55E-13
936,1.55E-13
937,1.56E-13
938,1.56E-13
939,1.56E-13
940,1.57E-13
941,1.57E-13
942,1.57E-13
943,1.57E-13
944,1.57E-13
945,1.57E-13
946,1.57E-13
947,1.58E-13
948,1.58E-13
949,1.58E-13
950,1.59E-13
951,1.59E-13
952,1.59E-13
953,1.59E-13
954,1.60E-13
955,1.60E-13
956,1.61E-13
957,1.61E-13
958,1.61E-13
959,1.62E-13
960,1.62E-13
961,1.62E-13
962,1.63E-13
963,1.63E-13
964,1.63E-13
965,1.63E-13
966,1.63E-13
967,1.64E-13
968,1.64E-13
969,1.64E-13
970,1.64E-13
971,1.64E-13
972,1.64E-13
973,1.64E-13
974,1.65E-13
975,1.65E-13
976,1.65E-13
977,1.65E-13
978,1.65E-13
979,1.66E-13
980,1.66E-13
981,1.66E-13
982,1.67E-13
983,1.67E-13
984,1.67E-13
985,1.67E-13
986,1.67E-13
987,1.68E-13
988,1.68E-13
989,1.69E-13
990,1.70E-13
991,1.70E-13
992,1.70E-13
993,1.70E-13
994,1.71E-13
995,1.71E-13
996,1.71E-13
997,1.72E-13
998,1.72E-13
999,1.72E-13
1000,1.72E-13
1001,1.72E-13
1002,1.72E-13
1003,1.73E-13
1004,1.73E-13
1005,1.74E-13
1006,1.74E-13
1007,1.74E-13
1008,1.74E-13
1009,1.74E-13
1010,1.75E-13
1011,1.75E-13
1012,1.76E-13
1013,1.76E-13
1014,1.76E-13
1015,1.77E-13
1016,1.77E-13
1017,1.77E-13
1018,1.77E-13
1019,1.77E-13
1020,1.77E-13
1021,1.77E-13
1022,1.77E-13
1023,1.78E-13
1024,1.78E-13
1025,1.78E-13
1026,1.78E-13
1027,1.79E-13
1028,1.79E-13
1029,1.79E-13
1030,1.79E-13
1031,1.80E-13
1032,1.80E-13
1033,1.80E-13
1034,1.80E-13
1035,1.81E-13
1036,1.81E-13
1037,1.81E-13
1038,1.81E-13
1039,1.81E-13
1040,1.81E-13
1041,1.82E-13
1042,1.82E-13
1043,1.83E-13
1044,1.83E-13
1045,1.84E-13
1046,1.85E-13
1047,1.85E-13
1048,1.85E-13
1049,1.86E-13
1050,1.86E-13
1051,1.86E-13
1052,1.86E-13
1053,1.86E-13
1054,1.86E-13
1055,1.87E-13
1056,1.87E-13
1057,1.87E-13
1058,1.87E-13
1059,1.87E-13
1060,1.88E-13
1061,1.88E-13
1062,1.88E-13
1063,1.89E-13
1064,1.89E-13
1065,1.89E-13
1066,1.89E-13
1067,1.90E-13
1068,1.90E-13
1069,1.90E-13
1070,1.90E-13
1071,1.90E-13
1072,1.91E-13
1073,1.91E-13
1074,1.91E-13
1075,1.91E-13
1076,1.91E-13
1077,1.91E-13
1078,1.91E-13
1079,1.94E-13
1080,1.94E-13
1081,1.94E-13
1082,1.94E-13
1083,1.94E-13
1084,1.94E-13
1085,1.95E-13
1086,1.95E-13
1087,1.95E-13
1088,1.95E-13
1089,1.96E-13
1090,1.96E-13
1091,1.96E-13
1092,1.97E-13
1093,1.97E-13
1094,1.98E-13
1095,1.98E-13
1096,1.98E-13
1097,1.98E-13
1098,1.98E-13
1099,1.99E-13
1100,2.00E-13
1101,2.00E-13
1102,2.01E-13
1103,2.01E-13
1104,2.01E-13
1105,2.01E-13
1106,2.01E-13
1107,2.02E-13
1108,2.02E-13
1109,2.02E-13
1110,2.02E-13
1111,2.03E-13
1112,2.03E-13
1113,2.03E-13
1114,2.04E-13
1115,2.04E-13
1116,2.05E-13
1117,2.06E-13
1118,2.06E-13
1119,2.06E-13
1120,2.07E-13
1121,2.07E-13
1122,2.07E-13
1123,2.07E-13
1124,2.08E-13
1125,2.08E-13
1126,2.08E-13
1127,2.08E-13
1128,2.09E-13
1129,2.09E-13
1130,2.09E-13
1131,2.10E-13
1132,2.10E-13
1133,2.10E-13
1134,2.11E-13
1135,2.11E-13
1136,2.12E-13
1137,2.12E-13
1138,2.12E-13
1139,2.12E-13
1140,2.12E-13
1141,2.13E-13
1142,2.13E-13
1143,2.13E-13
1144,2.13E-13
1145,2.14E-13
1146,2.14E-13
1147,2.14E-13
1148,2.14E-13
1149,2.16E-13
1150,2.16E-13
1151,2.16E-13
1152,2.17E-13
1153,2.17E-13
1154,2.17E-13
1155,2.17E-13
1156,2.17E-13
1157,2.18E-13
1158,2.18E-13
1159,2.18E-13
1160,2.19E-13
1161,2.20E-13
1162,2.20E-13
1163,2.21E-13
1164,2.21E-13
1165,2.21E-13
1166,2.21E-13
1167,2.21E-13
1168,2.21E-13
1169,2.21E-13
1170,2.22E-13
1171,2.22E-13
1172,2.23E-13
1173,2.23E-13
1174,2.24E-13
1175,2.25E-13
1176,2.25E-13
1177,2.25E-13
1178,2.26E-13
1179,2.26E-13
1180,2.26E-13
1181,2.26E-13
1182,2.27E-13
1183,2.27E-13
1184,2.27E-13
1185,2.27E-13
1186,2.28E-13
1187,2.29E-13
1188,2.29E-13
1189,2.29E-13
1190,2.29E-13
1191,2.29E-13
1192,2.30E-13
1193,2.30E-13
1194,2.30E-13
1195,2.30E-13
1196,2.30E-13
1197,2.31E-13
1198,2.31E-13
1199,2.32E-13
1200,2.32E-13
1201,2.32E-13
1202,2.33E-13
1203,2.33E-13
1204,2.33E-13
1205,2.33E-13
1206,2.34E-13
1207,2.34E-13
1208,2.34E-13
1209,2.35E-13
1210,2.35E-13
1211,2.35E-13
1212,2.36E-13
1213,2.36E-13
1214,2.37E-13
1215,2.37E-13
1216,2.37E-13
1217,2.38E-13
1218,2.38E-13
1219,2.38E-13
1220,2.38E-13
1221,2.38E-13
1222,2.39E-13
1223,2.39E-13
1224,2.40E-13
1225,2.40E-13
1226,2.40E-13
1227,2.41E-13
1228,2.41E-13
1229,2.41E-13
1230,2.42E-13
1231,2.43E-13
1232,2.44E-13
1233,2.44E-13
1234,2.44E-13
1235,2.44E-13
1236,2.45E-13
1237,2.46E-13
1238,2.46E-13
1239,2.46E-13
1240,2.47E-13
1241,2.48E-13
1242,2.48E-13
1243,2.48E-13
1244,2.48E-13
1245,2.48E-13
1246,2.49E-13
1247,2.49E-13
1248,2.50E-13
1249,2.50E-13
1250,2.50E-13
1251,2.51E-13
1252,2.51E-13
1253,2.51E-13
1254,2.52E-13
1255,2.53E-13
1256,2.53E-13
1257,2.54E-13
1258,2.54E-13
1259,2.55E-13
1260,2.55E-13
1261,2.56E-13
1262,2.56E-13
1263,2.56E-13
1264,2.56E-13
1265,2.56E-13
1266,2.57E-13
1267,2.58E-13
1268,2.59E-13
1269,2.59E-13
1270,2.59E-13
1271,2.59E-13
1272,2.59E-13
1273,2.59E-13
1274,2.59E-13
1275,2.59E-13
1276,2.60E-13
1277,2.60E-13
1278,2.61E-13
1279,2.61E-13
1280,2.62E-13
1281,2.62E-13
1282,2.62E-13
1283,2.63E-13
1284,2.63E-13
1285,2.64E-13
1286,2.64E-13
1287,2.64E-13
1288,2.64E-13
1289,2.65E-13
1290,2.65E-13
1291,2.65E-13
1292,2.66E-13
1293,2.66E-13
1294,2.68E-13
1295,2.69E-13
1296,2.70E-13
1297,2.70E-13
1298,2.70E-13
1299,2.70E-13
1300,2.70E-13
1301,2.71E-13
1302,2.71E-13
1303,2.72E-13
1304,2.72E-13
1305,2.73E-13
1306,2.74E-13
1307,2.74E-13
1308,2.74E-13
1309,2.75E-13
1310,2.75E-13
1311,2.75E-13
1312,2.75E-13
1313,2.76E-13
1314,2.76E-13
1315,2.77E-13
1316,2.77E-13
1317,2.77E-13
1318,2.77E-13
1319,2.77E-13
1320,2.78E-13
1321,2.78E-13
1322,2.79E-13
1323,2.79E-13
1324,2.81E-13
1325,2.81E-13
1326,2.82E-13
1327,2.82E-13
1328,2.82E-13
1329,2.83E-13
1330,2.84E-13
1331,2.85E-13
1332,2.85E-13
1333,2.85E-13
1334,2.86E-13
1335,2.86E-13
1336,2.86E-13
1337,2.86E-13
1338,2.86E-13
1339,2.87E-13
1340,2.88E-13
1341,2.88E-13
1342,2.90E-13
1343,2.90E-13
1344,2.91E-13
1345,2.91E-13
1346,2.92E-13
1347,2.92E-13
1348,2.92E-13
1349,2.92E-13
1350,2.93E-13
1351,2.93E-13
1352,2.93E-13
1353,2.94E-13
1354,2.94E-13
1355,2.95E-13
1356,2.95E-13
1357,2.95E-13
1358,2.96E-13
1359,2.96E-13
1360,2.96E-13
1361,2.96E-13
1362,2.97E-13
1363,2.97E-13
1364,2.97E-13
1365,2.99E-13
1366,2.99E-13
1367,2.99E-13
1368,2.99E-13
1369,2.99E-13
1370,3.00E-13
1371,3.00E-13
1372,3.01E-13
1373,3.02E-13
1374,3.02E-13
1375,3.03E-13
1376,3.03E-13
1377,3.04E-13
1378,3.04E-13
1379,3.04E-13
1380,3.05E-13
1381,3.05E-13
1382,3.05E-13
1383,3.07E-13
1384,3.07E-13
1385,3.10E-13
1386,3.10E-13
1387,3.10E-13
1388,3.11E-13
1389,3.12E-13
1390,3.12E-13
1391,3.13E-13
1392,3.13E-13
1393,3.14E-13
1394,3.14E-13
1395,3.15E-13
1396,3.15E-13
1397,3.15E-13
1398,3.16E-13
1399,3.16E-13
1400,3.16E-13
1401,3.17E-13
1402,3.17E-13
1403,3.17E-13
1404,3.17E-13
1405,3.17E-13
1406,3.17E-13
1407,3.17E-13
1408,3.18E-13
1409,3.19E-13
1410,3.19E-13
1411,3.19E-13
1412,3.21E-13
1413,3.21E-13
1414,3.23E-13
1415,3.23E-13
1416,3.24E-13
1417,3.24E-13
1418,3.24E-13
1419,3.24E-13
1420,3.25E-13
1421,3.25E-13
1422,3.26E-13
1423,3.27E-13
1424,3.27E-13
1425,3.28E-13
1426,3.29E-13
1427,3.30E-13
1428,3.30E-13
1429,3.31E-13
1430,3.31E-13
1431,3.31E-13
1432,3.32E-13
1433,3.33E-13
1434,3.33E-13
1435,3.33E-13
1436,3.34E-13
1437,3.34E-13
1438,3.35E-13
1439,3.35E-13
1440,3.36E-13
1441,3.36E-13
1442,3.36E-13
1443,3.36E-13
1444,3.37E-13
1445,3.37E-13
1446,3.37E-13
1447,3.38E-13
1448,3.39E-13
1449,3.39E-13
1450,3.39E-13
1451,3.39E-13
1452,3.40E-13
1453,3.40E-13
1454,3.41E-13
1455,3.43E-13
1456,3.43E-13
1457,3.43E-13
1458,3.44E-13
1459,3.47E-13
1460,3.47E-13
1461,3.48E-13
1462,3.48E-13
1463,3.48E-13
1464,3.49E-13
1465,3.50E-13
1466,3.50E-13
1467,3.50E-13
1468,3.50E-13
1469,3.51E-13
1470,3.52E-13
1471,3.53E-13
1472,3.54E-13
1473,3.54E-13
1474,3.55E-13
1475,3.56E-13
1476,3.56E-13
1477,3.56E-13
1478,3.57E-13
1479,3.58E-13
1480,3.58E-13
1481,3.58E-13
1482,3.59E-13
1483,3.60E-13
1484,3.60E-13
1485,3.61E-13
1486,3.62E-13
1487,3.62E-13
1488,3.63E-13
1489,3.63E-13
1490,3.64E-13
1491,3.64E-13
1492,3.65E-13
1493,3.65E-13
1494,3.66E-13
1495,3.66E-13
1496,3.67E-13
1497,3.67E-13
1498,3.69E-13
1499,3.69E-13
1500,3.70E-13
1501,3.71E-13
1502,3.71E-13
1503,3.72E-13
1504,3.74E-13
1505,3.74E-13
1506,3.74E-13
1507,3.75E-13
1508,3.75E-13
1509,3.76E-13
1510,3.76E-13
1511,3.76E-13
1512,3.77E-13
1513,3.77E-13
1514,3.77E-13
1515,3.78E-13
1516,3.79E-13
1517,3.79E-13
1518,3.80E-13
1519,3.80E-13
1520,3.81E-13
1521,3.81E-13
1522,3.82E-13
1523,3.82E-13
1524,3.83E-13
1525,3.85E-13
1526,3.85E-13
1527,3.86E-13
1528,3.86E-13
1529,3.86E-13
1530,3.87E-13
1531,3.87E-13
1532,3.87E-13
1533,3.90E-13
1534,3.90E-13
1535,3.91E-13
1536,3.93E-13
1537,3.93E-13
1538,3.94E-13
1539,3.95E-13
1540,3.96E-13
1541,3.97E-13
1542,3.98E-13
1543,3.98E-13
1544,4.00E-13
1545,4.01E-13
1546,4.01E-13
1547,4.02E-13
1548,4.02E-13
1549,4.03E-13
1550,4.03E-13
1551,4.03E-13
1552,4.04E-13
1553,4.04E-13
1554,4.05E-13
1555,4.05E-13
1556,4.06E-13
1557,4.08E-13
1558,4.08E-13
1559,4.09E-13
1560,4.09E-13
1561,4.09E-13
1562,4.10E-13
1563,4.11E-13
1564,4.11E-13
1565,4.13E-13
1566,4.14E-13
1567,4.15E-13
1568,4.15E-13
1569,4.16E-13
1570,4.17E-13
1571,4.18E-13
1572,4.19E-13
1573,4.19E-13
1574,4.19E-13
1575,4.19E-13
1576,4.20E-13
1577,4.21E-13
1578,4.22E-13
1579,4.22E-13
1580,4.22E-13
1581,4.23E-13
1582,4.24E-13
1583,4.25E-13
1584,4.25E-13
1585,4.25E-13
1586,4.26E-13
1587,4.26E-13
1588,4.26E-13
1589,4.26E-13
1590,4.27E-13
1591,4.27E-13
1592,4.28E-13
1593,4.28E-13
1594,4.29E-13
1595,4.30E-13
1596,4.31E-13
1597,4.36E-13
1598,4.36E-13
1599,4.38E-13
1600,4.38E-13
1601,4.38E-13
1602,4.39E-13
1603,4.40E-13
1604,4.41E-13
1605,4.41E-13
1606,4.42E-13
1607,4.43E-13
1608,4.44E-13
1609,4.44E-13
1610,4.44E-13
1611,4.45E-13
1612,4.45E-13
1613,4.45E-13
1614,4.45E-13
1615,4.45E-13
1616,4.46E-13
1617,4.48E-13
1618,4.49E-13
1619,4.50E-13
1620,4.53E-13
1621,4.53E-13
1622,4.54E-13
1623,4.54E-13
1624,4.54E-13
1625,4.54E-13
1626,4.55E-13
1627,4.55E-13
1628,4.56E-13
1629,4.57E-13
1630,4.58E-13
1631,4.59E-13
1632,4.60E-13
1633,4.61E-13
1634,4.63E-13
1635,4.65E-13
1636,4.65E-13
1637,4.66E-13
1638,4.67E-13
1639,4.67E-13
1640,4.70E-13
1641,4.70E-13
1642,4.71E-13
1643,4.72E-13
1644,4.73E-13
1645,4.74E-13
1646,4.74E-13
1647,4.75E-13
1648,4.75E-13
1649,4.76E-13
1650,4.76E-13
1651,4.79E-13
1652,4.79E-13
1653,4.81E-13
1654,4.81E-13
1655,4.81E-13
1656,4.81E-13
1657,4.82E-13
1658,4.82E-13
1659,4.83E-13
1660,4.84E-13
1661,4.85E-13
1662,4.85E-13
1663,4.86E-13
1664,4.86E-13
1665,4.87E-13
1666,4.89E-13
1667,4.89E-13
1668,4.91E-13
1669,4.91E-13
1670,4.92E-13
1671,4.92E-13
1672,4.93E-13
1673,4.93E-13
1674,4.96E-13
1675,4.97E-13
1676,4.98E-13
1677,4.98E-13
1678,4.99E-13
1679,5.00E-13
1680,5.00E-13
1681,5.00E-13
1682,5.01E-13
1683,5.02E-13
1684,5.02E-13
1685,5.04E-13
1686,5.08E-13
1687,5.09E-13
1688,5.09E-13
1689,5.09E-13
1690,5.11E-13
1691,5.12E-13
1692,5.12E-13
1693,5.13E-13
1694,5.14E-13
1695,5.17E-13
1696,5.17E-13
1697,5.18E-13
1698,5.21E-13
1699,5.22E-13
1700,5.23E-13
1701,5.24E-13
1702,5.24E-13
1703,5.25E-13
1704,5.27E-13
1705,5.27E-13
1706,5.27E-13
1707,5.29E-13
1708,5.31E-13
1709,5.32E-13
1710,5.33E-13
1711,5.34E-13
1712,5.34E-13
1713,5.35E-13
1714,5.35E-13
1715,5.35E-13
1716,5.36E-13
1717,5.39E-13
1718,5.39E-13
1719,5.39E-13
1720,5.40E-13
1721,5.41E-13
1722,5.41E-13
1723,5.43E-13
1724,5.43E-13
1725,5.44E-13
1726,5.46E-13
1727,5.46E-13
1728,5.47E-13
1729,5.49E-13
1730,5.49E-13
1731,5.50E-13
1732,5.50E-13
1733,5.50E-13
1734,5.50E-13
1735,5.51E-13
1736,5.54E-13
1737,5.58E-13
1738,5.62E-13
1739,5.62E-13
1740,5.63E-13
1741,5.63E-13
1742,5.63E-13
1743,5.64E-13
1744,5.64E-13
1745,5.64E-13
1746,5.65E-13
1747,5.65E-13
1748,5.67E-13
1749,5.69E-13
1750,5.69E-13
1751,5.70E-13
1752,5.70E-13
1753,5.71E-13
1754,5.71E-13
1755,5.72E-13
1756,5.73E-13
1757,5.74E-13
1758,5.76E-13
1759,5.76E-13
1760,5.77E-13
1761,5.81E-13
1762,5.82E-13
1763,5.82E-13
1764,5.84E-13
1765,5.86E-13
1766,5.87E-13
1767,5.89E-13
1768,5.89E-13
1769,5.90E-13
1770,5.92E-13
1771,5.94E-13
1772,5.95E-13
1773,5.95E-13
1774,5.95E-13
1775,5.98E-13
1776,5.98E-13
1777,6.00E-13
1778,6.02E-13
1779,6.03E-13
1780,6.03E-13
1781,6.03E-13
1782,6.05E-13
1783,6.08E-13
1784,6.08E-13
1785,6.08E-13
1786,6.11E-13
1787,6.11E-13
1788,6.11E-13
1789,6.12E-13
1790,6.16E-13
1791,6.18E-13
1792,6.20E-13
1793,6.21E-13
1794,6.22E-13
1795,6.23E-13
1796,6.24E-13
1797,6.25E-13
1798,6.25E-13
1799,6.26E-13
1800,6.26E-13
1801,6.27E-13
1802,6.28E-13
1803,6.30E-13
1804,6.30E-13
1805,6.32E-13
1806,6.32E-13
1807,6.37E-13
1808,6.38E-13
1809,6.39E-13
1810,6.39E-13
1811,6.39E-13
1812,6.40E-13
1813,6.40E-13
1814,6.40E-13
1815,6.40E-13
1816,6.44E-13
1817,6.46E-13
1818,6.49E-13
1819,6.50E-13
1820,6.52E-13
1821,6.53E-13
1822,6.56E-13
1823,6.56E-13
1824,6.59E-13
1825,6.59E-13
1826,6.59E-13
1827,6.61E-13
1828,6.61E-13
1829,6.62E-13
1830,6.62E-13
1831,6.65E-13
1832,6.65E-13
1833,6.67E-13
1834,6.68E-13
1835,6.69E-13
1836,6.69E-13
1837,6.75E-13
1838,6.75E-13
1839,6.75E-13
1840,6.75E-13
1841,6.75E-13
1842,6.79E-13
1843,6.81E-13
1844,6.84E-13
1845,6.87E-13
1846,6.88E-13
1847,6.89E-13
1848,6.90E-13
1849,6.92E-13
1850,6.92E-13
1851,6.92E-13
1852,6.94E-13
1853,6.94E-13
1854,6.95E-13
1855,6.95E-13
1856,6.96E-13
1857,6.96E-13
1858,6.97E-13
1859,6.99E-13
1860,6.99E-13
1861,7.03E-13
1862,7.03E-13
1863,7.10E-13
1864,7.11E-13
1865,7.11E-13
1866,7.12E-13
1867,7.13E-13
1868,7.14E-13
1869,7.14E-13
1870,7.16E-13
1871,7.18E-13
1872,7.18E-13
1873,7.20E-13
1874,7.21E-13
1875,7.21E-13
1876,7.24E-13
1877,7.24E-13
1878,7.27E-13
1879,7.27E-13
1880,7.29E-13
1881,7.30E-13
1882,7.30E-13
1883,7.32E-13
1884,7.33E-13
1885,7.37E-13
1886,7.38E-13
1887,7.39E-13
1888,7.39E-13
1889,7.39E-13
1890,7.46E-13
1891,7.46E-13
1892,7.48E-13
1893,7.50E-13
1894,7.52E-13
1895,7.53E-13
1896,7.60E-13
1897,7.61E-13
1898,7.62E-13
1899,7.63E-13
1900,7.66E-13
1901,7.69E-13
1902,7.70E-13
1903,7.72E-13
1904,7.73E-13
1905,7.75E-13
1906,7.76E-13
1907,7.79E-13
1908,7.80E-13
1909,7.83E-13
1910,7.83E-13
1911,7.84E-13
1912,7.86E-13
1913,7.86E-13
1914,7.87E-13
1915,7.89E-13
1916,7.91E-13
1917,7.92E-13
1918,7.95E-13
1919,7.96E-13
1920,7.99E-13
1921,8.00E-13
1922,8.01E-13
1923,8.02E-13
1924,8.06E-13
1925,8.07E-13
1926,8.10E-13
1927,8.16E-13
1928,8.16E-13
1929,8.16E-13
1930,8.16E-13
1931,8.17E-13
1932,8.18E-13
1933,8.18E-13
1934,8.19E-13
1935,8.21E-13
1936,8.26E-13
1937,8.27E-13
1938,8.28E-13
1939,8.28E-13
1940,8.31E-13
1941,8.34E-13
1942,8.34E-13
1943,8.35E-13
1944,8.38E-13
1945,8.45E-13
1946,8.46E-13
1947,8.47E-13
1948,8.49E-13
1949,8.49E-13
1950,8.52E-13
1951,8.54E-13
1952,8.58E-13
1953,8.58E-13
1954,8.61E-13
1955,8.63E-13
1956,8.63E-13
1957,8.63E-13
1958,8.63E-13
1959,8.67E-13
1960,8.68E-13
1961,8.69E-13
1962,8.69E-13
1963,8.70E-13
1964,8.71E-13
1965,8.75E-13
1966,8.76E-13
1967,8.86E-13
1968,8.88E-13
1969,8.89E-13
1970,8.89E-13
1971,8.89E-13
1972,8.91E-13
1973,8.93E-13
1974,8.95E-13
1975,8.95E-13
1976,8.97E-13
1977,8.98E-13
1978,9.02E-13
1979,9.07E-13
1980,9.08E-13
1981,9.09E-13
1982,9.10E-13
1983,9.12E-13
1984,9.13E-13
1985,9.16E-13
1986,9.17E-13
1987,9.19E-13
1988,9.22E-13
1989,9.23E-13
1990,9.24E-13
1991,9.29E-13
1992,9.29E-13
1993,9.30E-13
1994,9.31E-13
1995,9.32E-13
1996,9.33E-13
1997,9.36E-13
1998,9.39E-13
1999,9.41E-13
2000,9.42E-13
2001,9.43E-13
2002,9.45E-13
2003,9.47E-13
2004,9.49E-13
2005,9.50E-13
2006,9.51E-13
2007,9.62E-13
2008,9.63E-13
2009,9.64E-13
2010,9.71E-13
2011,9.73E-13
2012,9.80E-13
2013,9.83E-13
2014,9.84E-13
2015,9.85E-13
2016,9.86E-13
2017,9.90E-13
2018,9.93E-13
2019,9.94E-13
2020,9.95E-13
2021,9.96E-13
2022,1.00E-12
2023,1.00E-12
2024,1.00E-12
2025,1.00E-12
2026,1.01E-12
2027,1.01E-12
2028,1.02E-12
2029,1.02E-12
2030,1.02E-12
2031,1.02E-12
2032,1.02E-12
2033,1.02E-12
2034,1.03E-12
2035,1.03E-12
2036,1.03E-12
2037,1.03E-12
2038,1.03E-12
2039,1.03E-12
2040,1.03E-12
2041,1.04E-12
2042,1.04E-12
2043,1.04E-12
2044,1.05E-12
2045,1.05E-12
2046,1.05E-12
2047,1.05E-12
2048,1.06E-12
2049,1.06E-12
2050,1.06E-12
2051,1.06E-12
2052,1.06E-12
2053,1.07E-12
2054,1.07E-12
2055,1.08E-12
2056,1.08E-12
2057,1.08E-12
2058,1.08E-12
2059,1.08E-12
2060,1.09E-12
2061,1.09E-12
2062,1.09E-12
2063,1.09E-12
2064,1.10E-12
2065,1.10E-12
2066,1.10E-12
2067,1.10E-12
2068,1.11E-12
2069,1.11E-12
2070,1.11E-12
2071,1.12E-12
2072,1.12E-12
2073,1.12E-12
2074,1.13E-12
2075,1.13E-12
2076,1.13E-12
2077,1.13E-12
2078,1.13E-12
2079,1.13E-12
2080,1.14E-12
2081,1.14E-12
2082,1.15E-12
2083,1.16E-12
2084,1.16E-12
2085,1.16E-12
2086,1.17E-12
2087,1.17E-12
2088,1.17E-12
2089,1.17E-12
2090,1.17E-12
2091,1.17E-12
2092,1.18E-12
2093,1.18E-12
2094,1.19E-12
2095,1.19E-12
2096,1.19E-12
2097,1.20E-12
2098,1.20E-12
2099,1.21E-12
2100,1.21E-12
2101,1.21E-12
2102,1.21E-12
2103,1.21E-12
2104,1.22E-12
2105,1.22E-12
2106,1.22E-12
2107,1.22E-12
2108,1.23E-12
2109,1.23E-12
2110,1.23E-12
2111,1.24E-12
2112,1.24E-12
2113,1.24E-12
2114,1.25E-12
2115,1.25E-12
2116,1.25E-12
2117,1.25E-12
2118,1.25E-12
2119,1.25E-12
2120,1.26E-12
2121,1.26E-12
2122,1.27E-12
2123,1.27E-12
2124,1.27E-12
2125,1.27E-12
2126,1.28E-12
2127,1.29E-12
2128,1.29E-12
2129,1.30E-12
2130,1.30E-12
2131,1.30E-12
2132,1.30E-12
2133,1.31E-12
2134,1.31E-12
2135,1.31E-12
2136,1.32E-12
2137,1.32E-12
2138,1.32E-12
2139,1.32E-12
2140,1.33E-12
2141,1.33E-12
2142,1.34E-12
2143,1.34E-12
2144,1.34E-12
2145,1.34E-12
2146,1.34E-12
2147,1.35E-12
2148,1.35E-12
2149,1.35E-12
2150,1.36E-12
2151,1.36E-12
2152,1.37E-12
2153,1.37E-12
2154,1.37E-12
2155,1.37E-12
2156,1.37E-12
2157,1.39E-12
2158,1.40E-12
2159,1.40E-12
2160,1.40E-12
2161,1.41E-12
2162,1.41E-12
2163,1.41E-12
2164,1.41E-12
2165,1.42E-12
2166,1.43E-12
2167,1.43E-12
2168,1.43E-12
2169,1.43E-12
2170,1.44E-12
2171,1.44E-12
2172,1.45E-12
2173,1.45E-12
2174,1.46E-12
2175,1.46E-12
2176,1.46E-12
2177,1.47E-12
2178,1.47E-12
2179,1.48E-12
2180,1.48E-12
2181,1.49E-12
2182,1.49E-12
2183,1.49E-12
2184,1.49E-12
2185,1.49E-12
2186,1.50E-12
2187,1.52E-12
2188,1.52E-12
2189,1.52E-12
2190,1.53E-12
2191,1.53E-12
2192,1.53E-12
2193,1.54E-12
2194,1.54E-12
2195,1.54E-12
2196,1.54E-12
2197,1.55E-12
2198,1.56E-12
2199,1.56E-12
2200,1.57E-12
2201,1.57E-12
2202,1.58E-12
2203,1.59E-12
2204,1.60E-12
2205,1.60E-12
2206,1.60E-12
2207,1.61E-12
2208,1.61E-12
2209,1.61E-12
2210,1.62E-12
2211,1.62E-12
2212,1.62E-12
2213,1.62E-12
2214,1.62E-12
2215,1.63E-12
2216,1.63E-12
2217,1.63E-12
2218,1.63E-12
2219,1.64E-12
2220,1.65E-12
2221,1.66E-12
2222,1.66E-12
2223,1.67E-12
2224,1.67E-12
2225,1.68E-12
2226,1.68E-12
2227,1.70E-12
2228,1.70E-12
2229,1.71E-12
2230,1.71E-12
2231,1.72E-12
2232,1.72E-12
2233,1.73E-12
2234,1.73E-12
2235,1.74E-12
2236,1.74E-12
2237,1.74E-12
2238,1.74E-12
2239,1.75E-12
2240,1.76E-12
2241,1.77E-12
2242,1.78E-12
2243,1.78E-12
2244,1.79E-12
2245,1.79E-12
2246,1.80E-12
2247,1.80E-12
2248,1.81E-12
2249,1.81E-12
2250,1.82E-12
2251,1.83E-12
2252,1.83E-12
2253,1.86E-12
2254,1.87E-12
2255,1.87E-12
2256,1.87E-12
2257,1.88E-12
2258,1.88E-12
2259,1.88E-12
2260,1.88E-12
2261,1.88E-12
2262,1.89E-12
2263,1.89E-12
2264,1.89E-12
2265,1.90E-12
2266,1.92E-12
2267,1.92E-12
2268,1.94E-12
2269,1.94E-12
2270,1.95E-12
2271,1.95E-12
2272,1.96E-12
2273,1.96E-12
2274,1.96E-12
2275,1.96E-12
2276,1.97E-12
2277,1.97E-12
2278,1.99E-12
2279,2.00E-12
2280,2.00E-12
2281,2.01E-12
2282,2.03E-12
2283,2.03E-12
2284,2.04E-12
2285,2.06E-12
2286,2.06E-12
2287,2.06E-12
2288,2.07E-12
2289,2.07E-12
2290,2.07E-12
2291,2.08E-12
2292,2.09E-12
2293,2.10E-12
2294,2.10E-12
2295,2.10E-12
2296,2.10E-12
2297,2.11E-12
2298,2.11E-12
2299,2.13E-12
2300,2.14E-12
2301,2.15E-12
2302,2.15E-12
2303,2.16E-12
2304,2.16E-12
2305,2.16E-12
2306,2.18E-12
2307,2.19E-12
2308,2.20E-12
2309,2.21E-12
2310,2.23E-12
2311,2.24E-12
2312,2.24E-12
2313,2.25E-12
2314,2.25E-12
2315,2.25E-12
2316,2.25E-12
2317,2.26E-12
2318,2.28E-12
2319,2.28E-12
2320,2.29E-12
2321,2.30E-12
2322,2.30E-12
2323,2.32E-12
2324,2.32E-12
2325,2.33E-12
2326,2.35E-12
2327,2.35E-12
2328,2.35E-12
2329,2.37E-12
2330,2.39E-12
2331,2.40E-12
2332,2.41E-12
2333,2.41E-12
2334,2.42E-12
2335,2.43E-12
2336,2.44E-12
2337,2.45E-12
2338,2.46E-12
2339,2.46E-12
2340,2.47E-12
2341,2.48E-12
2342,2.48E-12
2343,2.49E-12
2344,2.50E-12
2345,2.51E-12
2346,2.55E-12
2347,2.56E-12
2348,2.56E-12
2349,2.57E-12
2350,2.59E-12
2351,2.61E-12
2352,2.61E-12
2353,2.62E-12
2354,2.62E-12
2355,2.63E-12
2356,2.63E-12
2357,2.64E-12
2358,2.65E-12
2359,2.66E-12
2360,2.67E-12
2361,2.68E-12
2362,2.69E-12
2363,2.69E-12
2364,2.70E-12
2365,2.70E-12
2366,2.72E-12
2367,2.75E-12
2368,2.75E-12
2369,2.77E-12
2370,2.78E-12
2371,2.79E-12
2372,2.84E-12
2373,2.85E-12
2374,2.86E-12
2375,2.86E-12
2376,2.88E-12
2377,2.88E-12
2378,2.89E-12
2379,2.92E-12
2380,2.92E-12
2381,2.93E-12
2382,2.95E-12
2383,2.95E-12
2384,2.96E-12
2385,2.98E-12
2386,2.98E-12
2387,3.00E-12
2388,3.00E-12
2389,3.02E-12
2390,3.03E-12
2391,3.03E-12
2392,3.04E-12
2393,3.06E-12
2394,3.06E-12
2395,3.07E-12
2396,3.08E-12
2397,3.08E-12
2398,3.08E-12
2399,3.09E-12
2400,3.10E-12
2401,3.11E-12
2402,3.17E-12
2403,3.20E-12
2404,3.24E-12
2405,3.25E-12
2406,3.27E-12
2407,3.29E-12
2408,3.30E-12
2409,3.30E-12
2410,3.31E-12
2411,3.31E-12
2412,3.32E-12
2413,3.34E-12
2414,3.34E-12
2415,3.37E-12
2416,3.40E-12
2417,3.42E-12
2418,3.42E-12
2419,3.43E-12
2420,3.43E-12
2421,3.45E-12
2422,3.46E-12
2423,3.47E-12
2424,3.49E-12
2425,3.51E-12
2426,3.57E-12
2427,3.59E-12
2428,3.60E-12
2429,3.61E-12
2430,3.64E-12
2431,3.64E-12
2432,3.65E-12
2433,3.74E-12
2434,3.75E-12
2435,3.80E-12
2436,3.80E-12
2437,3.81E-12
2438,3.83E-12
2439,3.83E-12
2440,3.86E-12
2441,3.89E-12
2442,3.89E-12
2443,3.90E-12
2444,3.93E-12
2445,3.96E-12
2446,3.97E-12
2447,3.97E-12
2448,4.00E-12
2449,4.00E-12
2450,4.04E-12
2451,4.05E-12
2452,4.06E-12
2453,4.09E-12
2454,4.11E-12
2455,4.15E-12
2456,4.19E-12
2457,4.19E-12
2458,4.22E-12
2459,4.26E-12
2460,4.29E-12
2461,4.33E-12
2462,4.33E-12
2463,4.35E-12
2464,4.35E-12
2465,4.36E-12
2466,4.37E-12
2467,4.38E-12
2468,4.49E-12
2469,4.51E-12
2470,4.55E-12
2471,4.55E-12
2472,4.56E-12
2473,4.59E-12
2474,4.60E-12
2475,4.60E-12
2476,4.63E-12
2477,4.64E-12
2478,4.74E-12
2479,4.75E-12
2480,4.84E-12
2481,4.86E-12
2482,4.86E-12
2483,4.87E-12
2484,4.95E-12
2485,4.98E-12
2486,5.00E-12
2487,5.04E-12
2488,5.05E-12
2489,5.05E-12
2490,5.07E-12
2491,5.09E-12
2492,5.20E-12
2493,5.22E-12
2494,5.26E-12
2495,5.26E-12
2496,5.39E-12
2497,5.39E-12
2498,5.43E-12
2499,5.43E-12
2500,5.51E-12
2501,5.57E-12
2502,5.59E-12
2503,5.59E-12
2504,5.60E-12
2505,5.67E-12
2506,5.68E-12
2507,5.74E-12
2508,5.80E-12
2509,5.88E-12
2510,5.94E-12
2511,6.01E-12
2512,6.02E-12
2513,6.02E-12
2514,6.07E-12
2515,6.08E-12
2516,6.11E-12
2517,6.17E-12
2518,6.23E-12
2519,6.26E-12
2520,6.42E-12
2521,6.43E-12
2522,6.50E-12
2523,6.58E-12
2524,6.59E-12
2525,6.65E-12
2526,6.68E-12
2527,6.72E-12
2528,6.79E-12
2529,6.85E-12
2530,6.96E-12
2531,6.96E-12
2532,7.11E-12
2533,7.23E-12
2534,7.32E-12
2535,7.33E-12
2536,7.44E-12
2537,7.49E-12
2538,7.52E-12
2539,7.53E-12
2540,7.57E-12
2541,7.59E-12
2542,7.87E-12
2543,7.97E-12
2544,7.97E-12
2545,8.15E-12
2546,8.20E-12
2547,8.20E-12
2548,8.26E-12
2549,8.28E-12
2550,8.43E-12
2551,8.44E-12
2552,8.51E-12
2553,8.53E-12
2554,8.70E-12
2555,8.77E-12
2556,8.82E-12
2557,8.97E-12
2558,9.00E-12
2559,9.15E-12
2560,9.33E-12
2561,9.36E-12
2562,9.37E-12
2563,9.74E-12
2564,1.00E-11
2565,1.03E-11
2566,1.03E-11
2567,1.04E-11
2568,1.04E-11
2569,1.08E-11
2570,1.09E-11
2571,1.09E-11
2572,1.12E-11
2573,1.13E-11
2574,1.15E-11
2575,1.18E-11
2576,1.20E-11
2577,1.21E-11
2578,1.22E-11
2579,1.24E-11
2580,1.27E-11
2581,1.30E-11
2582,1.32E-11
2583,1.35E-11
2584,1.39E-11
2585,1.41E-11
2586,1.46E-11
2587,1.52E-11
2588,1.53E-11
2589,1.55E-11
2590,1.58E-11
2591,1.58E-11
2592,1.64E-11
2593,1.69E-11
2594,1.69E-11
2595,1.80E-11
2596,1.81E-11
2597,1.90E-11
2598,1.92E-11
2599,2.03E-11
2600,2.03E-11
2601,2.16E-11
2602,2.18E-11
2603,2.18E-11
2604,2.20E-11
2605,2.26E-11
2606,2.36E-11
2607,2.44E-11
2608,2.55E-11
2609,2.64E-11
2610,2.71E-11
2611,2.79E-11
2612,2.82E-11
2613,2.90E-11
2614,3.32E-11
2615,3.41E-11
2616,3.42E-11
2617,3.74E-11
2618,4.09E-11
2619,4.63E-11
2620,4.64E-11
2621,4.98E-11
2622,5.02E-11
2623,5.68E-11
2624,6.27E-11
2625,6.91E-11
2626,8.00E-11
2627,8.76E-11
2628,1.13E-10
2629,1.22E-10
2630,1.28E-10
2631,1.42E-10
2632,1.49E-10
2633,1.52E-10
2634,1.68E-10
2635,2.05E-10
2636,2.22E-10
2637,2.24E-10
2638,2.45E-10
2639,2.55E-10
2640,2.74E-10
2641,2.79E-10
2642,2.94E-10
2643,2.97E-10
2644,3.07E-10
2645,3.26E-10
2646,3.41E-10
2647,3.61E-10
2648,3.66E-10
2649,3.75E-10
2650,3.77E-10
2651,3.82E-10
2652,4.05E-10
2653,4.11E-10
2654,4.15E-10
2655,4.22E-10
2656,4.29E-10
2657,4.43E-10
2658,4.57E-10
2659,4.64E-10
2660,4.67E-10
2661,4.89E-10
2662,5.00E-10
2663,5.17E-10
2664,5.26E-10
2665,5.28E-10
2666,5.38E-10
2667,5.49E-10
2668,5.59E-10
2669,5.72E-10
2670,5.82E-10
2671,5.94E-10
2672,6.03E-10
2673,6.05E-10
2674,6.15E-10
2675,6.28E-10
2676,6.39E-10
2677,6.51E-10
2678,6.52E-10
2679,6.64E-10
2680,6.71E-10
2681,6.84E-10
2682,6.92E-10
2683,7.09E-10
2684,7.14E-10
2685,7.30E-10
2686,7.32E-10
2687,7.40E-10
2688,7.61E-10
2689,7.73E-10
2690,7.75E-10
2691,7.86E-10
2692,7.95E-10
2693,8.19E-10
2694,8.37E-10
2695,8.44E-10
2696,8.44E-10
2697,8.51E-10
2698,8.59E-10
2699,8.77E-10
2700,8.87E-10
2701,8.97E-10
2702,8.99E-10
2703,9.17E-10
2704,9.24E-10
2705,9.28E-10
2706,9.50E-10
2707,9.53E-10
2708,9.68E-10
2709,9.83E-10
2710,9.90E-10
2711,9.94E-10
2712,1.01E-09
2713,1.02E-09
2714,1.03E-09
2715,1.04E-09
2716,1.05E-09
2717,1.06E-09
2718,1.07E-09
2719,1.08E-09
2720,1.09E-09
2721,1.10E-09
2722,1.11E-09
2723,1.13E-09
2724,1.14E-09
2725,1.16E-09
2726,1.16E-09
2727,1.19E-09
2728,1.20E-09
2729,1.21E-09
2730,1.21E-09
2731,1.22E-09
2732,1.23E-09
2733,1.24E-09
2734,1.26E-09
2735,1.28E-09
2736,1.30E-09
2737,1.30E-09
2738,1.32E-09
2739,1.33E-09
2740,1.33E-09
2741,1.35E-09
2742,1.37E-09
2743,1.39E-09
2744,1.41E-09
2745,1.42E-09
2746,1.45E-09
2747,1.45E-09
2748,1.45E-09
2749,1.48E-09
2750,1.50E-09
2751,1.52E-09
2752,1.53E-09
2753,1.54E-09
2754,1.54E-09
2755,1.56E-09
2756,1.58E-09
2757,1.59E-09
2758,1.61E-09
2759,1.63E-09
2760,1.64E-09
2761,1.66E-09
2762,1.66E-09
2763,1.67E-09
2764,1.69E-09
2765,1.72E-09
2766,1.74E-09
2767,1.74E-09
2768,1.77E-09
2769,1.79E-09
2770,1.81E-09
2771,1.83E-09
2772,1.84E-09
2773,1.84E-09
2774,1.87E-09
2775,1.88E-09
2776,1.90E-09
2777,1.90E-09
2778,1.91E-09
2779,1.95E-09
2780,1.96E-09
2781,1.97E-09
2782,1.98E-09
2783,2.00E-09
2784,2.00E-09
2785,2.03E-09
2786,2.05E-09
2787,2.06E-09
2788,2.07E-09
2789,2.10E-09
2790,2.11E-09
2791,2.15E-09
2792,2.16E-09
2793,2.18E-09
2794,2.21E-09
2795,2.22E-09
2796,2.24E-09
2797,2.26E-09
2798,2.27E-09
2799,2.28E-09
2800,2.30E-09
2801,2.33E-09
2802,2.34E-09
2803,2.34E-09
2804,2.37E-09
2805,2.37E-09
2806,2.42E-09
2807,2.44E-09
2808,2.47E-09
2809,2.47E-09
2810,2.50E-09
2811,2.51E-09
2812,2.51E-09
2813,2.53E-09
2814,2.56E-09
2815,2.57E-09
2816,2.60E-09
2817,2.61E-09
2818,2.64E-09
2819,2.67E-09
2820,2.69E-09
2821,2.72E-09
2822,2.74E-09
2823,2.77E-09
2824,2.78E-09
2825,2.79E-09
2826,2.81E-09
2827,2.84E-09
2828,2.85E-09
2829,2.86E-09
2830,2.89E-09
2831,2.92E-09
2832,2.92E-09
2833,2.95E-09
2834,2.99E-09
2835,3.01E-09
2836,3.04E-09
2837,3.04E-09
2838,3.08E-09
2839,3.11E-09
2840,3.13E-09
2841,3.16E-09
2842,3.17E-09
2843,3.19E-09
2844,3.21E-09
2845,3.24E-09
2846,3.27E-09
2847,3.28E-09
2848,3.33E-09
2849,3.36E-09
2850,3.40E-09
2851,3.41E-09
2852,3.43E-09
2853,3.47E-09
2854,3.50E-09
2855,3.52E-09
2856,3.54E-09
2857,3.55E-09
2858,3.55E-09
2859,3.59E-09
2860,3.60E-09
2861,3.65E-09
2862,3.71E-09
2863,3.73E-09
2864,3.73E-09
2865,3.77E-09
2866,3.78E-09
2867,3.82E-09
2868,3.86E-09
2869,3.89E-09
2870,3.91E-09
2871,3.93E-09
2872,3.97E-09
2873,3.99E-09
2874,4.01E-09
2875,4.09E-09
2876,4.11E-09
2877,4.14E-09
2878,4.18E-09
2879,4.19E-09
2880,4.22E-09
2881,4.25E-09
2882,4.28E-09
2883,4.28E-09
2884,4.30E-09
2885,4.35E-09
2886,4.37E-09
2887,4.40E-09
2888,4.42E-09
2889,4.49E-09
2890,4.50E-09
2891,4.53E-09
2892,4.56E-09
2893,4.62E-09
2894,4.62E-09
2895,4.66E-09
2896,4.68E-09
2897,4.75E-09
2898,4.77E-09
2899,4.79E-09
2900,4.82E-09
2901,4.85E-09
2902,4.87E-09
2903,4.92E-09
2904,4.99E-09
2905,5.02E-09
2906,5.08E-09
2907,5.09E-09
2908,5.10E-09
2909,5.12E-09
2910,5.16E-09
2911,5.17E-09
2912,5.24E-09
2913,5.28E-09
2914,5.30E-09
2915,5.33E-09
2916,5.40E-09
2917,5.40E-09
2918,5.46E-09
2919,5.54E-09
2920,5.58E-09
2921,5.58E-09
2922,5.65E-09
2923,5.68E-09
2924,5.70E-09
2925,5.73E-09
2926,5.79E-09
2927,5.81E-09
2928,5.85E-09
2929,5.91E-09
2930,5.92E-09
2931,5.96E-09
2932,6.00E-09
2933,6.04E-09
2934,6.07E-09
2935,6.12E-09
2936,6.17E-09
2937,6.21E-09
2938,6.26E-09
2939,6.29E-09
2940,6.33E-09
2941,6.40E-09
2942,6.44E-09
2943,6.46E-09
2944,6.47E-09
2945,6.54E-09
2946,6.57E-09
2947,6.62E-09
2948,6.64E-09
2949,6.71E-09
2950,6.72E-09
2951,6.78E-09
2952,6.79E-09
2953,6.86E-09
2954,6.91E-09
2955,6.94E-09
2956,6.97E-09
2957,7.03E-09
2958,7.04E-09
2959,7.10E-09
2960,7.13E-09
2961,7.17E-09
2962,7.24E-09
2963,7.34E-09
2964,7.37E-09
2965,7.44E-09
2966,7.45E-09
2967,7.50E-09
2968,7.55E-09
2969,7.57E-09
2970,7.66E-09
2971,7.71E-09
2972,7.77E-09
2973,7.78E-09
2974,7.83E-09
2975,7.86E-09
2976,7.94E-09
2977,8.02E-09
2978,8.02E-09
2979,8.07E-09
2980,8.20E-09
2981,8.24E-09
2982,8.28E-09
2983,8.33E-09
2984,8.36E-09
2985,8.39E-09
2986,8.45E-09
2987,8.55E-09
2988,8.61E-09
2989,8.66E-09
2990,8.70E-09
2991,8.80E-09
2992,8.83E-09
2993,8.89E-09
2994,8.91E-09
2995,8.92E-09
2996,8.97E-09
2997,9.07E-09
2998,9.10E-09
2999,9.23E-09
3000,9.25E-09
3001,9.34E-09
3002,9.38E-09
3003,9.41E-09
3004,9.49E-09
3005,9.54E-09
3006,9.64E-09
3007,9.67E-09
3008,9.77E-09
3009,9.79E-09
3010,9.84E-09
3011,9.87E-09
3012,9.98E-09
3013,1.00E-08
3014,1.01E-08
3015,1.02E-08
3016,1.03E-08
3017,1.04E-08
3018,1.04E-08
3019,1.05E-08
3020,1.05E-08
3021,1.05E-08
3022,1.06E-08
3023,1.07E-08
3024,1.08E-08
3025,1.09E-08
3026,1.09E-08
3027,1.09E-08
3028,1.11E-08
3029,1.12E-08
3030,1.13E-08
3031,1.13E-08
3032,1.14E-08
3033,1.15E-08
3034,1.15E-08
3035,1.16E-08
3036,1.16E-08
3037,1.16E-08
3038,1.17E-08
3039,1.18E-08
3040,1.18E-08
3041,1.19E-08
3042,1.20E-08
3043,1.21E-08
3044,1.22E-08
3045,1.23E-08
3046,1.24E-08
3047,1.24E-08
3048,1.25E-08
3049,1.27E-08
3050,1.27E-08
3051,1.28E-08
3052,1.28E-08
3053,1.29E-08
3054,1.29E-08
3055,1.30E-08
3056,1.32E-08
3057,1.33E-08
3058,1.34E-08
3059,1.34E-08
3060,1.35E-08
3061,1.37E-08
3062,1.37E-08
3063,1.37E-08
3064,1.38E-08
3065,1.39E-08
3066,1.39E-08
3067,1.41E-08
3068,1.42E-08
3069,1.42E-08
3070,1.44E-08
3071,1.44E-08
3072,1.45E-08
3073,1.47E-08
3074,1.47E-08
3075,1.48E-08
3076,1.49E-08
3077,1.49E-08
3078,1.50E-08
3079,1.51E-08
3080,1.52E-08
3081,1.53E-08
3082,1.54E-08
3083,1.54E-08
3084,1.56E-08
3085,1.57E-08
3086,1.57E-08
3087,1.59E-08
3088,1.60E-08
3089,1.60E-08
3090,1.61E-08
3091,1.63E-08
3092,1.63E-08
3093,1.65E-08
3094,1.66E-08
3095,1.67E-08
3096,1.68E-08
3097,1.70E-08
3098,1.71E-08
3099,1.72E-08
3100,1.73E-08
3101,1.74E-08
3102,1.75E-08
3103,1.75E-08
3104,1.77E-08
3105,1.79E-08
3106,1.79E-08
3107,1.80E-08
3108,1.82E-08
3109,1.84E-08
3110,1.85E-08
3111,1.86E-08
3112,1.87E-08
3113,1.87E-08
3114,1.90E-08
3115,1.90E-08
3116,1.91E-08
3117,1.93E-08
3118,1.95E-08
3119,1.97E-08
3120,1.98E-08
3121,2.00E-08
3122,2.00E-08
3123,2.01E-08
3124,2.02E-08
3125,2.05E-08
3126,2.05E-08
3127,2.07E-08
3128,2.08E-08
3129,2.09E-08
3130,2.11E-08
3131,2.11E-08
3132,2.12E-08
3133,2.15E-08
3134,2.18E-08
3135,2.20E-08
3136,2.22E-08
3137,2.22E-08
3138,2.24E-08
3139,2.25E-08
3140,2.26E-08
3141,2.27E-08
3142,2.29E-08
3143,2.29E-08
3144,2.30E-08
3145,2.31E-08
3146,2.34E-08
3147,2.36E-08
3148,2.38E-08
3149,2.39E-08
3150,2.41E-08
3151,2.43E-08
3152,2.44E-08
3153,2.45E-08
3154,2.47E-08
3155,2.50E-08
3156,2.51E-08
3157,2.54E-08
3158,2.54E-08
3159,2.55E-08
3160,2.58E-08
3161,2.60E-08
3162,2.61E-08
3163,2.62E-08
3164,2.64E-08
3165,2.66E-08
3166,2.67E-08
3167,2.71E-08
3168,2.71E-08
3169,2.74E-08
3170,2.76E-08
3171,2.76E-08
3172,2.80E-08
3173,2.80E-08
3174,2.82E-08
3175,2.83E-08
3176,2.85E-08
3177,2.88E-08
3178,2.90E-08
3179,2.92E-08
3180,2.94E-08
3181,2.95E-08
3182,2.96E-08
3183,3.02E-08
3184,3.03E-08
3185,3.06E-08
3186,3.07E-08
3187,3.09E-08
3188,3.12E-08
3189,3.15E-08
3190,3.17E-08
3191,3.18E-08
3192,3.20E-08
3193,3.22E-08
3194,3.23E-08
3195,3.27E-08
3196,3.28E-08
3197,3.31E-08
3198,3.35E-08
3199,3.37E-08
3200,3.39E-08
3201,3.42E-08
3202,3.47E-08
3203,3.48E-08
3204,3.50E-08
3205,3.53E-08
3206,3.56E-08
3207,3.57E-08
3208,3.62E-08
3209,3.62E-08
3210,3.64E-08
3211,3.65E-08
3212,3.71E-08
3213,3.71E-08
3214,3.73E-08
3215,3.79E-08
3216,3.81E-08
3217,3.82E-08
3218,3.87E-08
3219,3.88E-08
3220,3.90E-08
3221,3.91E-08
3222,3.93E-08
3223,3.94E-08
3224,3.99E-08
3225,4.01E-08
3226,4.03E-08
3227,4.09E-08
3228,4.12E-08
3229,4.18E-08
3230,4.21E-08
3231,4.24E-08
3232,4.26E-08
3233,4.32E-08
3234,4.33E-08
3235,4.37E-08
3236,4.41E-08
3237,4.43E-08
3238,4.49E-08
3239,4.52E-08
3240,4.53E-08
3241,4.55E-08
3242,4.56E-08
3243,4.61E-08
3244,4.63E-08
3245,4.66E-08
3246,4.71E-08
3247,4.74E-08
3248,4.80E-08
3249,4.82E-08
3250,4.87E-08
3251,4.90E-08
3252,4.94E-08
3253,4.97E-08
3254,5.01E-08
3255,5.06E-08
3256,5.07E-08
3257,5.14E-08
3258,5.18E-08
3259,5.20E-08
3260,5.24E-08
3261,5.27E-08
3262,5.32E-08
3263,5.36E-08
3264,5.38E-08
3265,5.42E-08
3266,5.45E-08
3267,5.49E-08
3268,5.58E-08
3269,5.61E-08
3270,5.65E-08
3271,5.69E-08
3272,5.71E-08
3273,5.74E-08
3274,5.79E-08
3275,5.83E-08
3276,5.86E-08
3277,5.90E-08
3278,6.00E-08
3279,6.10E-08
3280,6.16E-08
3281,6.19E-08
3282,6.31E-08
3283,6.32E-08
3284,6.38E-08
3285,6.44E-08
3286,6.50E-08
3287,6.53E-08
3288,6.56E-08
3289,6.61E-08
3290,6.68E-08
3291,6.71E-08
3292,6.79E-08
3293,6.81E-08
3294,6.88E-08
3295,6.93E-08
3296,7.02E-08
3297,7.07E-08
3298,7.10E-08
3299,7.17E-08
3300,7.22E-08
3301,7.25E-08
3302,7.29E-08
3303,7.35E-08
3304,7.43E-08
3305,7.57E-08
3306,7.61E-08
3307,7.66E-08
3308,7.70E-08
3309,7.79E-08
3310,7.82E-08
3311,7.93E-08
3312,8.01E-08
3313,8.16E-08
3314,8.22E-08
3315,8.32E-08
3316,8.35E-08
3317,8.43E-08
3318,8.56E-08
3319,8.63E-08
3320,8.73E-08
3321,8.90E-08
3322,8.95E-08
3323,9.05E-08
3324,9.10E-08
3325,9.23E-08
3326,9.35E-08
3327,9.45E-08
3328,9.45E-08
3329,9.56E-08
3330,9.70E-08
3331,9.74E-08
3332,9.90E-08
3333,1.00E-07
3334,1.01E-07
3335,1.02E-07
3336,1.03E-07
3337,1.03E-07
3338,1.04E-07
3339,1.05E-07
3340,1.08E-07
3341,1.08E-07
3342,1.09E-07
3343,1.10E-07
3344,1.11E-07
3345,1.12E-07
3346,1.12E-07
3347,1.13E-07
3348,1.16E-07
3349,1.17E-07
3350,1.17E-07
3351,1.19E-07
3352,1.20E-07
3353,1.21E-07
3354,1.21E-07
3355,1.23E-07
3356,1.25E-07
3357,1.26E-07
3358,1.27E-07
3359,1.27E-07
3360,1.29E-07
3361,1.30E-07
3362,1.33E-07
3363,1.34E-07
3364,1.36E-07
3365,1.36E-07
3366,1.39E-07
3367,1.40E-07
3368,1.40E-07
3369,1.42E-07
3370,1.42E-07
3371,1.43E-07
3372,1.45E-07
3373,1.46E-07
3374,1.49E-07
3375,1.49E-07
3376,1.52E-07
3377,1.53E-07
3378,1.55E-07
3379,1.57E-07
3380,1.57E-07
3381,1.60E-07
3382,1.60E-07
3383,1.61E-07
3384,1.62E-07
3385,1.64E-07
3386,1.66E-07
3387,1.68E-07
3388,1.69E-07
3389,1.70E-07
3390,1.72E-07
3391,1.74E-07
3392,1.76E-07
3393,1.77E-07
3394,1.79E-07
3395,1.80E-07
3396,1.81E-07
3397,1.83E-07
3398,1.84E-07
3399,1.85E-07
3400,1.88E-07
3401,1.90E-07
3402,1.90E-07
3403,1.91E-07
3404,1.94E-07
3405,1.95E-07
3406,1.96E-07
3407,1.98E-07
3408,2.00E-07
3409,2.01E-07
3410,2.03E-07
3411,2.04E-07
3412,2.05E-07
3413,2.07E-07
3414,2.07E-07
3415,2.09E-07
3416,2.12E-07
3417,2.16E-07
3418,2.17E-07
3419,2.18E-07
3420,2.21E-07
3421,2.23E-07
3422,2.24E-07
3423,2.25E-07
3424,2.28E-07
3425,2.29E-07
3426,2.30E-07
3427,2.32E-07
3428,2.34E-07
3429,2.35E-07
3430,2.37E-07
3431,2.40E-07
3432,2.40E-07
3433,2.44E-07
3434,2.45E-07
3435,2.49E-07
3436,2.50E-07
3437,2.52E-07
3438,2.53E-07
3439,2.55E-07
3440,2.57E-07
3441,2.59E-07
3442,2.60E-07
3443,2.66E-07
3444,2.68E-07
3445,2.72E-07
3446,2.72E-07
3447,2.76E-07
3448,2.77E-07
3449,2.80E-07
3450,2.80E-07
3451,2.81E-07
3452,2.85E-07
3453,2.86E-07
3454,2.88E-07
3455,2.89E-07
3456,2.91E-07
3457,2.95E-07
3458,2.99E-07
3459,3.01E-07
3460,3.02E-07
3461,3.05E-07
3462,3.07E-07
3463,3.10E-07
3464,3.12E-07
3465,3.13E-07
3466,3.19E-07
3467,3.21E-07
3468,3.25E-07
3469,3.27E-07
3470,3.29E-07
3471,3.30E-07
3472,3.33E-07
3473,3.36E-07
3474,3.37E-07
3475,3.40E-07
3476,3.42E-07
3477,3.46E-07
3478,3.47E-07
3479,3.49E-07
3480,3.51E-07
3481,3.53E-07
3482,3.57E-07
3483,3.60E-07
3484,3.65E-07
3485,3.66E-07
3486,3.69E-07
3487,3.73E-07
3488,3.74E-07
3489,3.75E-07
3490,3.79E-07
3491,3.85E-07
3492,3.88E-07
3493,3.91E-07
3494,3.93E-07
3495,3.96E-07
3496,3.99E-07
3497,4.02E-07
3498,4.08E-07
3499,4.09E-07
3500,4.13E-07
3501,4.15E-07
3502,4.18E-07
3503,4.19E-07
3504,4.24E-07
3505,4.26E-07
3506,4.30E-07
3507,4.35E-07
3508,4.38E-07
3509,4.40E-07
3510,4.41E-07
3511,4.45E-07
3512,4.48E-07
3513,4.49E-07
3514,4.54E-07
3515,4.56E-07
3516,4.57E-07
3517,4.59E-07
3518,4.64E-07
3519,4.66E-07
3520,4.68E-07
3521,4.74E-07
3522,4.78E-07
3523,4.82E-07
3524,4.82E-07
3525,4.85E-07
3526,4.90E-07
3527,4.92E-07
3528,4.95E-07
3529,5.00E-07
3530,5.01E-07
3531,5.05E-07
3532,5.07E-07
3533,5.09E-07
3534,5.10E-07
3535,5.17E-07
3536,5.19E-07
3537,5.24E-07
3538,5.27E-07
3539,5.32E-07
3540,5.37E-07
3541,5.38E-07
3542,5.41E-07
3543,5.45E-07
3544,5.46E-07
3545,5.51E-07
3546,5.56E-07
3547,5.58E-07
3548,5.62E-07
3549,5.67E-07
3550,5.71E-07
3551,5.74E-07
3552,5.76E-07
3553,5.81E-07
3554,5.84E-07
3555,5.87E-07
3556,5.92E-07
3557,5.97E-07
3558,6.02E-07
3559,6.04E-07
3560,6.06E-07
3561,6.08E-07
3562,6.12E-07
3563,6.22E-07
3564,6.22E-07
3565,6.24E-07
3566,6.28E-07
3567,6.35E-07
3568,6.38E-07
3569,6.43E-07
3570,6.44E-07
3571,6.48E-07
3572,6.54E-07
3573,6.55E-07
3574,6.62E-07
3575,6.64E-07
3576,6.66E-07
3577,6.71E-07
3578,6.73E-07
3579,6.79E-07
3580,6.80E-07
3581,6.85E-07
3582,6.90E-07
3583,6.91E-07
3584,6.95E-07
3585,7.00E-07
3586,7.03E-07
3587,7.06E-07
3588,7.11E-07
3589,7.11E-07
3590,7.13E-07
3591,7.17E-07
3592,7.19E-07
3593,7.23E-07
3594,7.29E-07
3595,7.34E-07
3596,7.35E-07
3597,7.38E-07
3598,7.40E-07
3599,7.45E-07
3600,7.48E-07
3601,7.51E-07
3602,7.53E-07
3603,7.60E-07
3604,7.67E-07
3605,7.69E-07
3606,7.71E-07
3607,7.76E-07
3608,7.77E-07
3609,7.81E-07
3610,7.87E-07
3611,7.91E-07
3612,7.98E-07
3613,8.01E-07
3614,8.05E-07
3615,8.08E-07
3616,8.13E-07
3617,8.19E-07
3618,8.21E-07
3619,8.25E-07
3620,8.29E-07
3621,8.30E-07
3622,8.33E-07
3623,8.41E-07
3624,8.42E-07
3625,8.43E-07
3626,8.46E-07
3627,8.52E-07
3628,8.54E-07
3629,8.58E-07
3630,8.62E-07
3631,8.65E-07
3632,8.69E-07
3633,8.77E-07
3634,8.83E-07
3635,8.83E-07
3636,8.87E-07
3637,8.94E-07
3638,8.98E-07
3639,9.00E-07
3640,9.02E-07
3641,9.08E-07
3642,9.12E-07
3643,9.19E-07
3644,9.22E-07
3645,9.26E-07
3646,9.31E-07
3647,9.36E-07
3648,9.40E-07
3649,9.44E-07
3650,9.51E-07
3651,9.54E-07
3652,9.59E-07
3653,9.63E-07
3654,9.66E-07
3655,9.67E-07
3656,9.74E-07
3657,9.78E-07
3658,9.79E-07
3659,9.82E-07
3660,9.90E-07
3661,9.95E-07
3662,1.00E-06
3663,1.00E-06
3664,1.01E-06
3665,1.01E-06
3666,1.01E-06
3667,1.02E-06
3668,1.02E-06
3669,1.02E-06
3670,1.03E-06
3671,1.03E-06
3672,1.03E-06
3673,1.04E-06
3674,1.04E-06
3675,1.04E-06
3676,1.05E-06
3677,1.05E-06
3678,1.06E-06
3679,1.06E-06
3680,1.06E-06
3681,1.07E-06
3682,1.08E-06
3683,1.08E-06
3684,1.08E-06
3685,1.08E-06
3686,1.09E-06
3687,1.09E-06
3688,1.09E-06
3689,1.10E-06
3690,1.10E-06
3691,1.11E-06
3692,1.11E-06
3693,1.11E-06
3694,1.12E-06
3695,1.12E-06
3696,1.13E-06
3697,1.13E-06
3698,1.13E-06
3699,1.14E-06
3700,1.14E-06
3701,1.15E-06
3702,1.15E-06
3703,1.15E-06
3704,1.16E-06
3705,1.16E-06
3706,1.16E-06
3707,1.17E-06
3708,1.17E-06
3709,1.17E-06
3710,1.18E-06
3711,1.18E-06
3712,1.18E-06
3713,1.19E-06
3714,1.19E-06
3715,1.19E-06
3716,1.20E-06
3717,1.20E-06
3718,1.21E-06
3719,1.21E-06
3720,1.21E-06
3721,1.21E-06
3722,1.22E-06
3723,1.22E-06
3724,1.23E-06
3725,1.24E-06
3726,1.24E-06
3727,1.24E-06
3728,1.25E-06
3729,1.25E-06
3730,1.26E-06
3731,1.26E-06
3732,1.26E-06
3733,1.27E-06
3734,1.27E-06
3735,1.27E-06
3736,1.28E-06
3737,1.28E-06
3738,1.28E-06
3739,1.29E-06
3740,1.29E-06
3741,1.29E-06
3742,1.30E-06
3743,1.30E-06
3744,1.30E-06
3745,1.31E-06
3746,1.31E-06
3747,1.32E-06
3748,1.32E-06
3749,1.33E-06
3750,1.34E-06
3751,1.34E-06
3752,1.34E-06
3753,1.35E-06
3754,1.35E-06
3755,1.35E-06
3756,1.36E-06
3757,1.36E-06
3758,1.36E-06
3759,1.37E-06
3760,1.37E-06
3761,1.38E-06
3762,1.38E-06
3763,1.38E-06
3764,1.39E-06
3765,1.39E-06
3766,1.40E-06
3767,1.41E-06
3768,1.41E-06
3769,1.41E-06
3770,1.41E-06
3771,1.42E-06
3772,1.43E-06
3773,1.43E-06
3774,1.43E-06
3775,1.43E-06
3776,1.44E-06
3777,1.45E-06
3778,1.45E-06
3779,1.45E-06
3780,1.46E-06
3781,1.46E-06
3782,1.47E-06
3783,1.47E-06
3784,1.48E-06
3785,1.48E-06
3786,1.49E-06
3787,1.49E-06
3788,1.49E-06
3789,1.50E-06
3790,1.50E-06
3791,1.51E-06
3792,1.51E-06
3793,1.52E-06
3794,1.52E-06
3795,1.52E-06
3796,1.53E-06
3797,1.53E-06
3798,1.54E-06
3799,1.54E-06
3800,1.54E-06
3801,1.54E-06
3802,1.55E-06
3803,1.56E-06
3804,1.56E-06
3805,1.56E-06
3806,1.57E-06
3807,1.57E-06
3808,1.57E-06
3809,1.58E-06
3810,1.59E-06
3811,1.59E-06
3812,1.59E-06
3813,1.60E-06
3814,1.60E-06
3815,1.61E-06
3816,1.61E-06
3817,1.61E-06
3818,1.62E-06
3819,1.62E-06
3820,1.62E-06
3821,1.62E-06
3822,1.64E-06
3823,1.64E-06
3824,1.64E-06
3825,1.64E-06
3826,1.65E-06
3827,1.65E-06
3828,1.66E-06
3829,1.66E-06
3830,1.66E-06
3831,1.67E-06
3832,1.67E-06
3833,1.68E-06
3834,1.68E-06
3835,1.69E-06
3836,1.69E-06
3837,1.70E-06
3838,1.70E-06
3839,1.71E-06
3840,1.71E-06
3841,1.72E-06
3842,1.72E-06
3843,1.72E-06
3844,1.73E-06
3845,1.74E-06
3846,1.74E-06
3847,1.74E-06
3848,1.75E-06
3849,1.75E-06
3850,1.76E-06
3851,1.76E-06
3852,1.76E-06
3853,1.77E-06
3854,1.77E-06
3855,1.78E-06
3856,1.78E-06
3857,1.78E-06
3858,1.79E-06
3859,1.79E-06
3860,1.80E-06
3861,1.80E-06
3862,1.80E-06
3863,1.81E-06
3864,1.81E-06
3865,1.82E-06
3866,1.82E-06
3867,1.82E-06
3868,1.83E-06
3869,1.83E-06
3870,1.84E-06
3871,1.84E-06
3872,1.85E-06
3873,1.85E-06
3874,1.86E-06
3875,1.86E-06
3876,1.86E-06
3877,1.86E-06
3878,1.87E-06
3879,1.87E-06
3880,1.87E-06
3881,1.88E-06
3882,1.88E-06
3883,1.89E-06
3884,1.90E-06
3885,1.90E-06
3886,1.91E-06
3887,1.91E-06
3888,1.92E-06
3889,1.92E-06
3890,1.92E-06
3891,1.92E-06
3892,1.93E-06
3893,1.93E-06
3894,1.94E-06
3895,1.94E-06
3896,1.95E-06
3897,1.95E-06
3898,1.95E-06
3899,1.96E-06
3900,1.96E-06
3901,1.96E-06
3902,1.97E-06
3903,1.98E-06
3904,1.98E-06
3905,1.98E-06
3906,1.99E-06
3907,1.99E-06
3908,2.00E-06
3909,2.00E-06
3910,2.00E-06
3911,2.01E-06
3912,2.01E-06
3913,2.01E-06
3914,2.02E-06
3915,2.02E-06
3916,2.03E-06
3917,2.03E-06
3918,2.04E-06
3919,2.04E-06
3920,2.05E-06
3921,2.05E-06
3922,2.05E-06
3923,2.06E-06
3924,2.06E-06
3925,2.07E-06
3926,2.07E-06
3927,2.07E-06
3928,2.08E-06
3929,2.08E-06
3930,2.09E-06
3931,2.09E-06
3932,2.09E-06
3933,2.10E-06
3934,2.10E-06
3935,2.11E-06
3936,2.11E-06
3937,2.11E-06
3938,2.12E-06
3939,2.12E-06
3940,2.12E-06
3941,2.13E-06
3942,2.13E-06
3943,2.13E-06
3944,2.14E-06
3945,2.14E-06
3946,2.14E-06
3947,2.14E-06
3948,2.15E-06
3949,2.15E-06
3950,2.16E-06
3951,2.16E-06
3952,2.16E-06
3953,2.17E-06
3954,2.17E-06
3955,2.18E-06
3956,2.18E-06
3957,2.18E-06
3958,2.18E-06
3959,2.19E-06
3960,2.19E-06
3961,2.20E-06
3962,2.20E-06
3963,2.21E-06
3964,2.21E-06
3965,2.21E-06
3966,2.22E-06
3967,2.22E-06
3968,2.22E-06
3969,2.23E-06
3970,2.23E-06
3971,2.23E-06
3972,2.24E-06
3973,2.24E-06
3974,2.25E-06
3975,2.25E-06
3976,2.26E-06
3977,2.26E-06
3978,2.26E-06
3979,2.26E-06
3980,2.27E-06
3981,2.27E-06
3982,2.28E-06
3983,2.28E-06
3984,2.28E-06
3985,2.28E-06
3986,2.29E-06
3987,2.29E-06
3988,2.30E-06
3989,2.30E-06
3990,2.30E-06
3991,2.30E-06
3992,2.31E-06
3993,2.31E-06
3994,2.32E-06
3995,2.32E-06
3996,2.32E-06
3997,2.33E-06
3998,2.33E-06
3999,2.33E-06
4000,2.34E-06
4001,2.34E-06
4002,2.34E-06
4003,2.35E-06
4004,2.35E-06
4005,2.35E-06
4006,2.35E-06
4007,2.36E-06
4008,2.36E-06
4009,2.36E-06
4010,2.37E-06
4011,2.37E-06
4012,2.37E-06
4013,2.38E-06
4014,2.38E-06
4015,2.38E-06
4016,2.39E-06
4017,2.39E-06
4018,2.40E-06
4019,2.40E-06
4020,2.40E-06
4021,2.41E-06
4022,2.41E-06
4023,2.42E-06
4024,2.42E-06
4025,2.42E-06
4026,2.42E-06
4027,2.43E-06
4028,2.43E-06
4029,2.43E-06
4030,2.44E-06
4031,2.44E-06
4032,2.44E-06
4033,2.44E-06
4034,2.45E-06
4035,2.46E-06
4036,2.46E-06
4037,2.46E-06
4038,2.46E-06
4039,2.47E-06
4040,2.47E-06
4041,2.47E-06
4042,2.48E-06
4043,2.48E-06
4044,2.48E-06
4045,2.48E-06
4046,2.48E-06
4047,2.49E-06
4048,2.49E-06
4049,2.50E-06
4050,2.50E-06
4051,2.50E-06
4052,2.50E-06
4053,2.51E-06
4054,2.51E-06
4055,2.51E-06
4056,2.51E-06
4057,2.52E-06
4058,2.52E-06
4059,2.53E-06
4060,2.53E-06
4061,2.53E-06
4062,2.54E-06
4063,2.54E-06
4064,2.54E-06
4065,2.54E-06
4066,2.55E-06
4067,2.55E-06
4068,2.55E-06
4069,2.55E-06
4070,2.56E-06
4071,2.56E-06
4072,2.56E-06
4073,2.56E-06
4074,2.57E-06
4075,2.57E-06
4076,2.57E-06
4077,2.57E-06
4078,2.58E-06
4079,2.58E-06
4080,2.59E-06
4081,2.59E-06
4082,2.59E-06
4083,2.60E-06
4084,2.60E-06
4085,2.60E-06
4086,2.60E-06
4087,2.61E-06
4088,2.61E-06
4089,2.61E-06
4090,2.61E-06
4091,2.62E-06
4092,2.62E-06
4093,2.62E-06
4094,2.63E-06
4095,2.63E-06
4096,2.63E-06
4097,2.63E-06
4098,2.64E-06
4099,2.64E-06
4100,2.65E-06
4101,2.65E-06
4102,2.65E-06
4103,2.65E-06
4104,2.66E-06
4105,2.66E-06
4106,2.66E-06
4107,2.66E-06
4108,2.67E-06
4109,2.67E-06
4110,2.67E-06
4111,2.67E-06
4112,2.68E-06
4113,2.69E-06
4114,2.69E-06
4115,2.69E-06
4116,2.69E-06
4117,2.70E-06
4118,2.70E-06
4119,2.70E-06
4120,2.70E-06
4121,2.71E-06
4122,2.71E-06
4123,2.71E-06
4124,2.71E-06
4125,2.72E-06
4126,2.72E-06
4127,2.72E-06
4128,2.72E-06
4129,2.73E-06
4130,2.73E-06
4131,2.73E-06
4132,2.73E-06
4133,2.74E-06
4134,2.74E-06
4135,2.75E-06
4136,2.75E-06
4137,2.75E-06
4138,2.75E-06
4139,2.76E-06
4140,2.76E-06
4141,2.76E-06
4142,2.76E-06
4143,2.77E-06
4144,2.77E-06
4145,2.77E-06
4146,2.77E-06
4147,2.78E-06
4148,2.78E-06
4149,2.78E-06
4150,2.79E-06
4151,2.79E-06
4152,2.79E-06
4153,2.79E-06
4154,2.80E-06
4155,2.80E-06
4156,2.80E-06
4157,2.81E-06
4158,2.81E-06
4159,2.81E-06
4160,2.81E-06
4161,2.81E-06
4162,2.82E-06
4163,2.82E-06
4164,2.82E-06
4165,2.83E-06
4166,2.83E-06
4167,2.83E-06
4168,2.83E-06
4169,2.84E-06
4170,2.84E-06
4171,2.84E-06
4172,2.84E-06
4173,2.84E-06
4174,2.84E-06
4175,2.85E-06
4176,2.85E-06
4177,2.85E-06
4178,2.85E-06
4179,2.86E-06
4180,2.86E-06
4181,2.86E-06
4182,2.87E-06
4183,2.87E-06
4184,2.87E-06
4185,2.87E-06
4186,2.88E-06
4187,2.88E-06
4188,2.88E-06
4189,2.88E-06
4190,2.89E-06
4191,2.89E-06
4192,2.89E-06
4193,2.90E-06
4194,2.90E-06
4195,2.90E-06
4196,2.90E-06
4197,2.90E-06
4198,2.91E-06
4199,2.91E-06
4200,2.91E-06
4201,2.91E-06
4202,2.91E-06
4203,2.92E-06
4204,2.92E-06
4205,2.92E-06
4206,2.93E-06
4207,2.93E-06
4208,2.93E-06
4209,2.93E-06
4210,2.94E-06
4211,2.94E-06
4212,2.94E-06
4213,2.94E-06
4214,2.95E-06
4215,2.95E-06
4216,2.95E-06
4217,2.96E-06
4218,2.96E-06
4219,2.96E-06
4220,2.96E-06
4221,2.97E-06
4222,2.97E-06
4223,2.97E-06
4224,2.98E-06
4225,2.98E-06
4226,2.98E-06
4227,2.98E-06
4228,2.98E-06
4229,2.99E-06
4230,2.99E-06
4231,2.99E-06
4232,3.00E-06
4233,3.00E-06
4234,3.00E-06
4235,3.00E-06
4236,3.00E-06
4237,3.01E-06
4238,3.01E-06
4239,3.01E-06
4240,3.01E-06
4241,3.02E-06
4242,3.02E-06
4243,3.02E-06
4244,3.03E-06
4245,3.03E-06
4246,3.03E-06
4247,3.03E-06
4248,3.03E-06
4249,3.04E-06
4250,3.04E-06
4251,3.04E-06
4252,3.04E-06
4253,3.05E-06
4254,3.05E-06
4255,3.05E-06
4256,3.05E-06
4257,3.06E-06
4258,3.06E-06
4259,3.06E-06
4260,3.06E-06
4261,3.07E-06
4262,3.07E-06
4263,3.07E-06
4264,3.07E-06
4265,3.08E-06
4266,3.08E-06
4267,3.08E-06
4268,3.08E-06
4269,3.08E-06
4270,3.09E-06
4271,3.09E-06
4272,3.09E-06
4273,3.09E-06
4274,3.10E-06
4275,3.10E-06
4276,3.10E-06
4277,3.11E-06
4278,3.11E-06
4279,3.11E-06
4280,3.11E-06
4281,3.12E-06
4282,3.12E-06
4283,3.12E-06
4284,3.12E-06
4285,3.13E-06
4286,3.13E-06
4287,3.13E-06
4288,3.13E-06
4289,3.14E-06
4290,3.14E-06
4291,3.14E-06
4292,3.14E-06
4293,3.15E-06
4294,3.15E-06
4295,3.15E-06
4296,3.15E-06
4297,3.15E-06
4298,3.16E-06
4299,3.16E-06
4300,3.16E-06
4301,3.16E-06
4302,3.17E-06
4303,3.17E-06
4304,3.17E-06
4305,3.17E-06
4306,3.18E-06
4307,3.18E-06
4308,3.18E-06
4309,3.18E-06
4310,3.19E-06
4311,3.19E-06
4312,3.19E-06
4313,3.19E-06
4314,3.19E-06
4315,3.20E-06
4316,3.20E-06
4317,3.21E-06
4318,3.21E-06
4319,3.21E-06
4320,3.21E-06
4321,3.21E-06
4322,3.21E-06
4323,3.22E-06
4324,3.22E-06
4325,3.22E-06
4326,3.22E-06
4327,3.22E-06
4328,3.23E-06
4329,3.23E-06
4330,3.23E-06
4331,3.24E-06
4332,3.24E-06
4333,3.24E-06
4334,3.24E-06
4335,3.25E-06
4336,3.25E-06
4337,3.25E-06
4338,3.25E-06
4339,3.25E-06
4340,3.25E-06
4341,3.26E-06
4342,3.26E-06
4343,3.26E-06
4344,3.26E-06
4345,3.27E-06
4346,3.27E-06
4347,3.27E-06
4348,3.27E-06
4349,3.28E-06
4350,3.28E-06
4351,3.28E-06
4352,3.29E-06
4353,3.29E-06
4354,3.29E-06
4355,3.29E-06
4356,3.29E-06
4357,3.30E-06
4358,3.30E-06
4359,3.30E-06
4360,3.30E-06
4361,3.30E-06
4362,3.31E-06
4363,3.31E-06
4364,3.31E-06
4365,3.31E-06
4366,3.32E-06
4367,3.32E-06
4368,3.32E-06
4369,3.32E-06
4370,3.33E-06
4371,3.33E-06
4372,3.33E-06
4373,3.34E-06
4374,3.34E-06
4375,3.34E-06
4376,3.34E-06
4377,3.34E-06
4378,3.35E-06
4379,3.35E-06
4380,3.35E-06
4381,3.35E-06
4382,3.35E-06
4383,3.36E-06
4384,3.36E-06
4385,3.36E-06
4386,3.36E-06
4387,3.37E-06
4388,3.37E-06
4389,3.37E-06
4390,3.37E-06
4391,3.37E-06
4392,3.38E-06
4393,3.38E-06
4394,3.38E-06
4395,3.38E-06
4396,3.38E-06
4397,3.39E-06
4398,3.39E-06
4399,3.39E-06
4400,3.40E-06
4401,3.40E-06
4402,3.40E-06
4403,3.40E-06
4404,3.40E-06
4405,3.40E-06
4406,3.41E-06
4407,3.41E-06
4408,3.41E-06
4409,3.41E-06
4410,3.41E-06
4411,3.42E-06
4412,3.42E-06
4413,3.42E-06
4414,3.43E-06
4415,3.43E-06
4416,3.43E-06
4417,3.43E-06
4418,3.43E-06
4419,3.43E-06
4420,3.44E-06
4421,3.44E-06
4422,3.44E-06
4423,3.44E-06
4424,3.45E-06
4425,3.45E-06
4426,3.45E-06
4427,3.45E-06
4428,3.46E-06
4429,3.46E-06
4430,3.46E-06
4431,3.46E-06
4432,3.47E-06
4433,3.47E-06
4434,3.47E-06
4435,3.47E-06
4436,3.48E-06
4437,3.48E-06
4438,3.48E-06
4439,3.48E-06
4440,3.49E-06
4441,3.49E-06
4442,3.49E-06
4443,3.49E-06
4444,3.50E-06
4445,3.50E-06
4446,3.50E-06
4447,3.50E-06
4448,3.51E-06
4449,3.51E-06
4450,3.51E-06
4451,3.51E-06
4452,3.51E-06
4453,3.52E-06
4454,3.52E-06
4455,3.52E-06
4456,3.52E-06
4457,3.52E-06
4458,3.53E-06
4459,3.53E-06
4460,3.53E-06
4461,3.53E-06
4462,3.54E-06
4463,3.54E-06
4464,3.54E-06
4465,3.54E-06
4466,3.54E-06
4467,3.54E-06
4468,3.55E-06
4469,3.55E-06
4470,3.55E-06
4471,3.56E-06
4472,3.56E-06
4473,3.56E-06
4474,3.56E-06
4475,3.57E-06
4476,3.57E-06
4477,3.57E-06
4478,3.57E-06
4479,3.57E-06
4480,3.58E-06
4481,3.58E-06
4482,3.58E-06
4483,3.58E-06
4484,3.59E-06
4485,3.59E-06
4486,3.59E-06
4487,3.59E-06
4488,3.59E-06
4489,3.59E-06
4490,3.59E-06
4491,3.60E-06
4492,3.60E-06
4493,3.60E-06
4494,3.61E-06
4495,3.61E-06
4496,3.61E-06
4497,3.61E-06
4498,3.61E-06
4499,3.62E-06
4500,3.62E-06
4501,3.62E-06
4502,3.62E-06
4503,3.63E-06
4504,3.63E-06
4505,3.63E-06
4506,3.63E-06
4507,3.64E-06
4508,3.64E-06
4509,3.64E-06
4510,3.64E-06
4511,3.64E-06
4512,3.65E-06
4513,3.65E-06
4514,3.65E-06
4515,3.66E-06
4516,3.66E-06
4517,3.66E-06
4518,3.66E-06
4519,3.66E-06
4520,3.67E-06
4521,3.67E-06
4522,3.67E-06
4523,3.67E-06
4524,3.67E-06
4525,3.68E-06
4526,3.68E-06
4527,3.68E-06
4528,3.68E-06
4529,3.68E-06
4530,3.69E-06
4531,3.69E-06
4532,3.69E-06
4533,3.69E-06
4534,3.69E-06
4535,3.70E-06
4536,3.70E-06
4537,3.70E-06
4538,3.70E-06
4539,3.71E-06
4540,3.71E-06
4541,3.71E-06
4542,3.71E-06
4543,3.71E-06
4544,3.72E-06
4545,3.72E-06
4546,3.72E-06
4547,3.72E-06
4548,3.72E-06
4549,3.73E-06
4550,3.73E-06
4551,3.73E-06
4552,3.73E-06
4553,3.74E-06
4554,3.74E-06
4555,3.74E-06
4556,3.74E-06
4557,3.74E-06
4558,3.75E-06
4559,3.75E-06
4560,3.75E-06
4561,3.75E-06
4562,3.76E-06
4563,3.76E-06
4564,3.76E-06
4565,3.76E-06
4566,3.76E-06
4567,3.76E-06
4568,3.77E-06
4569,3.77E-06
4570,3.77E-06
4571,3.77E-06
4572,3.78E-06
4573,3.78E-06
4574,3.78E-06
4575,3.78E-06
4576,3.79E-06
4577,3.79E-06
4578,3.79E-06
4579,3.79E-06
4580,3.80E-06
4581,3.80E-06
4582,3.80E-06
4583,3.80E-06
4584,3.80E-06
4585,3.81E-06
4586,3.81E-06
4587,3.81E-06
4588,3.81E-06
4589,3.81E-06
4590,3.81E-06
4591,3.82E-06
4592,3.82E-06
4593,3.82E-06
4594,3.83E-06
4595,3.83E-06
4596,3.83E-06
4597,3.83E-06
4598,3.83E-06
4599,3.83E-06
4600,3.84E-06
4601,3.84E-06
4602,3.84E-06
4603,3.84E-06
4604,3.85E-06
4605,3.85E-06
4606,3.85E-06
4607,3.85E-06
4608,3.86E-06
4609,3.86E-06
4610,3.86E-06
4611,3.86E-06
4612,3.86E-06
4613,3.87E-06
4614,3.87E-06
4615,3.87E-06
4616,3.87E-06
4617,3.88E-06
4618,3.88E-06
4619,3.88E-06
4620,3.88E-06
4621,3.89E-06
4622,3.89E-06
4623,3.89E-06
4624,3.89E-06
4625,3.89E-06
4626,3.89E-06
4627,3.90E-06
4628,3.90E-06
4629,3.91E-06
4630,3.91E-06
4631,3.91E-06
4632,3.91E-06
4633,3.91E-06
4634,3.92E-06
4635,3.92E-06
4636,3.92E-06
4637,3.92E-06
4638,3.92E-06
4639,3.92E-06
4640,3.93E-06
4641,3.93E-06
4642,3.93E-06
4643,3.94E-06
4644,3.94E-06
4645,3.94E-06
4646,3.94E-06
4647,3.94E-06
4648,3.94E-06
4649,3.95E-06
4650,3.95E-06
4651,3.95E-06
4652,3.95E-06
4653,3.96E-06
4654,3.96E-06
4655,3.96E-06
4656,3.96E-06
4657,3.96E-06
4658,3.97E-06
4659,3.97E-06
4660,3.97E-06
4661,3.98E-06
4662,3.98E-06
4663,3.98E-06
4664,3.98E-06
4665,3.98E-06
4666,3.98E-06
4667,3.99E-06
4668,3.99E-06
4669,3.99E-06
4670,3.99E-06
4671,4.00E-06
4672,4.00E-06
4673,4.00E-06
4674,4.01E-06
4675,4.01E-06
4676,4.01E-06
4677,4.01E-06
4678,4.01E-06
4679,4.02E-06
4680,4.02E-06
4681,4.02E-06
4682,4.02E-06
4683,4.02E-06
4684,4.03E-06
4685,4.03E-06
4686,4.03E-06
4687,4.03E-06
4688,4.04E-06
4689,4.04E-06
4690,4.04E-06
4691,4.04E-06
4692,4.04E-06
4693,4.05E-06
4694,4.05E-06
4695,4.05E-06
4696,4.05E-06
4697,4.06E-06
4698,4.06E-06
4699,4.06E-06
4700,4.06E-06
4701,4.07E-06
4702,4.07E-06
4703,4.07E-06
4704,4.07E-06
4705,4.07E-06
4706,4.08E-06
4707,4.08E-06
4708,4.08E-06
4709,4.08E-06
4710,4.09E-06
4711,4.09E-06
4712,4.09E-06
4713,4.09E-06
4714,4.10E-06
4715,4.10E-06
4716,4.10E-06
4717,4.10E-06
4718,4.10E-06
4719,4.11E-06
4720,4.11E-06
4721,4.11E-06
4722,4.11E-06
4723,4.11E-06
4724,4.12E-06
4725,4.12E-06
4726,4.12E-06
4727,4.12E-06
4728,4.12E-06
4729,4.13E-06
4730,4.13E-06
4731,4.13E-06
4732,4.13E-06
4733,4.14E-06
4734,4.14E-06
4735,4.14E-06
4736,4.15E-06
4737,4.15E-06
4738,4.15E-06
4739,4.15E-06
4740,4.15E-06
4741,4.16E-06
4742,4.16E-06
4743,4.16E-06
4744,4.17E-06
4745,4.17E-06
4746,4.17E-06
4747,4.17E-06
4748,4.17E-06
4749,4.17E-06
4750,4.18E-06
4751,4.18E-06
4752,4.18E-06
4753,4.18E-06
4754,4.19E-06
4755,4.19E-06
4756,4.19E-06
4757,4.19E-06
4758,4.19E-06
4759,4.20E-06
4760,4.20E-06
4761,4.20E-06
4762,4.20E-06
4763,4.21E-06
4764,4.21E-06
4765,4.21E-06
4766,4.21E-06
4767,4.22E-06
4768,4.22E-06
4769,4.22E-06
4770,4.22E-06
4771,4.22E-06
4772,4.23E-06
4773,4.23E-06
4774,4.23E-06
4775,4.23E-06
4776,4.24E-06
4777,4.24E-06
4778,4.24E-06
4779,4.24E-06
4780,4.24E-06
4781,4.24E-06
4782,4.25E-06
4783,4.25E-06
4784,4.26E-06
4785,4.26E-06
4786,4.26E-06
4787,4.26E-06
4788,4.26E-06
4789,4.27E-06
4790,4.27E-06
4791,4.27E-06
4792,4.27E-06
4793,4.28E-06
4794,4.28E-06
4795,4.28E-06
4796,4.28E-06
4797,4.29E-06
4798,4.29E-06
4799,4.29E-06
4800,4.29E-06
4801,4.30E-06
4802,4.30E-06
4803,4.30E-06
4804,4.30E-06
4805,4.30E-06
4806,4.31E-06
4807,4.31E-06
4808,4.31E-06
4809,4.31E-06
4810,4.32E-06
4811,4.32E-06
4812,4.32E-06
4813,4.32E-06
4814,4.32E-06
4815,4.33E-06
4816,4.33E-06
4817,4.33E-06
4818,4.33E-06
4819,4.34E-06
4820,4.34E-06
4821,4.34E-06
4822,4.34E-06
4823,4.35E-06
4824,4.35E-06
4825,4.35E-06
4826,4.35E-06
4827,4.36E-06
4828,4.36E-06
4829,4.36E-06
4830,4.36E-06
4831,4.37E-06
4832,4.37E-06
4833,4.37E-06
4834,4.37E-06
4835,4.38E-06
4836,4.38E-06
4837,4.38E-06
4838,4.38E-06
4839,4.38E-06
4840,4.39E-06
4841,4.39E-06
4842,4.39E-06
4843,4.39E-06
4844,4.40E-06
4845,4.40E-06
4846,4.40E-06
4847,4.40E-06
4848,4.40E-06
4849,4.41E-06
4850,4.41E-06
4851,4.41E-06
4852,4.42E-06
4853,4.42E-06
4854,4.42E-06
4855,4.42E-06
4856,4.42E-06
4857,4.43E-06
4858,4.43E-06
4859,4.43E-06
4860,4.43E-06
4861,4.44E-06
4862,4.44E-06
4863,4.44E-06
4864,4.44E-06
4865,4.44E-06
4866,4.45E-06
4867,4.45E-06
4868,4.45E-06
4869,4.46E-06
4870,4.46E-06
4871,4.46E-06
4872,4.46E-06
4873,4.47E-06
4874,4.47E-06
4875,4.47E-06
4876,4.47E-06
4877,4.47E-06
4878,4.48E-06
4879,4.48E-06
4880,4.48E-06
4881,4.48E-06
4882,4.49E-06
4883,4.49E-06
4884,4.49E-06
4885,4.49E-06
4886,4.50E-06
4887,4.50E-06
4888,4.50E-06
4889,4.50E-06
4890,4.51E-06
4891,4.51E-06
4892,4.51E-06
4893,4.51E-06
4894,4.51E-06
4895,4.52E-06
4896,4.52E-06
4897,4.52E-06
4898,4.52E-06
4899,4.53E-06
4900,4.53E-06
4901,4.53E-06
4902,4.53E-06
4903,4.54E-06
4904,4.54E-06
4905,4.54E-06
4906,4.54E-06
4907,4.54E-06
4908,4.55E-06
4909,4.55E-06
4910,4.55E-06
4911,4.55E-06
4912,4.56E-06
4913,4.56E-06
4914,4.56E-06
4915,4.56E-06
4916,4.56E-06
4917,4.56E-06
4918,4.57E-06
4919,4.57E-06
4920,4.57E-06
4921,4.57E-06
4922,4.58E-06
4923,4.58E-06
4924,4.58E-06
4925,4.58E-06
4926,4.58E-06
4927,4.59E-06
4928,4.59E-06
4929,4.60E-06
4930,4.60E-06
4931,4.60E-06
4932,4.60E-06
4933,4.60E-06
4934,4.61E-06
4935,4.61E-06
4936,4.61E-06
4937,4.61E-06
4938,4.61E-06
4939,4.62E-06
4940,4.62E-06
4941,4.62E-06
4942,4.62E-06
4943,4.63E-06
4944,4.63E-06
4945,4.63E-06
4946,4.63E-06
4947,4.64E-06
4948,4.64E-06
4949,4.64E-06
4950,4.64E-06
4951,4.65E-06
4952,4.65E-06
4953,4.65E-06
4954,4.65E-06
4955,4.65E-06
4956,4.66E-06
4957,4.66E-06
4958,4.66E-06
4959,4.67E-06
4960,4.67E-06
4961,4.67E-06
4962,4.67E-06
4963,4.67E-06
4964,4.68E-06
4965,4.68E-06
4966,4.68E-06
4967,4.68E-06
4968,4.69E-06
4969,4.69E-06
4970,4.69E-06
4971,4.69E-06
4972,4.69E-06
4973,4.70E-06
4974,4.70E-06
4975,4.70E-06
4976,4.71E-06
4977,4.71E-06
4978,4.71E-06
4979,4.71E-06
4980,4.71E-06
4981,4.72E-06
4982,4.72E-06
4983,4.72E-06
4984,4.72E-06
4985,4.73E-06
4986,4.73E-06
4987,4.73E-06
4988,4.74E-06
4989,4.74E-06
4990,4.74E-06
4991,4.74E-06
4992,4.74E-06
4993,4.75E-06
4994,4.75E-06
4995,4.75E-06
4996,4.75E-06
4997,4.76E-06
4998,4.76E-06
4999,4.76E-06
5000,4.76E-06
5001,4.76E-06
5002,4.77E-06
5003,4.77E-06
5004,4.77E-06
5005,4.77E-06
5006,4.77E-06
5007,4.78E-06
5008,4.78E-06
5009,4.78E-06
5010,4.78E-06
5011,4.79E-06
5012,4.79E-06
5013,4.79E-06
5014,4.79E-06
5015,4.79E-06
5016,4.80E-06
5017,4.80E-06
5018,4.80E-06
5019,4.81E-06
5020,4.81E-06
5021,4.81E-06
5022,4.81E-06
5023,4.82E-06
5024,4.82E-06
5025,4.82E-06
5026,4.82E-06
5027,4.82E-06
5028,4.83E-06
5029,4.83E-06
5030,4.83E-06
5031,4.84E-06
5032,4.84E-06
5033,4.84E-06
5034,4.84E-06
5035,4.84E-06
5036,4.84E-06
5037,4.85E-06
5038,4.85E-06
5039,4.85E-06
5040,4.86E-06
5041,4.86E-06
5042,4.86E-06
5043,4.86E-06
5044,4.86E-06
5045,4.87E-06
5046,4.87E-06
5047,4.87E-06
5048,4.87E-06
5049,4.87E-06
5050,4.88E-06
5051,4.88E-06
5052,4.88E-06
5053,4.89E-06
5054,4.89E-06
5055,4.89E-06
5056,4.89E-06
5057,4.90E-06
5058,4.90E-06
5059,4.90E-06
5060,4.90E-06
5061,4.90E-06
5062,4.91E-06
5063,4.91E-06
5064,4.91E-06
5065,4.91E-06
5066,4.92E-06
5067,4.92E-06
5068,4.92E-06
5069,4.92E-06
5070,4.93E-06
5071,4.93E-06
5072,4.93E-06
5073,4.93E-06
5074,4.93E-06
5075,4.93E-06
5076,4.94E-06
5077,4.94E-06
5078,4.94E-06
5079,4.95E-06
5080,4.95E-06
5081,4.95E-06
5082,4.95E-06
5083,4.95E-06
5084,4.95E-06
5085,4.96E-06
5086,4.96E-06
5087,4.96E-06
5088,4.97E-06
5089,4.97E-06
5090,4.97E-06
5091,4.97E-06
5092,4.98E-06
5093,4.98E-06
5094,4.98E-06
5095,4.98E-06
5096,4.99E-06
5097,4.99E-06
5098,4.99E-06
5099,4.99E-06
5100,5.00E-06
5101,5.00E-06
5102,5.00E-06
5103,5.00E-06
5104,5.01E-06
5105,5.01E-06
5106,5.01E-06
5107,5.01E-06
5108,5.01E-06
5109,5.02E-06
5110,5.02E-06
5111,5.02E-06
5112,5.02E-06
5113,5.03E-06
5114,5.03E-06
5115,5.03E-06
5116,5.03E-06
5117,5.03E-06
5118,5.04E-06
5119,5.04E-06
5120,5.04E-06
5121,5.04E-06
5122,5.05E-06
5123,5.05E-06
5124,5.05E-06
5125,5.05E-06
5126,5.06E-06
5127,5.06E-06
5128,5.06E-06
5129,5.06E-06
5130,5.07E-06
5131,5.07E-06
5132,5.07E-06
5133,5.07E-06
5134,5.07E-06
5135,5.08E-06
5136,5.08E-06
5137,5.08E-06
5138,5.08E-06
5139,5.08E-06
5140,5.09E-06
5141,5.09E-06
5142,5.09E-06
5143,5.09E-06
5144,5.09E-06
5145,5.10E-06
5146,5.10E-06
5147,5.10E-06
5148,5.10E-06
5149,5.11E-06
5150,5.11E-06
5151,5.11E-06
5152,5.11E-06
5153,5.12E-06
5154,5.12E-06
5155,5.12E-06
5156,5.12E-06
5157,5.12E-06
5158,5.13E-06
5159,5.13E-06
5160,5.13E-06
5161,5.13E-06
5162,5.14E-06
5163,5.14E-06
5164,5.14E-06
5165,5.14E-06
5166,5.15E-06
5167,5.15E-06
5168,5.15E-06
5169,5.15E-06
5170,5.15E-06
5171,5.16E-06
5172,5.16E-06
5173,5.16E-06
5174,5.16E-06
5175,5.16E-06
5176,5.17E-06
5177,5.17E-06
5178,5.17E-06
5179,5.17E-06
5180,5.18E-06
5181,5.18E-06
5182,5.18E-06
5183,5.18E-06
5184,5.18E-06
5185,5.19E-06
5186,5.19E-06
5187,5.19E-06
5188,5.19E-06
5189,5.20E-06
5190,5.20E-06
5191,5.20E-06
5192,5.20E-06
5193,5.21E-06
5194,5.21E-06
5195,5.21E-06
5196,5.21E-06
5197,5.22E-06
5198,5.22E-06
5199,5.22E-06
5200,5.22E-06
5201,5.22E-06
5202,5.23E-06
5203,5.23E-06
5204,5.23E-06
5205,5.23E-06
5206,5.23E-06
5207,5.24E-06
5208,5.24E-06
5209,5.24E-06
5210,5.24E-06
5211,5.25E-06
5212,5.25E-06
5213,5.25E-06
5214,5.25E-06
5215,5.26E-06
5216,5.26E-06
5217,5.26E-06
5218,5.26E-06
5219,5.26E-06
5220,5.27E-06
5221,5.27E-06
5222,5.27E-06
5223,5.27E-06
5224,5.28E-06
5225,5.28E-06
5226,5.28E-06
5227,5.28E-06
5228,5.28E-06
5229,5.29E-06
5230,5.29E-06
5231,5.29E-06
5232,5.29E-06
5233,5.29E-06
5234,5.30E-06
5235,5.30E-06
5236,5.30E-06
5237,5.31E-06
5238,5.31E-06
5239,5.31E-06
5240,5.31E-06
5241,5.31E-06
5242,5.32E-06
5243,5.32E-06
5244,5.32E-06
5245,5.32E-06
5246,5.32E-06
5247,5.32E-06
5248,5.33E-06
5249,5.33E-06
5250,5.33E-06
5251,5.33E-06
5252,5.33E-06
5253,5.34E-06
5254,5.34E-06
5255,5.34E-06
5256,5.34E-06
5257,5.35E-06
5258,5.35E-06
5259,5.35E-06
5260,5.35E-06
5261,5.35E-06
5262,5.36E-06
5263,5.36E-06
5264,5.36E-06
5265,5.36E-06
5266,5.37E-06
5267,5.37E-06
5268,5.37E-06
5269,5.37E-06
5270,5.37E-06
5271,5.38E-06
5272,5.38E-06
5273,5.38E-06
5274,5.38E-06
5275,5.38E-06
5276,5.39E-06
5277,5.39E-06
5278,5.39E-06
5279,5.39E-06
5280,5.39E-06
5281,5.40E-06
5282,5.40E-06
5283,5.40E-06
5284,5.40E-06
5285,5.40E-06
5286,5.41E-06
5287,5.41E-06
5288,5.41E-06
5289,5.41E-06
5290,5.42E-06
5291,5.42E-06
5292,5.42E-06
5293,5.42E-06
5294,5.42E-06
5295,5.42E-06
5296,5.43E-06
5297,5.43E-06
5298,5.43E-06
5299,5.43E-06
5300,5.44E-06
5301,5.44E-06
5302,5.44E-06
5303,5.44E-06
5304,5.45E-06
5305,5.45E-06
5306,5.45E-06
5307,5.45E-06
5308,5.45E-06
5309,5.46E-06
5310,5.46E-06
5311,5.46E-06
5312,5.46E-06
5313,5.46E-06
5314,5.47E-06
5315,5.47E-06
5316,5.47E-06
5317,5.47E-06
5318,5.47E-06
5319,5.48E-06
5320,5.48E-06
5321,5.48E-06
5322,5.48E-06
5323,5.48E-06
5324,5.49E-06
5325,5.49E-06
5326,5.49E-06
5327,5.49E-06
5328,5.49E-06
5329,5.50E-06
5330,5.50E-06
5331,5.50E-06
5332,5.50E-06
5333,5.51E-06
5334,5.51E-06
5335,5.51E-06
5336,5.51E-06
5337,5.51E-06
5338,5.51E-06
5339,5.52E-06
5340,5.52E-06
5341,5.52E-06
5342,5.52E-06
5343,5.53E-06
5344,5.53E-06
5345,5.53E-06
5346,5.53E-06
5347,5.53E-06
5348,5.54E-06
5349,5.54E-06
5350,5.54E-06
5351,5.54E-06
5352,5.54E-06
5353,5.55E-06
5354,5.55E-06
5355,5.55E-06
5356,5.55E-06
5357,5.55E-06
5358,5.56E-06
5359,5.56E-06
5360,5.56E-06
5361,5.56E-06
5362,5.57E-06
5363,5.57E-06
5364,5.57E-06
5365,5.57E-06
5366,5.57E-06
5367,5.57E-06
5368,5.57E-06
5369,5.58E-06
5370,5.58E-06
5371,5.58E-06
5372,5.59E-06
5373,5.59E-06
5374,5.59E-06
5375,5.59E-06
5376,5.59E-06
5377,5.59E-06
5378,5.60E-06
5379,5.60E-06
5380,5.60E-06
5381,5.60E-06
5382,5.60E-06
5383,5.61E-06
5384,5.61E-06
5385,5.61E-06
5386,5.61E-06
5387,5.62E-06
5388,5.62E-06
5389,5.62E-06
5390,5.62E-06
5391,5.62E-06
5392,5.63E-06
5393,5.63E-06
5394,5.63E-06
5395,5.63E-06
5396,5.63E-06
5397,5.64E-06
5398,5.64E-06
5399,5.64E-06
5400,5.64E-06
5401,5.64E-06
5402,5.65E-06
5403,5.65E-06
5404,5.65E-06
5405,5.65E-06
5406,5.65E-06
5407,5.65E-06
5408,5.66E-06
5409,5.66E-06
5410,5.66E-06
5411,5.66E-06
5412,5.66E-06
5413,5.67E-06
5414,5.67E-06
5415,5.67E-06
5416,5.67E-06
5417,5.67E-06
5418,5.67E-06
5419,5.68E-06
5420,5.68E-06
5421,5.68E-06
5422,5.68E-06
5423,5.68E-06
5424,5.69E-06
5425,5.69E-06
5426,5.69E-06
5427,5.69E-06
5428,5.69E-06
5429,5.70E-06
5430,5.70E-06
5431,5.70E-06
5432,5.70E-06
5433,5.71E-06
5434,5.71E-06
5435,5.71E-06
5436,5.71E-06
5437,5.71E-06
5438,5.72E-06
5439,5.72E-06
5440,5.72E-06
5441,5.72E-06
5442,5.72E-06
5443,5.72E-06
5444,5.73E-06
5445,5.73E-06
5446,5.73E-06
5447,5.73E-06
5448,5.73E-06
5449,5.74E-06
5450,5.74E-06
5451,5.74E-06
5452,5.74E-06
5453,5.74E-06
5454,5.74E-06
5455,5.75E-06
5456,5.75E-06
5457,5.75E-06
5458,5.75E-06
5459,5.75E-06
5460,5.75E-06
5461,5.76E-06
5462,5.76E-06
5463,5.76E-06
5464,5.76E-06
5465,5.76E-06
5466,5.77E-06
5467,5.77E-06
5468,5.77E-06
5469,5.77E-06
5470,5.77E-06
5471,5.77E-06
5472,5.78E-06
5473,5.78E-06
5474,5.78E-06
5475,5.78E-06
5476,5.78E-06
5477,5.78E-06
5478,5.79E-06
5479,5.79E-06
5480,5.79E-06
5481,5.79E-06
5482,5.80E-06
5483,5.80E-06
5484,5.80E-06
5485,5.80E-06
5486,5.80E-06
5487,5.81E-06
5488,5.81E-06
5489,5.81E-06
5490,5.81E-06
5491,5.81E-06
5492,5.81E-06
5493,5.82E-06
5494,5.82E-06
5495,5.82E-06
5496,5.82E-06
5497,5.82E-06
5498,5.82E-06
5499,5.83E-06
5500,5.83E-06
5501,5.83E-06
5502,5.83E-06
5503,5.83E-06
5504,5.84E-06
5505,5.84E-06
5506,5.84E-06
5507,5.84E-06
5508,5.84E-06
5509,5.85E-06
5510,5.85E-06
5511,5.85E-06
5512,5.85E-06
5513,5.85E-06
5514,5.86E-06
5515,5.86E-06
5516,5.86E-06
5517,5.86E-06
5518,5.86E-06
5519,5.87E-06
5520,5.87E-06
5521,5.87E-06
5522,5.87E-06
5523,5.87E-06
5524,5.88E-06
5525,5.88E-06
5526,5.88E-06
5527,5.88E-06
5528,5.88E-06
5529,5.88E-06
5530,5.89E-06
5531,5.89E-06
5532,5.89E-06
5533,5.89E-06
5534,5.89E-06
5535,5.90E-06
5536,5.90E-06
5537,5.90E-06
5538,5.90E-06
5539,5.90E-06
5540,5.90E-06
5541,5.91E-06
5542,5.91E-06
5543,5.91E-06
5544,5.91E-06
5545,5.91E-06
5546,5.91E-06
5547,5.91E-06
5548,5.92E-06
5549,5.92E-06
5550,5.92E-06
5551,5.92E-06
5552,5.92E-06
5553,5.93E-06
5554,5.93E-06
5555,5.93E-06
5556,5.93E-06
5557,5.93E-06
5558,5.93E-06
5559,5.94E-06
5560,5.94E-06
5561,5.94E-06
5562,5.94E-06
5563,5.94E-06
5564,5.95E-06
5565,5.95E-06
5566,5.95E-06
5567,5.95E-06
5568,5.95E-06
5569,5.95E-06
5570,5.96E-06
5571,5.96E-06
5572,5.96E-06
5573,5.96E-06
5574,5.96E-06
5575,5.96E-06
5576,5.97E-06
5577,5.97E-06
5578,5.97E-06
5579,5.97E-06
5580,5.97E-06
5581,5.98E-06
5582,5.98E-06
5583,5.98E-06
5584,5.98E-06
5585,5.98E-06
5586,5.98E-06
5587,5.99E-06
5588,5.99E-06
5589,5.99E-06
5590,5.99E-06
5591,5.99E-06
5592,6.00E-06
5593,6.00E-06
5594,6.00E-06
5595,6.00E-06
5596,6.00E-06
5597,6.00E-06
5598,6.00E-06
5599,6.01E-06
5600,6.01E-06
5601,6.01E-06
5602,6.01E-06
5603,6.01E-06
5604,6.01E-06
5605,6.02E-06
5606,6.02E-06
5607,6.02E-06
5608,6.02E-06
5609,6.02E-06
5610,6.02E-06
5611,6.02E-06
5612,6.02E-06
5613,6.03E-06
5614,6.03E-06
5615,6.03E-06
5616,6.03E-06
5617,6.03E-06
5618,6.04E-06
5619,6.04E-06
5620,6.04E-06
5621,6.04E-06
5622,6.04E-06
5623,6.04E-06
5624,6.04E-06
5625,6.05E-06
5626,6.05E-06
5627,6.05E-06
5628,6.05E-06
5629,6.05E-06
5630,6.05E-06
5631,6.05E-06
5632,6.05E-06
5633,6.06E-06
5634,6.06E-06
5635,6.06E-06
5636,6.06E-06
5637,6.06E-06
5638,6.06E-06
5639,6.06E-06
5640,6.06E-06
5641,6.07E-06
5642,6.07E-06
5643,6.07E-06
5644,6.07E-06
5645,6.07E-06
5646,6.07E-06
5647,6.07E-06
5648,6.08E-06
5649,6.08E-06
5650,6.08E-06
5651,6.08E-06
5652,6.08E-06
5653,6.08E-06
5654,6.08E-06
5655,6.08E-06
5656,6.09E-06
5657,6.09E-06
5658,6.09E-06
5659,6.09E-06
5660,6.09E-06
5661,6.09E-06
5662,6.09E-06
5663,6.09E-06
5664,6.09E-06
5665,6.09E-06
5666,6.10E-06
5667,6.10E-06
5668,6.10E-06
5669,6.10E-06
5670,6.10E-06
5671,6.10E-06
5672,6.10E-06
5673,6.10E-06
5674,6.10E-06
5675,6.11E-06
5676,6.11E-06
5677,6.11E-06
5678,6.11E-06
5679,6.11E-06
5680,6.11E-06
5681,6.11E-06
5682,6.11E-06
5683,6.11E-06
5684,6.11E-06
5685,6.11E-06
5686,6.11E-06
5687,6.12E-06
5688,6.12E-06
5689,6.12E-06
5690,6.12E-06
5691,6.12E-06
5692,6.12E-06
5693,6.12E-06
5694,6.12E-06
5695,6.12E-06
5696,6.12E-06
5697,6.12E-06
5698,6.12E-06
5699,6.12E-06
5700,6.12E-06
5701,6.12E-06
5702,6.13E-06
5703,6.13E-06
5704,6.13E-06
5705,6.13E-06
5706,6.13E-06
5707,6.13E-06
5708,6.13E-06
5709,6.13E-06
5710,6.13E-06
5711,6.13E-06
5712,6.13E-06
5713,6.13E-06
5714,6.13E-06
5715,6.13E-06
5716,6.13E-06
5717,6.13E-06
5718,6.13E-06
5719,6.13E-06
5720,6.13E-06
5721,6.13E-06
5722,6.14E-06
5723,6.14E-06
5724,6.14E-06
5725,6.14E-06
5726,6.14E-06
5727,6.14E-06
5728,6.14E-06
5729,6.14E-06
5730,6.14E-06
5731,6.14E-06
5732,6.14E-06
5733,6.14E-06
5734,6.14E-06
5735,6.14E-06
5736,6.15E-06
5737,6.15E-06
5738,6.15E-06
5739,6.15E-06
5740,6.15E-06
5741,6.15E-06
5742,6.15E-06
5743,6.15E-06
5744,6.15E-06
5745,6.15E-06
5746,6.16E-06
5747,6.16E-06
5748,6.16E-06
5749,6.16E-06
5750,6.16E-06
5751,6.16E-06
5752,6.16E-06
5753,6.17E-06
5754,6.17E-06
5755,6.17E-06
5756,6.17E-06
5757,6.17E-06
5758,6.17E-06
5759,6.18E-06
5760,6.18E-06
5761,6.18E-06
5762,6.18E-06
5763,6.18E-06
5764,6.19E-06
5765,6.19E-06
5766,6.19E-06
5767,6.19E-06
5768,6.19E-06
5769,6.20E-06
5770,6.20E-06
5771,6.20E-06
5772,6.20E-06
5773,6.21E-06
5774,6.21E-06
5775,6.21E-06
5776,6.21E-06
5777,6.22E-06
5778,6.22E-06
5779,6.22E-06
5780,6.22E-06
5781,6.23E-06
5782,6.23E-06
5783,6.23E-06
5784,6.23E-06
5785,6.24E-06
5786,6.24E-06
5787,6.24E-06
5788,6.25E-06
5789,6.25E-06
5790,6.25E-06
5791,6.26E-06
5792,6.26E-06
5793,6.26E-06
5794,6.26E-06
5795,6.27E-06
5796,6.27E-06
5797,6.27E-06
5798,6.28E-06
5799,6.28E-06
5800,6.29E-06
5801,6.29E-06
5802,6.29E-06
5803,6.30E-06
5804,6.30E-06
5805,6.30E-06
5806,6.30E-06
5807,6.31E-06
5808,6.31E-06
5809,6.31E-06
5810,6.32E-06
5811,6.32E-06
5812,6.33E-06
5813,6.33E-06
5814,6.33E-06
5815,6.34E-06
5816,6.34E-06
5817,6.34E-06
5818,6.34E-06
5819,6.35E-06
5820,6.35E-06
5821,6.36E-06
5822,6.36E-06
5823,6.36E-06
5824,6.37E-06
5825,6.37E-06
5826,6.38E-06
5827,6.38E-06
5828,6.38E-06
5829,6.38E-06
5830,6.39E-06
5831,6.39E-06
5832,6.40E-06
5833,6.40E-06
5834,6.40E-06
5835,6.41E-06
5836,6.42E-06
5837,6.42E-06
5838,6.43E-06
5839,6.43E-06
5840,6.44E-06
5841,6.44E-06
5842,6.44E-06
5843,6.44E-06
5844,6.45E-06
5845,6.45E-06
5846,6.46E-06
5847,6.46E-06
5848,6.46E-06
5849,6.46E-06
5850,6.47E-06
5851,6.47E-06
5852,6.48E-06
5853,6.49E-06
5854,6.49E-06
5855,6.50E-06
5856,6.50E-06
5857,6.50E-06
5858,6.51E-06
5859,6.51E-06
5860,6.52E-06
5861,6.53E-06
5862,6.53E-06
5863,6.53E-06
5864,6.54E-06
5865,6.54E-06
5866,6.55E-06
5867,6.55E-06
5868,6.56E-06
5869,6.56E-06
5870,6.57E-06
5871,6.57E-06
5872,6.58E-06
5873,6.58E-06
5874,6.59E-06
5875,6.60E-06
5876,6.60E-06
5877,6.60E-06
5878,6.61E-06
5879,6.61E-06
5880,6.61E-06
5881,6.62E-06
5882,6.64E-06
5883,6.64E-06
5884,6.64E-06
5885,6.65E-06
5886,6.65E-06
5887,6.66E-06
5888,6.66E-06
5889,6.67E-06
5890,6.67E-06
5891,6.68E-06
5892,6.68E-06
5893,6.69E-06
5894,6.70E-06
5895,6.70E-06
5896,6.70E-06
5897,6.71E-06
5898,6.72E-06
5899,6.73E-06
5900,6.73E-06
5901,6.74E-06
5902,6.75E-06
5903,6.77E-06
5904,6.77E-06
5905,6.78E-06
5906,6.78E-06
5907,6.79E-06
5908,6.79E-06
5909,6.80E-06
5910,6.80E-06
5911,6.81E-06
5912,6.82E-06
5913,6.82E-06
5914,6.83E-06
5915,6.83E-06
5916,6.84E-06
5917,6.85E-06
5918,6.85E-06
5919,6.86E-06
5920,6.87E-06
5921,6.88E-06
5922,6.88E-06
5923,6.89E-06
5924,6.90E-06
5925,6.90E-06
5926,6.91E-06
5927,6.92E-06
5928,6.92E-06
5929,6.93E-06
5930,6.94E-06
5931,6.95E-06
5932,6.95E-06
5933,6.97E-06
5934,6.97E-06
5935,6.98E-06
5936,6.99E-06
5937,6.99E-06
5938,7.00E-06
5939,7.01E-06
5940,7.02E-06
5941,7.03E-06
5942,7.04E-06
5943,7.05E-06
5944,7.05E-06
5945,7.06E-06
5946,7.07E-06
5947,7.09E-06
5948,7.09E-06
5949,7.10E-06
5950,7.10E-06
5951,7.11E-06
5952,7.11E-06
5953,7.12E-06
5954,7.14E-06
5955,7.15E-06
5956,7.15E-06
5957,7.16E-06
5958,7.17E-06
5959,7.18E-06
5960,7.19E-06
5961,7.20E-06
5962,7.20E-06
5963,7.21E-06
5964,7.22E-06
5965,7.23E-06
5966,7.25E-06
5967,7.27E-06
5968,7.27E-06
5969,7.27E-06
5970,7.29E-06
5971,7.29E-06
5972,7.30E-06
5973,7.31E-06
5974,7.34E-06
5975,7.34E-06
5976,7.35E-06
5977,7.36E-06
5978,7.37E-06
5979,7.38E-06
5980,7.38E-06
5981,7.40E-06
5982,7.40E-06
5983,7.41E-06
5984,7.42E-06
5985,7.44E-06
5986,7.47E-06
5987,7.47E-06
5988,7.48E-06
5989,7.49E-06
5990,7.49E-06
5991,7.51E-06
5992,7.52E-06
5993,7.52E-06
5994,7.54E-06
5995,7.55E-06
5996,7.57E-06
5997,7.59E-06
5998,7.59E-06
5999,7.60E-06
6000,7.61E-06
6001,7.62E-06
6002,7.64E-06
6003,7.65E-06
6004,7.66E-06
6005,7.67E-06
6006,7.68E-06
6007,7.69E-06
6008,7.70E-06
6009,7.71E-06
6010,7.72E-06
6011,7.73E-06
6012,7.73E-06
6013,7.75E-06
6014,7.76E-06
6015,7.77E-06
6016,7.78E-06
6017,7.79E-06
6018,7.80E-06
6019,7.81E-06
6020,7.83E-06
6021,7.86E-06
6022,7.87E-06
6023,7.88E-06
6024,7.88E-06
6025,7.90E-06
6026,7.91E-06
6027,7.94E-06
6028,7.95E-06
6029,7.95E-06
6030,7.97E-06
6031,7.98E-06
6032,7.99E-06
6033,8.00E-06
6034,8.01E-06
6035,8.03E-06
6036,8.05E-06
6037,8.05E-06
6038,8.07E-06
6039,8.09E-06
6040,8.10E-06
6041,8.11E-06
6042,8.13E-06
6043,8.15E-06
6044,8.17E-06
6045,8.17E-06
6046,8.18E-06
6047,8.21E-06
6048,8.22E-06
6049,8.23E-06
6050,8.25E-06
6051,8.26E-06
6052,8.27E-06
6053,8.29E-06
6054,8.32E-06
6055,8.32E-06
6056,8.34E-06
6057,8.36E-06
6058,8.37E-06
6059,8.38E-06
6060,8.40E-06
6061,8.41E-06
6062,8.42E-06
6063,8.43E-06
6064,8.44E-06
6065,8.46E-06
6066,8.50E-06
6067,8.50E-06
6068,8.52E-06
6069,8.53E-06
6070,8.56E-06
6071,8.56E-06
6072,8.60E-06
6073,8.62E-06
6074,8.64E-06
6075,8.65E-06
6076,8.66E-06
6077,8.68E-06
6078,8.70E-06
6079,8.71E-06
6080,8.74E-06
6081,8.75E-06
6082,8.77E-06
6083,8.80E-06
6084,8.81E-06
6085,8.83E-06
6086,8.85E-06
6087,8.86E-06
6088,8.88E-06
6089,8.90E-06
6090,8.94E-06
6091,8.94E-06
6092,8.96E-06
6093,8.99E-06
6094,9.01E-06
6095,9.03E-06
6096,9.03E-06
6097,9.04E-06
6098,9.07E-06
6099,9.09E-06
6100,9.12E-06
6101,9.17E-06
6102,9.18E-06
6103,9.20E-06
6104,9.22E-06
6105,9.24E-06
6106,9.27E-06
6107,9.31E-06
6108,9.33E-06
6109,9.36E-06
6110,9.36E-06
6111,9.38E-06
6112,9.42E-06
6113,9.44E-06
6114,9.45E-06
6115,9.47E-06
6116,9.50E-06
6117,9.53E-06
6118,9.54E-06
6119,9.57E-06
6120,9.58E-06
6121,9.61E-06
6122,9.67E-06
6123,9.68E-06
6124,9.69E-06
6125,9.73E-06
6126,9.74E-06
6127,9.77E-06
6128,9.80E-06
6129,9.82E-06
6130,9.85E-06
6131,9.89E-06
6132,9.91E-06
6133,9.94E-06
6134,9.97E-06
6135,9.99E-06
6136,1.00E-05
6137,1.00E-05
6138,1.01E-05
6139,1.01E-05
6140,1.02E-05
6141,1.02E-05
6142,1.02E-05
6143,1.03E-05
6144,1.03E-05
6145,1.03E-05
6146,1.04E-05
6147,1.04E-05
6148,1.04E-05
6149,1.04E-05
6150,1.04E-05
6151,1.05E-05
6152,1.05E-05
6153,1.05E-05
6154,1.06E-05
6155,1.06E-05
6156,1.06E-05
6157,1.07E-05
6158,1.07E-05
6159,1.08E-05
6160,1.09E-05
6161,1.09E-05
6162,1.09E-05
6163,1.10E-05
6164,1.10E-05
6165,1.10E-05
6166,1.11E-05
6167,1.11E-05
6168,1.11E-05
6169,1.12E-05
6170,1.12E-05
6171,1.12E-05
6172,1.13E-05
6173,1.13E-05
6174,1.14E-05
6175,1.14E-05
6176,1.15E-05
6177,1.15E-05
6178,1.15E-05
6179,1.16E-05
6180,1.16E-05
6181,1.17E-05
6182,1.17E-05
6183,1.18E-05
6184,1.18E-05
6185,1.19E-05
6186,1.19E-05
6187,1.20E-05
6188,1.21E-05
6189,1.21E-05
6190,1.22E-05
6191,1.22E-05
6192,1.22E-05
6193,1.23E-05
6194,1.24E-05
6195,1.24E-05
6196,1.25E-05
6197,1.25E-05
6198,1.26E-05
6199,1.26E-05
6200,1.27E-05
6201,1.27E-05
6202,1.28E-05
6203,1.28E-05
6204,1.29E-05
6205,1.30E-05
6206,1.30E-05
6207,1.31E-05
6208,1.31E-05
6209,1.32E-05
6210,1.33E-05
6211,1.34E-05
6212,1.34E-05
6213,1.35E-05
6214,1.35E-05
6215,1.36E-05
6216,1.36E-05
6217,1.37E-05
6218,1.38E-05
6219,1.39E-05
6220,1.39E-05
6221,1.40E-05
6222,1.41E-05
6223,1.42E-05
6224,1.43E-05
6225,1.43E-05
6226,1.44E-05
6227,1.45E-05
6228,1.46E-05
6229,1.47E-05
6230,1.48E-05
6231,1.48E-05
6232,1.49E-05
6233,1.50E-05
6234,1.50E-05
6235,1.51E-05
6236,1.52E-05
6237,1.53E-05
6238,1.54E-05
6239,1.55E-05
6240,1.56E-05
6241,1.58E-05
6242,1.58E-05
6243,1.60E-05
6244,1.62E-05
6245,1.63E-05
6246,1.64E-05
6247,1.64E-05
6248,1.65E-05
6249,1.66E-05
6250,1.68E-05
6251,1.69E-05
6252,1.71E-05
6253,1.72E-05
6254,1.73E-05
6255,1.75E-05
6256,1.76E-05
6257,1.76E-05
6258,1.77E-05
6259,1.79E-05
6260,1.81E-05
6261,1.83E-05
6262,1.85E-05
6263,1.87E-05
6264,1.88E-05
6265,1.90E-05
6266,1.92E-05
6267,1.94E-05
6268,1.95E-05
6269,1.97E-05
6270,1.98E-05
6271,2.01E-05
6272,2.02E-05
6273,2.04E-05
6274,2.06E-05
6275,2.07E-05
6276,2.09E-05
6277,2.10E-05
6278,2.14E-05
6279,2.16E-05
6280,2.19E-05
6281,2.20E-05
6282,2.24E-05
6283,2.28E-05
6284,2.32E-05
6285,2.33E-05
6286,2.33E-05
6287,2.35E-05
6288,2.43E-05
6289,2.47E-05
6290,2.49E-05
6291,2.52E-05
6292,2.55E-05
6293,2.58E-05
6294,2.61E-05
6295,2.68E-05
6296,2.73E-05
6297,2.77E-05
6298,2.81E-05
6299,2.86E-05
6300,2.87E-05
6301,2.89E-05
6302,2.98E-05
6303,3.01E-05
6304,3.05E-05
6305,3.13E-05
6306,3.23E-05
6307,3.28E-05
6308,3.34E-05
6309,3.41E-05
6310,3.48E-05
6311,3.55E-05
6312,3.61E-05
6313,3.73E-05
6314,3.79E-05
6315,3.82E-05
6316,3.92E-05
6317,3.96E-05
6318,4.00E-05
6319,4.24E-05
6320,4.32E-05
6321,4.38E-05
6322,4.44E-05
6323,4.55E-05
6324,4.74E-05
6325,4.86E-05
6326,4.96E-05
6327,5.16E-05
6328,5.25E-05
6329,5.39E-05
6330,5.55E-05
6331,5.75E-05
6332,6.13E-05
6333,6.29E-05
6334,6.35E-05
6335,6.64E-05
6336,6.83E-05
6337,6.92E-05
6338,7.21E-05
6339,7.29E-05
6340,7.69E-05
6341,7.91E-05
6342,8.54E-05
6343,8.81E-05
6344,9.24E-05
6345,9.67E-05
6346,0.000100984
6347,0.00010571
6348,0.000113543
6349,0.000118024
6350,0.000123175
6351,0.000128455
6352,0.000138398
6353,0.000153998
6354,0.000167914
6355,0.000182235
6356,0.000199494
6357,0.000211015
6358,0.000241581
6359,0.000277289
6360,0.000288731
6361,0.000326414
6362,0.000345816
6363,0.000401306
6364,0.000445868
6365,0.000512934
6366,0.000539441
6367,0.000757507
6368,0.000958988
6369,0.001366498
6370,0.001972542
6371,0.00446794
6372,0.006951501
6373,0.013661041
6374,0.023550485
6375,0.22383
6376,0.06354
