X,Y,views,Method
2.164209554,2.266336366,View1 vs View2,GT
-1.89937122,-1.94534428,View1 vs View2,GT
-2.468570902,-2.462837401,View1 vs View2,GT
-1.032013609,-1.038884795,View1 vs View2,GT
-0.264323354,-0.196047008,View1 vs View2,GT
0.535391636,0.522309719,View1 vs View2,GT
-0.722975259,-0.787287305,View1 vs View2,GT
-1.051865891,-1.134598766,View1 vs View2,GT
1.431499603,1.43336124,View1 vs View2,GT
-1.728945205,-1.66543014,View1 vs View2,GT
-0.608561016,-0.615724846,View1 vs View2,GT
-1.301926776,-1.262164015,View1 vs View2,GT
-1.03470884,-1.038312464,View1 vs View2,GT
-1.695675612,-1.732796812,View1 vs View2,GT
0.909632054,0.970914752,View1 vs View2,GT
0.351603828,0.241334423,View1 vs View2,GT
-1.532597377,-1.559129258,View1 vs View2,GT
0.615123595,0.623534314,View1 vs View2,GT
0.702228038,0.653785731,View1 vs View2,GT
-1.310825344,-1.295342643,View1 vs View2,GT
-1.714550923,-1.667545529,View1 vs View2,GT
1.511729703,1.503560186,View1 vs View2,GT
-1.554649499,-1.570693615,View1 vs View2,GT
-1.496348902,-1.516520441,View1 vs View2,GT
1.800844777,1.767641441,View1 vs View2,GT
0.348490149,0.342675777,View1 vs View2,GT
-1.135684899,-1.156505123,View1 vs View2,GT
-0.995093605,-1.005624833,View1 vs View2,GT
1.966661255,2.097251256,View1 vs View2,GT
-2.611695831,-2.652550637,View1 vs View2,GT
-1.133110524,-1.121625851,View1 vs View2,GT
0.294451777,0.301216096,View1 vs View2,GT
1.277215233,1.377980706,View1 vs View2,GT
-2.19580926,-2.244988999,View1 vs View2,GT
0.533016517,0.531024523,View1 vs View2,GT
-2.655483193,-2.690982473,View1 vs View2,GT
-0.897163586,-0.884568407,View1 vs View2,GT
-2.317825263,-2.267322711,View1 vs View2,GT
-0.185615062,-0.222964799,View1 vs View2,GT
2.01065971,1.999302712,View1 vs View2,GT
2.196975891,2.239099254,View1 vs View2,GT
0.000353288,0.000211021,View1 vs View2,GT
-0.130218406,-0.127352443,View1 vs View2,GT
1.326688447,1.287130708,View1 vs View2,GT
0.361855218,0.437430592,View1 vs View2,GT
-2.145172455,-2.166632651,View1 vs View2,GT
-0.022611376,-0.036685883,View1 vs View2,GT
1.663674055,1.64874153,View1 vs View2,GT
0.572541451,0.621109595,View1 vs View2,GT
0.214937583,0.27323429,View1 vs View2,GT
1.448436567,1.439211281,View1 vs View2,GT
1.716706623,1.717035882,View1 vs View2,GT
1.971240017,1.996567431,View1 vs View2,GT
-1.030775122,-1.020985982,View1 vs View2,GT
-0.7179531,-0.678692301,View1 vs View2,GT
-1.135552855,-1.080590314,View1 vs View2,GT
1.834930264,1.803022325,View1 vs View2,GT
-2.753804097,-2.765094651,View1 vs View2,GT
0.970333404,0.967738861,View1 vs View2,GT
1.890286421,1.865734627,View1 vs View2,GT
-2.859101732,-2.971401233,View1 vs View2,GT
-0.155211204,-0.195136747,View1 vs View2,GT
2.437890711,2.397421026,View1 vs View2,GT
-1.273986079,-1.261964513,View1 vs View2,GT
-0.649416636,-0.627531847,View1 vs View2,GT
-1.89877134,-1.883663168,View1 vs View2,GT
-1.036241318,-1.022400717,View1 vs View2,GT
-1.329986473,-1.375602026,View1 vs View2,GT
1.772723585,1.699541399,View1 vs View2,GT
1.204730055,1.244785554,View1 vs View2,GT
0.406384943,0.332505097,View1 vs View2,GT
-1.753393616,-1.655379305,View1 vs View2,GT
-0.830030476,-0.815430558,View1 vs View2,GT
2.515361791,2.521106935,View1 vs View2,GT
-0.239204822,-0.219740063,View1 vs View2,GT
-0.10870516,-0.131797672,View1 vs View2,GT
0.957294574,0.993395622,View1 vs View2,GT
0.860178674,0.853509874,View1 vs View2,GT
0.944503922,0.902606663,View1 vs View2,GT
1.514125291,1.536329489,View1 vs View2,GT
0.280879543,0.417058218,View1 vs View2,GT
-1.843556938,-1.899348194,View1 vs View2,GT
1.495004805,1.483617083,View1 vs View2,GT
0.626383181,0.69296883,View1 vs View2,GT
0.639742483,0.615135192,View1 vs View2,GT
-2.065033298,-1.997080994,View1 vs View2,GT
-2.207877543,-2.15363891,View1 vs View2,GT
-1.881440155,-1.880659354,View1 vs View2,GT
0.391228443,0.38255703,View1 vs View2,GT
1.90451219,1.951526392,View1 vs View2,GT
0.539063332,0.500190119,View1 vs View2,GT
-1.043684859,-1.005640034,View1 vs View2,GT
0.980659414,1.050747044,View1 vs View2,GT
-1.349157854,-1.287575188,View1 vs View2,GT
-0.168909036,-0.11885113,View1 vs View2,GT
-0.148026906,-0.196929485,View1 vs View2,GT
-0.250814642,-0.216916841,View1 vs View2,GT
2.073048012,2.069574809,View1 vs View2,GT
1.366086134,1.313218083,View1 vs View2,GT
-0.787853724,-0.794859772,View1 vs View2,GT
2.164209554,2.092534793,View1 vs View3,GT
-1.89937122,-1.908325281,View1 vs View3,GT
-2.468570902,-2.474723034,View1 vs View3,GT
-1.032013609,-1.00510384,View1 vs View3,GT
-0.264323354,-0.211049449,View1 vs View3,GT
0.535391636,0.465325628,View1 vs View3,GT
-0.722975259,-0.789355446,View1 vs View3,GT
-1.051865891,-1.154181686,View1 vs View3,GT
1.431499603,1.473426284,View1 vs View3,GT
-1.728945205,-1.763291757,View1 vs View3,GT
-0.608561016,-0.636661675,View1 vs View3,GT
-1.301926776,-1.304141192,View1 vs View3,GT
-1.03470884,-1.034945678,View1 vs View3,GT
-1.695675612,-1.661466316,View1 vs View3,GT
0.909632054,0.801618511,View1 vs View3,GT
0.351603828,0.341735862,View1 vs View3,GT
-1.532597377,-1.59422401,View1 vs View3,GT
0.615123595,0.699715577,View1 vs View3,GT
0.702228038,0.728792428,View1 vs View3,GT
-1.310825344,-1.293226902,View1 vs View3,GT
-1.714550923,-1.605946318,View1 vs View3,GT
1.511729703,1.504419357,View1 vs View3,GT
-1.554649499,-1.509839749,View1 vs View3,GT
-1.496348902,-1.569408964,View1 vs View3,GT
1.800844777,1.810915377,View1 vs View3,GT
0.348490149,0.46222295,View1 vs View3,GT
-1.135684899,-1.110784357,View1 vs View3,GT
-0.995093605,-1.032686355,View1 vs View3,GT
1.966661255,1.917881453,View1 vs View3,GT
-2.611695831,-2.690389149,View1 vs View3,GT
-1.133110524,-1.11092865,View1 vs View3,GT
0.294451777,0.33750436,View1 vs View3,GT
1.277215233,1.283570541,View1 vs View3,GT
-2.19580926,-2.236376593,View1 vs View3,GT
0.533016517,0.545107543,View1 vs View3,GT
-2.655483193,-2.689820334,View1 vs View3,GT
-0.897163586,-0.836126851,View1 vs View3,GT
-2.317825263,-2.338368715,View1 vs View3,GT
-0.185615062,-0.229753514,View1 vs View3,GT
2.01065971,1.983378286,View1 vs View3,GT
2.196975891,2.216315898,View1 vs View3,GT
0.000353288,-0.061171276,View1 vs View3,GT
-0.130218406,-0.096866941,View1 vs View3,GT
1.326688447,1.31312539,View1 vs View3,GT
0.361855218,0.365946227,View1 vs View3,GT
-2.145172455,-2.151670748,View1 vs View3,GT
-0.022611376,0.090591566,View1 vs View3,GT
1.663674055,1.655198787,View1 vs View3,GT
0.572541451,0.614802722,View1 vs View3,GT
0.214937583,0.337599032,View1 vs View3,GT
1.448436567,1.469724182,View1 vs View3,GT
1.716706623,1.809086416,View1 vs View3,GT
1.971240017,1.976112754,View1 vs View3,GT
-1.030775122,-0.99093979,View1 vs View3,GT
-0.7179531,-0.747388504,View1 vs View3,GT
-1.135552855,-1.191161801,View1 vs View3,GT
1.834930264,1.786491712,View1 vs View3,GT
-2.753804097,-2.755011853,View1 vs View3,GT
0.970333404,0.984620324,View1 vs View3,GT
1.890286421,1.834441265,View1 vs View3,GT
-2.859101732,-2.928019548,View1 vs View3,GT
-0.155211204,-0.24904761,View1 vs View3,GT
2.437890711,2.54422617,View1 vs View3,GT
-1.273986079,-1.268606419,View1 vs View3,GT
-0.649416636,-0.756680045,View1 vs View3,GT
-1.89877134,-1.899225893,View1 vs View3,GT
-1.036241318,-1.04420486,View1 vs View3,GT
-1.329986473,-1.398845147,View1 vs View3,GT
1.772723585,1.830689162,View1 vs View3,GT
1.204730055,1.181861932,View1 vs View3,GT
0.406384943,0.408449605,View1 vs View3,GT
-1.753393616,-1.767609232,View1 vs View3,GT
-0.830030476,-0.827711205,View1 vs View3,GT
2.515361791,2.566238438,View1 vs View3,GT
-0.239204822,-0.208921289,View1 vs View3,GT
-0.10870516,-0.131299501,View1 vs View3,GT
0.957294574,1.036068982,View1 vs View3,GT
0.860178674,0.937188329,View1 vs View3,GT
0.944503922,0.871343792,View1 vs View3,GT
1.514125291,1.458397816,View1 vs View3,GT
0.280879543,0.250321332,View1 vs View3,GT
-1.843556938,-1.767302727,View1 vs View3,GT
1.495004805,1.485869145,View1 vs View3,GT
0.626383181,0.597787114,View1 vs View3,GT
0.639742483,0.638042798,View1 vs View3,GT
-2.065033298,-2.076240436,View1 vs View3,GT
-2.207877543,-2.215676475,View1 vs View3,GT
-1.881440155,-1.934922028,View1 vs View3,GT
0.391228443,0.351570505,View1 vs View3,GT
1.90451219,1.891154131,View1 vs View3,GT
0.539063332,0.60814212,View1 vs View3,GT
-1.043684859,-0.979226794,View1 vs View3,GT
0.980659414,1.026443749,View1 vs View3,GT
-1.349157854,-1.330991545,View1 vs View3,GT
-0.168909036,-0.299502815,View1 vs View3,GT
-0.148026906,-0.059008538,View1 vs View3,GT
-0.250814642,-0.194914033,View1 vs View3,GT
2.073048012,2.054582044,View1 vs View3,GT
1.366086134,1.333666966,View1 vs View3,GT
-0.787853724,-0.778550123,View1 vs View3,GT
2.164209554,2.092534793,View2 vs View3,GT
-1.89937122,-1.908325281,View2 vs View3,GT
-2.468570902,-2.474723034,View2 vs View3,GT
-1.032013609,-1.00510384,View2 vs View3,GT
-0.264323354,-0.211049449,View2 vs View3,GT
0.535391636,0.465325628,View2 vs View3,GT
-0.722975259,-0.789355446,View2 vs View3,GT
-1.051865891,-1.154181686,View2 vs View3,GT
1.431499603,1.473426284,View2 vs View3,GT
-1.728945205,-1.763291757,View2 vs View3,GT
-0.608561016,-0.636661675,View2 vs View3,GT
-1.301926776,-1.304141192,View2 vs View3,GT
-1.03470884,-1.034945678,View2 vs View3,GT
-1.695675612,-1.661466316,View2 vs View3,GT
0.909632054,0.801618511,View2 vs View3,GT
0.351603828,0.341735862,View2 vs View3,GT
-1.532597377,-1.59422401,View2 vs View3,GT
0.615123595,0.699715577,View2 vs View3,GT
0.702228038,0.728792428,View2 vs View3,GT
-1.310825344,-1.293226902,View2 vs View3,GT
-1.714550923,-1.605946318,View2 vs View3,GT
1.511729703,1.504419357,View2 vs View3,GT
-1.554649499,-1.509839749,View2 vs View3,GT
-1.496348902,-1.569408964,View2 vs View3,GT
1.800844777,1.810915377,View2 vs View3,GT
0.348490149,0.46222295,View2 vs View3,GT
-1.135684899,-1.110784357,View2 vs View3,GT
-0.995093605,-1.032686355,View2 vs View3,GT
1.966661255,1.917881453,View2 vs View3,GT
-2.611695831,-2.690389149,View2 vs View3,GT
-1.133110524,-1.11092865,View2 vs View3,GT
0.294451777,0.33750436,View2 vs View3,GT
1.277215233,1.283570541,View2 vs View3,GT
-2.19580926,-2.236376593,View2 vs View3,GT
0.533016517,0.545107543,View2 vs View3,GT
-2.655483193,-2.689820334,View2 vs View3,GT
-0.897163586,-0.836126851,View2 vs View3,GT
-2.317825263,-2.338368715,View2 vs View3,GT
-0.185615062,-0.229753514,View2 vs View3,GT
2.01065971,1.983378286,View2 vs View3,GT
2.196975891,2.216315898,View2 vs View3,GT
0.000353288,-0.061171276,View2 vs View3,GT
-0.130218406,-0.096866941,View2 vs View3,GT
1.326688447,1.31312539,View2 vs View3,GT
0.361855218,0.365946227,View2 vs View3,GT
-2.145172455,-2.151670748,View2 vs View3,GT
-0.022611376,0.090591566,View2 vs View3,GT
1.663674055,1.655198787,View2 vs View3,GT
0.572541451,0.614802722,View2 vs View3,GT
0.214937583,0.337599032,View2 vs View3,GT
1.448436567,1.469724182,View2 vs View3,GT
1.716706623,1.809086416,View2 vs View3,GT
1.971240017,1.976112754,View2 vs View3,GT
-1.030775122,-0.99093979,View2 vs View3,GT
-0.7179531,-0.747388504,View2 vs View3,GT
-1.135552855,-1.191161801,View2 vs View3,GT
1.834930264,1.786491712,View2 vs View3,GT
-2.753804097,-2.755011853,View2 vs View3,GT
0.970333404,0.984620324,View2 vs View3,GT
1.890286421,1.834441265,View2 vs View3,GT
-2.859101732,-2.928019548,View2 vs View3,GT
-0.155211204,-0.24904761,View2 vs View3,GT
2.437890711,2.54422617,View2 vs View3,GT
-1.273986079,-1.268606419,View2 vs View3,GT
-0.649416636,-0.756680045,View2 vs View3,GT
-1.89877134,-1.899225893,View2 vs View3,GT
-1.036241318,-1.04420486,View2 vs View3,GT
-1.329986473,-1.398845147,View2 vs View3,GT
1.772723585,1.830689162,View2 vs View3,GT
1.204730055,1.181861932,View2 vs View3,GT
0.406384943,0.408449605,View2 vs View3,GT
-1.753393616,-1.767609232,View2 vs View3,GT
-0.830030476,-0.827711205,View2 vs View3,GT
2.515361791,2.566238438,View2 vs View3,GT
-0.239204822,-0.208921289,View2 vs View3,GT
-0.10870516,-0.131299501,View2 vs View3,GT
0.957294574,1.036068982,View2 vs View3,GT
0.860178674,0.937188329,View2 vs View3,GT
0.944503922,0.871343792,View2 vs View3,GT
1.514125291,1.458397816,View2 vs View3,GT
0.280879543,0.250321332,View2 vs View3,GT
-1.843556938,-1.767302727,View2 vs View3,GT
1.495004805,1.485869145,View2 vs View3,GT
0.626383181,0.597787114,View2 vs View3,GT
0.639742483,0.638042798,View2 vs View3,GT
-2.065033298,-2.076240436,View2 vs View3,GT
-2.207877543,-2.215676475,View2 vs View3,GT
-1.881440155,-1.934922028,View2 vs View3,GT
0.391228443,0.351570505,View2 vs View3,GT
1.90451219,1.891154131,View2 vs View3,GT
0.539063332,0.60814212,View2 vs View3,GT
-1.043684859,-0.979226794,View2 vs View3,GT
0.980659414,1.026443749,View2 vs View3,GT
-1.349157854,-1.330991545,View2 vs View3,GT
-0.168909036,-0.299502815,View2 vs View3,GT
-0.148026906,-0.059008538,View2 vs View3,GT
-0.250814642,-0.194914033,View2 vs View3,GT
2.073048012,2.054582044,View2 vs View3,GT
1.366086134,1.333666966,View2 vs View3,GT
-0.787853724,-0.778550123,View2 vs View3,GT
1.512541146,-1.728422731,View1 vs View2,LD
-1.301614609,1.447734986,View1 vs View2,LD
-1.750030006,1.801715935,View1 vs View2,LD
-0.725600721,0.767288107,View1 vs View2,LD
-0.160315342,0.148476959,View1 vs View2,LD
0.336982396,-0.364114508,View1 vs View2,LD
-0.530108308,0.579669476,View1 vs View2,LD
-0.718839636,0.850732913,View1 vs View2,LD
1.043262689,-1.075418014,View1 vs View2,LD
-1.235471471,1.191892766,View1 vs View2,LD
-0.428577859,0.42618556,View1 vs View2,LD
-0.912607885,0.877170404,View1 vs View2,LD
-0.728441338,0.783129907,View1 vs View2,LD
-1.190057741,1.235536416,View1 vs View2,LD
0.657636273,-0.698651529,View1 vs View2,LD
0.28669172,-0.198047832,View1 vs View2,LD
-1.084731425,1.131458636,View1 vs View2,LD
0.415321865,-0.454527657,View1 vs View2,LD
0.48753779,-0.525446018,View1 vs View2,LD
-0.899932178,1.005557821,View1 vs View2,LD
-1.218819494,1.199013282,View1 vs View2,LD
1.064313286,-1.112111506,View1 vs View2,LD
-1.10894538,1.11545395,View1 vs View2,LD
-1.063833844,1.122570777,View1 vs View2,LD
1.276496173,-1.216101447,View1 vs View2,LD
0.241018716,-0.224321485,View1 vs View2,LD
-0.81179397,0.865597121,View1 vs View2,LD
-0.721801975,0.732283007,View1 vs View2,LD
1.363981223,-1.538292194,View1 vs View2,LD
-1.829834787,1.846772635,View1 vs View2,LD
-0.775801858,0.817095462,View1 vs View2,LD
0.194567564,-0.130016858,View1 vs View2,LD
0.921720952,-0.978062427,View1 vs View2,LD
-1.556661443,1.628889958,View1 vs View2,LD
0.39889459,-0.40230332,View1 vs View2,LD
-1.874386613,1.860016332,View1 vs View2,LD
-0.635872227,0.66767414,View1 vs View2,LD
-1.638197886,1.627691907,View1 vs View2,LD
-0.122010892,0.139077422,View1 vs View2,LD
1.409071607,-1.447065629,View1 vs View2,LD
1.54520055,-1.709446222,View1 vs View2,LD
0.000540872,0.024042571,View1 vs View2,LD
-0.099896872,0.074256831,View1 vs View2,LD
0.925335637,-0.834271937,View1 vs View2,LD
0.226375781,-0.417091421,View1 vs View2,LD
-1.506610161,1.559555065,View1 vs View2,LD
0.017113147,-0.02422097,View1 vs View2,LD
1.188181556,-1.264560686,View1 vs View2,LD
0.421539674,-0.430579118,View1 vs View2,LD
0.145478752,-0.161219164,View1 vs View2,LD
1.028355978,-1.023889426,View1 vs View2,LD
1.209649709,-1.258457641,View1 vs View2,LD
1.376070352,-1.350448085,View1 vs View2,LD
-0.747393798,0.706596435,View1 vs View2,LD
-0.506497504,0.479303235,View1 vs View2,LD
-0.78902201,0.775590124,View1 vs View2,LD
1.302087966,-1.237015806,View1 vs View2,LD
-1.944229,2.034860987,View1 vs View2,LD
0.710209274,-0.648769278,View1 vs View2,LD
1.311733442,-1.313308605,View1 vs View2,LD
-2.035064431,2.18257992,View1 vs View2,LD
-0.118227727,0.157797031,View1 vs View2,LD
1.695234963,-1.811727191,View1 vs View2,LD
-0.920455526,0.940682288,View1 vs View2,LD
-0.465291053,0.450107636,View1 vs View2,LD
-1.329633182,1.34146455,View1 vs View2,LD
-0.737579057,0.686293587,View1 vs View2,LD
-0.945364845,0.980864877,View1 vs View2,LD
1.269742004,-1.236324423,View1 vs View2,LD
0.840477986,-0.835666843,View1 vs View2,LD
0.304600426,-0.267695316,View1 vs View2,LD
-1.246646894,1.255257685,View1 vs View2,LD
-0.601284018,0.652852765,View1 vs View2,LD
1.765388015,-1.862596686,View1 vs View2,LD
-0.185012932,0.133130092,View1 vs View2,LD
-0.078591283,0.160499013,View1 vs View2,LD
0.654254796,-0.696924619,View1 vs View2,LD
0.595613255,-0.640646166,View1 vs View2,LD
0.639074482,-0.586983623,View1 vs View2,LD
1.073906464,-1.076840845,View1 vs View2,LD
0.191114451,-0.299543363,View1 vs View2,LD
-1.308462976,1.452858557,View1 vs View2,LD
1.071907528,-1.100941894,View1 vs View2,LD
0.442694212,-0.506419965,View1 vs View2,LD
0.457929533,-0.380768848,View1 vs View2,LD
-1.446447338,1.534112394,View1 vs View2,LD
-1.567742599,1.513158869,View1 vs View2,LD
-1.329069145,1.402489015,View1 vs View2,LD
0.27131694,-0.194723702,View1 vs View2,LD
1.369792625,-1.337789161,View1 vs View2,LD
0.367011542,-0.372764844,View1 vs View2,LD
-0.731383997,0.723592439,View1 vs View2,LD
0.693231103,-0.713660511,View1 vs View2,LD
-0.95213671,0.980577493,View1 vs View2,LD
-0.13308638,0.121283994,View1 vs View2,LD
-0.105788835,0.1078165,View1 vs View2,LD
-0.216298975,0.19756182,View1 vs View2,LD
1.469820303,-1.539358059,View1 vs View2,LD
0.988725583,-1.00235257,View1 vs View2,LD
-0.546844499,0.648074679,View1 vs View2,LD
1.512541146,-1.477170138,View1 vs View3,LD
-1.301614609,1.351688803,View1 vs View3,LD
-1.750030006,1.751711104,View1 vs View3,LD
-0.725600721,0.709334107,View1 vs View3,LD
-0.160315342,0.148682069,View1 vs View3,LD
0.336982396,-0.329909192,View1 vs View3,LD
-0.530108308,0.554295184,View1 vs View3,LD
-0.718839636,0.819450628,View1 vs View3,LD
1.043262689,-1.041933873,View1 vs View3,LD
-1.235471471,1.251811679,View1 vs View3,LD
-0.428577859,0.45313276,View1 vs View3,LD
-0.912607885,0.922343841,View1 vs View3,LD
-0.728441338,0.73848238,View1 vs View3,LD
-1.190057741,1.17642601,View1 vs View3,LD
0.657636273,-0.563668567,View1 vs View3,LD
0.28669172,-0.241053794,View1 vs View3,LD
-1.084731425,1.134640576,View1 vs View3,LD
0.415321865,-0.495782119,View1 vs View3,LD
0.48753779,-0.513224336,View1 vs View3,LD
-0.899932178,0.915562542,View1 vs View3,LD
-1.218819494,1.137099959,View1 vs View3,LD
1.064313286,-1.064720539,View1 vs View3,LD
-1.10894538,1.067776812,View1 vs View3,LD
-1.063833844,1.113168899,View1 vs View3,LD
1.276496173,-1.27973823,View1 vs View3,LD
0.241018716,-0.328281517,View1 vs View3,LD
-0.81179397,0.78389654,View1 vs View3,LD
-0.721801975,0.732071431,View1 vs View3,LD
1.363981223,-1.358502187,View1 vs View3,LD
-1.829834787,1.908130534,View1 vs View3,LD
-0.775801858,0.787600019,View1 vs View3,LD
0.194567564,-0.243373884,View1 vs View3,LD
0.921720952,-0.910146605,View1 vs View3,LD
-1.556661443,1.580842233,View1 vs View3,LD
0.39889459,-0.387015461,View1 vs View3,LD
-1.874386613,1.905768242,View1 vs View3,LD
-0.635872227,0.592118438,View1 vs View3,LD
-1.638197886,1.660956962,View1 vs View3,LD
-0.122010892,0.16597268,View1 vs View3,LD
1.409071607,-1.402660902,View1 vs View3,LD
1.54520055,-1.573960281,View1 vs View3,LD
0.000540872,0.043297443,View1 vs View3,LD
-0.099896872,0.072355247,View1 vs View3,LD
0.925335637,-0.93247553,View1 vs View3,LD
0.226375781,-0.2582356,View1 vs View3,LD
-1.506610161,1.526730511,View1 vs View3,LD
0.017113147,-0.062362387,View1 vs View3,LD
1.188181556,-1.171070583,View1 vs View3,LD
0.421539674,-0.438633946,View1 vs View3,LD
0.145478752,-0.241238007,View1 vs View3,LD
1.028355978,-1.043813272,View1 vs View3,LD
1.209649709,-1.285351903,View1 vs View3,LD
1.376070352,-1.3981365,View1 vs View3,LD
-0.747393798,0.694127378,View1 vs View3,LD
-0.506497504,0.532063596,View1 vs View3,LD
-0.78902201,0.842471309,View1 vs View3,LD
1.302087966,-1.262951996,View1 vs View3,LD
-1.944229,1.955446307,View1 vs View3,LD
0.710209274,-0.693505286,View1 vs View3,LD
1.311733442,-1.297237477,View1 vs View3,LD
-2.035064431,2.073719747,View1 vs View3,LD
-0.118227727,0.176100118,View1 vs View3,LD
1.695234963,-1.802807901,View1 vs View3,LD
-0.920455526,0.906563569,View1 vs View3,LD
-0.465291053,0.534489407,View1 vs View3,LD
-1.329633182,1.34529593,View1 vs View3,LD
-0.737579057,0.74018843,View1 vs View3,LD
-0.945364845,0.991730456,View1 vs View3,LD
1.269742004,-1.301991995,View1 vs View3,LD
0.840477986,-0.842684805,View1 vs View3,LD
0.304600426,-0.287741767,View1 vs View3,LD
-1.246646894,1.257186451,View1 vs View3,LD
-0.601284018,0.587244642,View1 vs View3,LD
1.765388015,-1.817143367,View1 vs View3,LD
-0.185012932,0.148583654,View1 vs View3,LD
-0.078591283,0.094794312,View1 vs View3,LD
0.654254796,-0.733709059,View1 vs View3,LD
0.595613255,-0.664390294,View1 vs View3,LD
0.639074482,-0.616957288,View1 vs View3,LD
1.073906464,-1.028344644,View1 vs View3,LD
0.191114451,-0.176666399,View1 vs View3,LD
-1.308462976,1.258170939,View1 vs View3,LD
1.071907528,-1.05505816,View1 vs View3,LD
0.442694212,-0.422761811,View1 vs View3,LD
0.457929533,-0.44428837,View1 vs View3,LD
-1.446447338,1.470056954,View1 vs View3,LD
-1.567742599,1.571304742,View1 vs View3,LD
-1.329069145,1.374338724,View1 vs View3,LD
0.27131694,-0.250185718,View1 vs View3,LD
1.369792625,-1.341110107,View1 vs View3,LD
0.367011542,-0.428754789,View1 vs View3,LD
-0.731383997,0.699049324,View1 vs View3,LD
0.693231103,-0.725082561,View1 vs View3,LD
-0.95213671,0.940465942,View1 vs View3,LD
-0.13308638,0.207708199,View1 vs View3,LD
-0.105788835,0.041682002,View1 vs View3,LD
-0.216298975,0.133744687,View1 vs View3,LD
1.469820303,-1.455774146,View1 vs View3,LD
0.988725583,-0.947616328,View1 vs View3,LD
-0.546844499,0.550650261,View1 vs View3,LD
-1.728422731,-1.477170138,View2 vs View3,LD
1.447734986,1.351688803,View2 vs View3,LD
1.801715935,1.751711104,View2 vs View3,LD
0.767288107,0.709334107,View2 vs View3,LD
0.148476959,0.148682069,View2 vs View3,LD
-0.364114508,-0.329909192,View2 vs View3,LD
0.579669476,0.554295184,View2 vs View3,LD
0.850732913,0.819450628,View2 vs View3,LD
-1.075418014,-1.041933873,View2 vs View3,LD
1.191892766,1.251811679,View2 vs View3,LD
0.42618556,0.45313276,View2 vs View3,LD
0.877170404,0.922343841,View2 vs View3,LD
0.783129907,0.73848238,View2 vs View3,LD
1.235536416,1.17642601,View2 vs View3,LD
-0.698651529,-0.563668567,View2 vs View3,LD
-0.198047832,-0.241053794,View2 vs View3,LD
1.131458636,1.134640576,View2 vs View3,LD
-0.454527657,-0.495782119,View2 vs View3,LD
-0.525446018,-0.513224336,View2 vs View3,LD
1.005557821,0.915562542,View2 vs View3,LD
1.199013282,1.137099959,View2 vs View3,LD
-1.112111506,-1.064720539,View2 vs View3,LD
1.11545395,1.067776812,View2 vs View3,LD
1.122570777,1.113168899,View2 vs View3,LD
-1.216101447,-1.27973823,View2 vs View3,LD
-0.224321485,-0.328281517,View2 vs View3,LD
0.865597121,0.78389654,View2 vs View3,LD
0.732283007,0.732071431,View2 vs View3,LD
-1.538292194,-1.358502187,View2 vs View3,LD
1.846772635,1.908130534,View2 vs View3,LD
0.817095462,0.787600019,View2 vs View3,LD
-0.130016858,-0.243373884,View2 vs View3,LD
-0.978062427,-0.910146605,View2 vs View3,LD
1.628889958,1.580842233,View2 vs View3,LD
-0.40230332,-0.387015461,View2 vs View3,LD
1.860016332,1.905768242,View2 vs View3,LD
0.66767414,0.592118438,View2 vs View3,LD
1.627691907,1.660956962,View2 vs View3,LD
0.139077422,0.16597268,View2 vs View3,LD
-1.447065629,-1.402660902,View2 vs View3,LD
-1.709446222,-1.573960281,View2 vs View3,LD
0.024042571,0.043297443,View2 vs View3,LD
0.074256831,0.072355247,View2 vs View3,LD
-0.834271937,-0.93247553,View2 vs View3,LD
-0.417091421,-0.2582356,View2 vs View3,LD
1.559555065,1.526730511,View2 vs View3,LD
-0.02422097,-0.062362387,View2 vs View3,LD
-1.264560686,-1.171070583,View2 vs View3,LD
-0.430579118,-0.438633946,View2 vs View3,LD
-0.161219164,-0.241238007,View2 vs View3,LD
-1.023889426,-1.043813272,View2 vs View3,LD
-1.258457641,-1.285351903,View2 vs View3,LD
-1.350448085,-1.3981365,View2 vs View3,LD
0.706596435,0.694127378,View2 vs View3,LD
0.479303235,0.532063596,View2 vs View3,LD
0.775590124,0.842471309,View2 vs View3,LD
-1.237015806,-1.262951996,View2 vs View3,LD
2.034860987,1.955446307,View2 vs View3,LD
-0.648769278,-0.693505286,View2 vs View3,LD
-1.313308605,-1.297237477,View2 vs View3,LD
2.18257992,2.073719747,View2 vs View3,LD
0.157797031,0.176100118,View2 vs View3,LD
-1.811727191,-1.802807901,View2 vs View3,LD
0.940682288,0.906563569,View2 vs View3,LD
0.450107636,0.534489407,View2 vs View3,LD
1.34146455,1.34529593,View2 vs View3,LD
0.686293587,0.74018843,View2 vs View3,LD
0.980864877,0.991730456,View2 vs View3,LD
-1.236324423,-1.301991995,View2 vs View3,LD
-0.835666843,-0.842684805,View2 vs View3,LD
-0.267695316,-0.287741767,View2 vs View3,LD
1.255257685,1.257186451,View2 vs View3,LD
0.652852765,0.587244642,View2 vs View3,LD
-1.862596686,-1.817143367,View2 vs View3,LD
0.133130092,0.148583654,View2 vs View3,LD
0.160499013,0.094794312,View2 vs View3,LD
-0.696924619,-0.733709059,View2 vs View3,LD
-0.640646166,-0.664390294,View2 vs View3,LD
-0.586983623,-0.616957288,View2 vs View3,LD
-1.076840845,-1.028344644,View2 vs View3,LD
-0.299543363,-0.176666399,View2 vs View3,LD
1.452858557,1.258170939,View2 vs View3,LD
-1.100941894,-1.05505816,View2 vs View3,LD
-0.506419965,-0.422761811,View2 vs View3,LD
-0.380768848,-0.44428837,View2 vs View3,LD
1.534112394,1.470056954,View2 vs View3,LD
1.513158869,1.571304742,View2 vs View3,LD
1.402489015,1.374338724,View2 vs View3,LD
-0.194723702,-0.250185718,View2 vs View3,LD
-1.337789161,-1.341110107,View2 vs View3,LD
-0.372764844,-0.428754789,View2 vs View3,LD
0.723592439,0.699049324,View2 vs View3,LD
-0.713660511,-0.725082561,View2 vs View3,LD
0.980577493,0.940465942,View2 vs View3,LD
0.121283994,0.207708199,View2 vs View3,LD
0.1078165,0.041682002,View2 vs View3,LD
0.19756182,0.133744687,View2 vs View3,LD
-1.539358059,-1.455774146,View2 vs View3,LD
-1.00235257,-0.947616328,View2 vs View3,LD
0.648074679,0.550650261,View2 vs View3,LD
-1.536305874,1.50093465,View1 vs View2,HD
-0.392804725,0.377815234,View1 vs View2,HD
0.430881085,-0.415395362,View1 vs View2,HD
-0.235556523,0.256118846,View1 vs View2,HD
1.210068463,-1.158356627,View1 vs View2,HD
-0.24825185,0.2306473,View1 vs View2,HD
0.809883039,-0.797556236,View1 vs View2,HD
1.878706315,-1.864366359,View1 vs View2,HD
-1.556221316,1.487126603,View1 vs View2,HD
1.52026514,-1.502264588,View1 vs View2,HD
-1.022697021,0.951577512,View1 vs View2,HD
0.807671388,-0.904384375,View1 vs View2,HD
2.01695338,-1.983324886,View1 vs View2,HD
1.34698718,-1.31419605,View1 vs View2,HD
-0.281426862,0.279102422,View1 vs View2,HD
0.07626914,-0.102068293,View1 vs View2,HD
-0.201165949,0.234978271,View1 vs View2,HD
1.464800485,-1.399422645,View1 vs View2,HD
-0.38600004,0.329892958,View1 vs View2,HD
0.104279748,-0.106420963,View1 vs View2,HD
2.293651297,-2.245284501,View1 vs View2,HD
-0.262617285,0.25972581,View1 vs View2,HD
0.970839702,-0.935671089,View1 vs View2,HD
0.539649039,-0.498952013,View1 vs View2,HD
0.154620335,-0.087677919,View1 vs View2,HD
0.750024839,-0.710115897,View1 vs View2,HD
-0.418018793,0.408780724,View1 vs View2,HD
2.967658558,-3.016369353,View1 vs View2,HD
1.904836327,-1.871817041,View1 vs View2,HD
1.256125249,-1.140765321,View1 vs View2,HD
-1.533245795,1.423129025,View1 vs View2,HD
-0.602512605,0.615327158,View1 vs View2,HD
0.690233462,-0.623040271,View1 vs View2,HD
1.819184865,-1.795441273,View1 vs View2,HD
1.755173125,-1.766169528,View1 vs View2,HD
-1.257354069,1.192558204,View1 vs View2,HD
-0.445818522,0.402837645,View1 vs View2,HD
-0.939135375,0.953285024,View1 vs View2,HD
0.20122548,-0.19331872,View1 vs View2,HD
1.079670181,-1.055586294,View1 vs View2,HD
-1.731942371,1.77642988,View1 vs View2,HD
1.254507828,-1.249075484,View1 vs View2,HD
-0.47654554,0.490240664,View1 vs View2,HD
-0.392461744,0.395595251,View1 vs View2,HD
0.461641281,-0.531902579,View1 vs View2,HD
-0.596065143,0.609593431,View1 vs View2,HD
-1.340507241,1.26916533,View1 vs View2,HD
1.377302119,-1.383775379,View1 vs View2,HD
0.466975824,-0.504574639,View1 vs View2,HD
-1.403918435,1.365476018,View1 vs View2,HD
0.297833483,-0.283009239,View1 vs View2,HD
0.205384971,-0.203260585,View1 vs View2,HD
0.616226602,-0.620869864,View1 vs View2,HD
-0.418649136,0.307790954,View1 vs View2,HD
-0.796793322,0.860614625,View1 vs View2,HD
0.147824115,-0.072925321,View1 vs View2,HD
-0.587801327,0.561114382,View1 vs View2,HD
1.337563423,-1.299350002,View1 vs View2,HD
-0.919661078,0.895580049,View1 vs View2,HD
0.539215108,-0.475853061,View1 vs View2,HD
-0.807166957,0.71217441,View1 vs View2,HD
1.145767634,-1.132562954,View1 vs View2,HD
0.454922008,-0.461079294,View1 vs View2,HD
1.042456333,-1.031430455,View1 vs View2,HD
1.610488466,-1.580857536,View1 vs View2,HD
0.247768252,-0.349729527,View1 vs View2,HD
-1.656815151,1.598494236,View1 vs View2,HD
0.251544108,-0.283395537,View1 vs View2,HD
1.326924606,-1.327217687,View1 vs View2,HD
0.54163075,-0.44802048,View1 vs View2,HD
0.072713877,-0.12351606,View1 vs View2,HD
2.152610813,-2.080182799,View1 vs View2,HD
-0.999877821,1.005546506,View1 vs View2,HD
0.532695277,-0.516340767,View1 vs View2,HD
-1.645958936,1.604842784,View1 vs View2,HD
-0.561959176,0.574826055,View1 vs View2,HD
-0.593854602,0.605815991,View1 vs View2,HD
-0.005115296,0.01557627,View1 vs View2,HD
-0.511652383,0.575127747,View1 vs View2,HD
0.121601899,-0.059692267,View1 vs View2,HD
-0.892720421,0.909831713,View1 vs View2,HD
0.202922928,-0.196374328,View1 vs View2,HD
-0.346100348,0.326223153,View1 vs View2,HD
0.867847147,-0.887465186,View1 vs View2,HD
0.033998195,-0.027360721,View1 vs View2,HD
-1.590255261,1.592359415,View1 vs View2,HD
0.979475549,-0.941933124,View1 vs View2,HD
0.31921425,-0.292598688,View1 vs View2,HD
0.206425928,-0.210347211,View1 vs View2,HD
-0.790920247,0.766109575,View1 vs View2,HD
-1.32005229,1.266513306,View1 vs View2,HD
-0.69073507,0.68374924,View1 vs View2,HD
-0.972671383,0.954072189,View1 vs View2,HD
-1.070129782,1.079789878,View1 vs View2,HD
0.486623758,-0.456555288,View1 vs View2,HD
0.672580446,-0.633559068,View1 vs View2,HD
-0.528642529,0.565691883,View1 vs View2,HD
-0.052495395,0.022392706,View1 vs View2,HD
1.195648222,-1.208015205,View1 vs View2,HD
-1.349542505,1.375316448,View1 vs View2,HD
-1.536305874,1.496893178,View1 vs View3,HD
-0.392804725,0.430820185,View1 vs View3,HD
0.430881085,-0.425560859,View1 vs View3,HD
-0.235556523,0.242465065,View1 vs View3,HD
1.210068463,-1.159571436,View1 vs View3,HD
-0.24825185,0.273314306,View1 vs View3,HD
0.809883039,-0.790674413,View1 vs View3,HD
1.878706315,-1.798042233,View1 vs View3,HD
-1.556221316,1.525592844,View1 vs View3,HD
1.52026514,-1.479878442,View1 vs View3,HD
-1.022697021,1.022466845,View1 vs View3,HD
0.807671388,-0.748660392,View1 vs View3,HD
2.01695338,-1.993364243,View1 vs View3,HD
1.34698718,-1.319512949,View1 vs View3,HD
-0.281426862,0.257439272,View1 vs View3,HD
0.07626914,-0.007495936,View1 vs View3,HD
-0.201165949,0.271356176,View1 vs View3,HD
1.464800485,-1.466762667,View1 vs View3,HD
-0.38600004,0.367870733,View1 vs View3,HD
0.104279748,-0.100529945,View1 vs View3,HD
2.293651297,-2.266078376,View1 vs View3,HD
-0.262617285,0.31029316,View1 vs View3,HD
0.970839702,-0.931534787,View1 vs View3,HD
0.539649039,-0.551293703,View1 vs View3,HD
0.154620335,-0.140299585,View1 vs View3,HD
0.750024839,-0.763651785,View1 vs View3,HD
-0.418018793,0.432176924,View1 vs View3,HD
2.967658558,-2.998406024,View1 vs View3,HD
1.904836327,-1.868658378,View1 vs View3,HD
1.256125249,-1.228982388,View1 vs View3,HD
-1.533245795,1.527058873,View1 vs View3,HD
-0.602512605,0.635599444,View1 vs View3,HD
0.690233462,-0.652027685,View1 vs View3,HD
1.819184865,-1.756010121,View1 vs View3,HD
1.755173125,-1.73300783,View1 vs View3,HD
-1.257354069,1.330895907,View1 vs View3,HD
-0.445818522,0.392976505,View1 vs View3,HD
-0.939135375,0.931708873,View1 vs View3,HD
0.20122548,-0.233970693,View1 vs View3,HD
1.079670181,-1.092690023,View1 vs View3,HD
-1.731942371,1.789883836,View1 vs View3,HD
1.254507828,-1.279702242,View1 vs View3,HD
-0.47654554,0.465235831,View1 vs View3,HD
-0.392461744,0.356814754,View1 vs View3,HD
0.461641281,-0.474334504,View1 vs View3,HD
-0.596065143,0.583337133,View1 vs View3,HD
-1.340507241,1.413898958,View1 vs View3,HD
1.377302119,-1.298735804,View1 vs View3,HD
0.466975824,-0.461721648,View1 vs View3,HD
-1.403918435,1.375436971,View1 vs View3,HD
0.297833483,-0.351703577,View1 vs View3,HD
0.205384971,-0.192692266,View1 vs View3,HD
0.616226602,-0.555569148,View1 vs View3,HD
-0.418649136,0.374788949,View1 vs View3,HD
-0.796793322,0.752401453,View1 vs View3,HD
0.147824115,-0.118404126,View1 vs View3,HD
-0.587801327,0.556191833,View1 vs View3,HD
1.337563423,-1.36774569,View1 vs View3,HD
-0.919661078,0.882646402,View1 vs View3,HD
0.539215108,-0.514498358,View1 vs View3,HD
-0.807166957,0.808142735,View1 vs View3,HD
1.145767634,-1.135641309,View1 vs View3,HD
0.454922008,-0.481006517,View1 vs View3,HD
1.042456333,-0.969868165,View1 vs View3,HD
1.610488466,-1.596631026,View1 vs View3,HD
0.247768252,-0.26196594,View1 vs View3,HD
-1.656815151,1.611934665,View1 vs View3,HD
0.251544108,-0.264019797,View1 vs View3,HD
1.326924606,-1.350587156,View1 vs View3,HD
0.54163075,-0.521628033,View1 vs View3,HD
0.072713877,-0.102997843,View1 vs View3,HD
2.152610813,-2.128532187,View1 vs View3,HD
-0.999877821,1.01137203,View1 vs View3,HD
0.532695277,-0.52936146,View1 vs View3,HD
-1.645958936,1.626774673,View1 vs View3,HD
-0.561959176,0.605515973,View1 vs View3,HD
-0.593854602,0.579464021,View1 vs View3,HD
-0.005115296,0.042255559,View1 vs View3,HD
-0.511652383,0.478221613,View1 vs View3,HD
0.121601899,-0.106460607,View1 vs View3,HD
-0.892720421,0.843452416,View1 vs View3,HD
0.202922928,-0.19232206,View1 vs View3,HD
-0.346100348,0.319635181,View1 vs View3,HD
0.867847147,-0.868518525,View1 vs View3,HD
0.033998195,-0.002924909,View1 vs View3,HD
-1.590255261,1.582879392,View1 vs View3,HD
0.979475549,-0.992677965,View1 vs View3,HD
0.31921425,-0.333001027,View1 vs View3,HD
0.206425928,-0.213339078,View1 vs View3,HD
-0.790920247,0.821424826,View1 vs View3,HD
-1.32005229,1.308797019,View1 vs View3,HD
-0.69073507,0.631050794,View1 vs View3,HD
-0.972671383,0.946177137,View1 vs View3,HD
-1.070129782,1.025541885,View1 vs View3,HD
0.486623758,-0.547617937,View1 vs View3,HD
0.672580446,-0.693250665,View1 vs View3,HD
-0.528642529,0.585768017,View1 vs View3,HD
-0.052495395,0.107912259,View1 vs View3,HD
1.195648222,-1.149033708,View1 vs View3,HD
-1.349542505,1.232798103,View1 vs View3,HD
1.50093465,1.496893178,View2 vs View3,HD
0.377815234,0.430820185,View2 vs View3,HD
-0.415395362,-0.425560859,View2 vs View3,HD
0.256118846,0.242465065,View2 vs View3,HD
-1.158356627,-1.159571436,View2 vs View3,HD
0.2306473,0.273314306,View2 vs View3,HD
-0.797556236,-0.790674413,View2 vs View3,HD
-1.864366359,-1.798042233,View2 vs View3,HD
1.487126603,1.525592844,View2 vs View3,HD
-1.502264588,-1.479878442,View2 vs View3,HD
0.951577512,1.022466845,View2 vs View3,HD
-0.904384375,-0.748660392,View2 vs View3,HD
-1.983324886,-1.993364243,View2 vs View3,HD
-1.31419605,-1.319512949,View2 vs View3,HD
0.279102422,0.257439272,View2 vs View3,HD
-0.102068293,-0.007495936,View2 vs View3,HD
0.234978271,0.271356176,View2 vs View3,HD
-1.399422645,-1.466762667,View2 vs View3,HD
0.329892958,0.367870733,View2 vs View3,HD
-0.106420963,-0.100529945,View2 vs View3,HD
-2.245284501,-2.266078376,View2 vs View3,HD
0.25972581,0.31029316,View2 vs View3,HD
-0.935671089,-0.931534787,View2 vs View3,HD
-0.498952013,-0.551293703,View2 vs View3,HD
-0.087677919,-0.140299585,View2 vs View3,HD
-0.710115897,-0.763651785,View2 vs View3,HD
0.408780724,0.432176924,View2 vs View3,HD
-3.016369353,-2.998406024,View2 vs View3,HD
-1.871817041,-1.868658378,View2 vs View3,HD
-1.140765321,-1.228982388,View2 vs View3,HD
1.423129025,1.527058873,View2 vs View3,HD
0.615327158,0.635599444,View2 vs View3,HD
-0.623040271,-0.652027685,View2 vs View3,HD
-1.795441273,-1.756010121,View2 vs View3,HD
-1.766169528,-1.73300783,View2 vs View3,HD
1.192558204,1.330895907,View2 vs View3,HD
0.402837645,0.392976505,View2 vs View3,HD
0.953285024,0.931708873,View2 vs View3,HD
-0.19331872,-0.233970693,View2 vs View3,HD
-1.055586294,-1.092690023,View2 vs View3,HD
1.77642988,1.789883836,View2 vs View3,HD
-1.249075484,-1.279702242,View2 vs View3,HD
0.490240664,0.465235831,View2 vs View3,HD
0.395595251,0.356814754,View2 vs View3,HD
-0.531902579,-0.474334504,View2 vs View3,HD
0.609593431,0.583337133,View2 vs View3,HD
1.26916533,1.413898958,View2 vs View3,HD
-1.383775379,-1.298735804,View2 vs View3,HD
-0.504574639,-0.461721648,View2 vs View3,HD
1.365476018,1.375436971,View2 vs View3,HD
-0.283009239,-0.351703577,View2 vs View3,HD
-0.203260585,-0.192692266,View2 vs View3,HD
-0.620869864,-0.555569148,View2 vs View3,HD
0.307790954,0.374788949,View2 vs View3,HD
0.860614625,0.752401453,View2 vs View3,HD
-0.072925321,-0.118404126,View2 vs View3,HD
0.561114382,0.556191833,View2 vs View3,HD
-1.299350002,-1.36774569,View2 vs View3,HD
0.895580049,0.882646402,View2 vs View3,HD
-0.475853061,-0.514498358,View2 vs View3,HD
0.71217441,0.808142735,View2 vs View3,HD
-1.132562954,-1.135641309,View2 vs View3,HD
-0.461079294,-0.481006517,View2 vs View3,HD
-1.031430455,-0.969868165,View2 vs View3,HD
-1.580857536,-1.596631026,View2 vs View3,HD
-0.349729527,-0.26196594,View2 vs View3,HD
1.598494236,1.611934665,View2 vs View3,HD
-0.283395537,-0.264019797,View2 vs View3,HD
-1.327217687,-1.350587156,View2 vs View3,HD
-0.44802048,-0.521628033,View2 vs View3,HD
-0.12351606,-0.102997843,View2 vs View3,HD
-2.080182799,-2.128532187,View2 vs View3,HD
1.005546506,1.01137203,View2 vs View3,HD
-0.516340767,-0.52936146,View2 vs View3,HD
1.604842784,1.626774673,View2 vs View3,HD
0.574826055,0.605515973,View2 vs View3,HD
0.605815991,0.579464021,View2 vs View3,HD
0.01557627,0.042255559,View2 vs View3,HD
0.575127747,0.478221613,View2 vs View3,HD
-0.059692267,-0.106460607,View2 vs View3,HD
0.909831713,0.843452416,View2 vs View3,HD
-0.196374328,-0.19232206,View2 vs View3,HD
0.326223153,0.319635181,View2 vs View3,HD
-0.887465186,-0.868518525,View2 vs View3,HD
-0.027360721,-0.002924909,View2 vs View3,HD
1.592359415,1.582879392,View2 vs View3,HD
-0.941933124,-0.992677965,View2 vs View3,HD
-0.292598688,-0.333001027,View2 vs View3,HD
-0.210347211,-0.213339078,View2 vs View3,HD
0.766109575,0.821424826,View2 vs View3,HD
1.266513306,1.308797019,View2 vs View3,HD
0.68374924,0.631050794,View2 vs View3,HD
0.954072189,0.946177137,View2 vs View3,HD
1.079789878,1.025541885,View2 vs View3,HD
-0.456555288,-0.547617937,View2 vs View3,HD
-0.633559068,-0.693250665,View2 vs View3,HD
0.565691883,0.585768017,View2 vs View3,HD
0.022392706,0.107912259,View2 vs View3,HD
-1.208015205,-1.149033708,View2 vs View3,HD
1.375316448,1.232798103,View2 vs View3,HD
