,u2_1
0,0.0
1,0.016072644116284084
2,0.02753558568747876
3,-0.0030561733982705577
4,-9.020562075079397e-17
5,-0.03963755748655087
6,-1.3877787807814457e-17
7,-0.01675986433120774
8,-0.018303943620000457
9,-1.5265566588595902e-16
10,1.3877787807814457e-16
11,0.03154548018697745
12,-0.033746142481405283
13,-0.06581636699966176
14,0.0007299754213466736
15,1.3877787807814457e-17
16,-1.3877787807814457e-17
17,3.469446951953614e-18
18,0.0
19,-4.336808689942018e-19
20,1.0842021724855044e-19
21,-0.022912497994411977
22,0.0
23,8.470329472543003e-22
24,0.035719265746121415
25,5.293955920339377e-23
26,0.02980596929098559
27,-3.308722450212111e-24
28,0.0
29,-0.02681191951087982
30,6.462348535570529e-27
31,0.0
32,0.0
33,0.0
34,-0.01536434165910099
35,-0.04128565500277469
36,-0.006051429728239494
37,-1.232595164407831e-32
38,0.02991340780455342
39,-0.01931732114500882
40,-0.018962246606894766
41,-0.002867941436917555
42,0.0
43,-0.004645199644559769
44,-2.938735877055719e-39
45,-0.003828293235172505
46,1.4693679385278594e-39
47,-0.045065701524873034
48,1.8367099231598242e-40
49,-0.010771638479998806
50,-0.00042401930574042135
51,0.0
52,-0.016334537024431203
53,-0.04329112647169122
54,0.0
55,0.0
56,0.0
57,0.0
58,0.0350167312863635
59,0.03377313813756271
60,-0.002861416737075648
61,-0.023931754830297497
62,0.0
63,0.0
64,0.0
65,0.0
66,-0.04506976165245511
67,-0.011313903503682629
68,0.0
69,0.0
70,0.0
71,-0.031517379259711244
72,-0.0021148308475522582
73,0.0
74,0.03718811591987565
75,-0.02344351709961664
76,0.0
77,0.0
78,-0.011074666772759973
79,0.0
80,0.013866255927373257
81,0.0
82,0.0
83,0.0
84,0.0
85,0.0
86,0.0
87,0.0
88,0.0
89,0.0
90,-0.010116280010982057
91,-0.02733685941427625
92,0.06042695829177331
93,-0.026022447808676363
94,0.024076895575643423
95,-0.0020498878734838935
96,0.0
97,0.011316184272119697
98,0.0
99,-0.0008823711119864384
100,0.025070874026920174
101,0.0
102,0.0
103,-0.021239018656036127
104,0.0
105,0.0
106,0.045750712902797135
107,0.0
108,-0.014993518749937698
109,-0.00169347936244762
110,0.0
111,0.0
112,-0.0032946111688624533
113,0.0
114,0.0
115,-0.003157563642377102
116,0.004262703766985629
117,-0.026854780194001775
118,0.0
119,0.04496196951952497
120,-0.01591377496691399
121,0.03569617531083851
122,0.0
123,0.0
124,0.006448139696369374
125,-0.005078244231090037
126,0.0
127,0.0
128,0.0
129,-0.0443399766064034
130,0.0
131,0.010801436097959749
132,0.0
133,0.0032299648906649724
134,0.0
135,0.0
136,0.04073956826912133
137,0.0
138,0.0
139,0.0
140,0.0
141,0.0
142,0.060722212549881346
143,0.0
144,0.0
145,-0.01749557023964397
146,0.020772954329785532
147,0.0
148,0.0
149,-0.008642616015190422
150,0.0
151,0.0
152,0.0
153,-0.03226392069904083
154,0.030435697017796845
155,0.0
156,0.0
157,-0.03429403686892186
158,0.0
159,0.0
160,-0.005565320680930322
161,0.017427410091952852
162,0.0
163,0.0
164,0.0
165,0.0
166,-0.011200901038415674
167,0.0
168,0.0
169,0.0
170,0.0
171,-0.010528574428321221
172,-0.02268137528726817
173,0.0
174,0.0
175,-0.024620839875421154
176,0.0
177,0.0
178,0.004331006280584454
179,0.0
180,0.0
181,-0.027171879242316566
182,0.0
183,0.0
184,-0.0008575979435100948
185,0.0
186,0.0
187,0.0
188,-0.049442053951323985
189,-0.025243576431727494
190,0.0
191,0.030535032878348717
192,0.0
193,0.0
194,0.0
195,-0.018878818978697975
196,-0.030586154215473827
197,0.0
198,0.01987708783290905
199,-0.02001943180561654
200,-0.05265982610212513
201,0.0
202,0.0
203,0.0
204,0.030356788457209585
205,0.0
206,0.0
207,0.015180553114100886
208,0.0
209,-0.021872678680850445
210,0.0
211,0.03163392165475988
212,-0.03619758825802194
213,0.026459250223603542
214,0.0
215,-0.011669552668128894
216,0.0
217,0.0
218,-0.014741780293536772
219,-0.0007811047944807146
220,0.0
221,-0.00032682403953614516
222,0.0
223,-0.014752123118067267
224,0.027957022362603674
225,-0.001707865415969595
226,0.0
227,-0.024292132841806806
228,0.0
229,0.02515666360514699
230,-0.0001029043450730765
231,0.0
232,-0.03201599091035436
233,-0.018383047676723645
234,-0.016559605622984117
235,-0.0004683066651548223
236,-9.379309136684036e-05
237,0.028921669316282324
238,-0.03248145868029436
239,0.0
240,0.0
241,-0.02750061315129595
242,0.0
243,-0.031803438686215685
244,0.0
245,0.02527834922000496
246,0.0
247,0.0
248,-0.0014460222100508638
249,-0.003290448555160491
250,0.0
251,-0.028373293867710963
252,0.0
253,0.0
254,0.0
255,0.0
256,0.0
257,-0.030999656513897682
258,0.0
259,0.0
260,-0.0063666069962431855
261,0.0
262,-0.011246912599314401
263,0.0
264,-2.8622131097310055e-05
265,-0.01033839992439166
266,0.0
267,0.008867255998812756
268,0.000767118377352289
269,-0.034315421855255594
270,0.0
271,0.0
272,0.0
273,0.0
274,0.0
275,0.04202566031693967
276,0.0
277,0.0
278,-0.005287647723868283
279,0.0
280,0.035109125019722416
281,0.0
282,0.019648793589090947
283,-0.02293854001097597
284,0.0
285,0.0
286,0.0
287,0.0
288,0.0
289,0.0
290,0.0
291,0.0
292,-0.0039202266763935815
293,-0.01849471539626957
294,0.0
295,0.0
296,0.0
297,0.022032139813215685
298,0.0
299,-0.02293824190275051
300,0.0
301,0.02706098891275461
302,0.0
303,-0.0303782579181081
304,0.0
305,-0.010402139957456364
306,0.0
307,0.0
308,0.0
309,0.0
310,0.0
311,-0.04463378258069521
312,0.0
313,0.0
314,0.0
315,-0.0031462549728754536
316,0.010569985046525019
317,-0.0025992663653136654
318,0.0
319,0.024878635255399812
320,-0.03028290247524639
321,-0.0016189227319003123
322,-0.012559903022319028
323,0.0
324,0.0
325,-0.0006025402705570062
326,-0.008491788846758497
327,-0.04262317915707802
328,0.0
329,0.0
330,0.0
331,-0.00017849371007567897
332,-0.00442074639709048
333,0.044462548672264436
334,0.0
335,0.0
336,0.0
337,0.026111147722643394
338,0.031838250007982155
339,-0.0005120331953868532
340,-0.010774220795531758
341,0.0
342,-0.02425342889464596
343,-0.04658116060153644
344,0.011001924650166823
345,0.0
346,0.0
347,0.0
348,-0.014532554308150954
349,-0.022069933669063124
350,-0.017970369480791684
351,0.008143599121304553
352,0.02520983236545634
353,-0.02475603363523138
354,0.011527992382666734
355,0.0
356,0.0
357,0.0
358,0.015685929178721116
359,0.0
360,0.0
361,0.0
362,-0.00023219263265826225
363,-0.000590255070692334
364,-0.0020296258727551283
365,-0.043761726049436865
366,0.007996306869637771
367,-0.006184765008058385
368,0.0
369,0.0
370,-0.012521027710315128
371,-0.02466050117648887
372,0.023578631426253983
373,-0.007994068237109643
374,-0.006079233911201254
375,-0.0016922581930714966
376,0.0
377,0.0
378,0.0
379,-0.04379958700013875
380,-0.0015449559415634127
381,-0.02765379154429573
382,0.0
383,0.0
384,0.02885098862595928
385,-0.00023577336436630286
386,1.6857996151698508e-05
387,0.0
388,-0.009199440095914998
389,0.0
390,0.0
391,0.0
392,-0.04151251814838626
393,-0.02161017126442659
394,0.0
395,0.0
396,0.0
397,0.030587177776408653
398,-0.026001379903878064
399,0.0027776824913102603
400,0.0
401,-0.016503779443204893
402,-0.02297605194995161
403,0.02433414522046925
404,0.0
405,0.019421569155884468
406,0.0
407,-0.02576172909354489
408,-0.0814842311459578
409,0.0
410,0.0
411,0.0
412,0.0
413,-0.0006327136758305331
414,0.021785227974066033
415,0.0
416,-0.02099990559848441
417,0.0
418,-0.0004931923065645643
419,0.022412380253924526
420,0.0
421,0.0
422,0.0
423,0.0
424,0.0
425,0.0
426,0.0
427,0.0
428,0.0
429,0.0
430,0.023484997593875644
431,0.0
432,0.0
433,0.0001999808754346252
434,0.0
435,0.0
436,0.029027149075827617
437,0.005066294390810882
438,2.36420186150477e-06
439,0.0
440,0.0
441,0.0
442,-0.022307084469535325
443,0.0
444,-0.019390701241975672
445,0.0
446,-0.008575108783410479
447,-0.024938751404813442
448,0.0
449,0.0
450,-0.00539045522844412
451,0.0
452,-0.027112058988860904
453,-0.028092025567927184
454,0.0
455,-0.02025265961278955
456,-0.01832048280625188
457,-0.020022915041190026
458,0.0
459,-0.0013199107632020576
460,-0.027759539667176165
461,-0.02222984255670198
462,-0.00020680615439105698
463,-0.030312823689111607
464,0.0
465,-0.011653314691600128
466,-0.009337843116306898
467,-0.01764381851241741
468,-0.021750366579158707
469,0.0
470,-0.014649772361677051
471,-0.017952444288175617
472,0.0
473,-0.02663350812268085
474,0.0
475,0.0
476,-0.004633106378751897
477,0.0
478,0.02550027989265231
479,0.0
480,0.0
481,-0.007713292358255716
482,0.029735091004209808
483,0.0
484,0.0
485,0.014081621011669687
486,0.0
487,0.0
488,0.0
489,-0.011590312805860363
490,-0.0017845819499566662
491,0.031207622910099483
492,0.0
493,-0.0015663924720199075
494,0.0
495,0.0
496,0.0
497,0.0
498,0.0
499,0.013791654874308118
500,0.0
501,0.0
502,0.0
503,-0.0014007893101250684
504,0.0
505,-0.0013566450330970473
506,0.0
507,0.02886521966050822
508,0.024194889103033895
509,0.0
510,0.009810598368955096
511,0.0
512,0.0
513,0.009059887668877224
514,0.0
515,-2.259911158056137e-05
516,-0.04344899385345897
517,0.0
518,0.0
519,0.0
520,-0.021699608536848464
521,0.0
522,0.0
523,-0.028022085055440814
524,-0.0007474986418328237
525,-0.012317130288934828
526,0.0
527,0.0
528,-0.027545278537968926
529,0.0
530,0.0
531,0.0
532,0.0
533,0.0
534,-0.004720868666881682
535,-0.02838028485514589
536,0.002456743114614626
537,-0.01791576998759866
538,0.0
539,0.02991431776516451
540,0.0
541,0.0
542,-0.02299210745389004
543,0.0
544,0.0
545,0.0
546,0.024733825461207445
547,-0.015893915512741035
548,0.0
549,0.035894783862914795
550,-0.01627659973310896
551,0.0
552,0.0
553,0.0
554,0.010958437621135086
555,0.0
556,0.032875430782464694
557,0.0
558,-0.00015711544330983675
559,-0.005724952178904329
560,0.0
561,0.010164892357816587
562,-0.02052397209972477
563,0.0
564,0.0
565,0.0
566,-0.021318003767070312
567,0.0
568,-0.001048604635395485
569,-0.013191211547291819
570,0.0
571,0.029368820353883916
572,-0.024265573303888142
573,-0.029038102002784883
574,0.0
575,0.0
576,-0.001255822171198
577,0.0
578,0.0
579,0.0
580,-0.005550764109488436
581,0.0
582,-6.328499975529549e-05
583,0.0
584,-0.028544100775176922
585,0.0
586,-0.004861777297260263
587,-0.010519583081882179
588,0.0
589,-0.02031635249944645
590,-0.02048646813191421
591,-0.00010098621134845805
592,1.8740633762586244e-05
593,0.0
594,0.0
595,0.0
596,0.0
597,0.0
598,-0.022117070052407664
599,0.0
600,-9.684712111118654e-06
601,-0.0005716324466727302
602,-0.023835770884745273
603,0.0
604,0.0
605,0.0
606,0.024674345488180798
607,0.0
608,-0.03279851281933084
609,-0.0379471037019209
610,0.02858846972315436
611,0.01779323772347822
612,0.0362546008543122
613,0.0
614,0.0
615,-0.02845809974721186
616,0.0
617,0.0
618,-0.00607611067793041
619,0.0
620,-0.019609394931721244
621,0.0
622,0.027103410643808983
623,-0.028593763846176963
624,-0.02347575207919106
625,0.0
626,-0.027440481301031078
627,0.023084059884517297
628,-0.022421779005730173
629,-0.02788585984678741
630,-0.024242667550210765
631,0.005315535576462925
632,5.257276746125745e-06
633,0.0
634,0.0
635,0.0
636,-0.012873606637162674
637,-0.00829712940766083
638,0.0
639,0.0
640,0.0
641,0.0
642,0.0
643,0.036453011404678784
644,-0.018490862243574886
645,0.0
646,0.0
647,0.0
648,0.0
649,-0.026813150112575197
650,-0.01227570463854109
651,-0.0002118896445553026
652,0.0
653,0.0
654,-0.029117816972306518
655,0.0
656,0.0
657,0.0
658,0.0
659,0.0
660,0.0
661,0.0
662,-0.010138335538950957
663,-0.02042871935382293
664,0.0
665,0.0
666,0.0
667,0.0
668,0.0
669,0.016317222412405415
670,-0.00010204804531125346
671,0.0
672,-0.021810363765662314
673,0.0
674,0.021670080350235394
675,0.0
676,0.029545909207588688
677,0.0
678,-0.06308898355604163
679,0.0
680,0.0
681,0.0
682,0.022852110157769803
683,0.0
684,0.0
685,-0.016576312449772045
686,0.0
687,0.0
688,0.0
689,0.0
690,0.0
691,0.007902152909823872
692,-0.01785353539874708
693,0.025126760869824204
694,0.0
695,-8.027430083818392e-05
696,0.021030981909880314
697,-0.00034391311716879935
698,4.055439902172358e-05
699,0.0
700,-6.148898870665811e-05
701,0.0
702,0.0
703,0.0
704,0.0
705,0.0
706,0.0
707,0.0
708,-0.03936872986360643
709,-0.0016468546809963317
710,0.0
711,0.025509867598339255
712,0.0
713,0.0
714,-0.0179383652333702
715,-0.03692114465167825
716,-0.0004159631837439382
717,0.0
718,0.0
719,-0.0065133974667827155
720,0.0
721,-0.028197316691453624
722,-0.0001458736773623357
723,-0.03361675667734836
724,-0.027170491784858673
725,0.0
726,0.0
727,-0.025903227574398717
728,0.0
729,0.007311870232110936
730,-0.029072393727827016
731,0.0
732,0.026120667869814287
733,0.0
734,-0.02855156554063957
735,0.0
736,0.0
737,0.0
738,0.0
739,-0.02239406636296146
740,0.0
741,0.0
742,-0.010386539802511757
743,-0.020788610020691423
744,0.03056931833688596
745,0.0
746,0.0
747,-0.04206961735317528
748,0.0
749,0.0
750,0.0
751,-0.0003732145024132126
752,0.0
753,-0.02029882196471871
754,-0.03059427194086518
755,0.0
756,0.0
757,0.0
758,-0.018743083531679465
759,0.0
760,0.0
761,0.0
762,-0.010776175066977816
763,0.0001076783799726761
764,-0.01660078186228051
765,0.023544930251986937
766,-2.023960649377646e-06
767,0.0
768,0.0
769,0.0
770,0.0
771,0.0
772,0.0
773,0.0
774,0.0
775,-0.025913202781168106
776,0.0
777,0.0
778,0.0
779,1.750813063986783e-05
780,0.0
781,0.0
782,-0.028430347927983046
783,0.0
784,0.026846184566340192
785,0.0
786,0.0
787,-0.0005546890526289527
788,-8.54116187681134e-05
789,0.034150674570568786
790,-0.026211871394198186
791,0.0
792,0.0
793,0.005630338107544548
794,0.0
795,0.0
796,-0.016048120514279587
797,0.0
798,0.0
799,0.009006687429817683
800,-0.010652578916565226
801,0.0
802,0.19808574874567897
803,0.0
804,-3.762336063219309e-05
805,0.0
806,-0.000263814399990936
807,0.0
808,0.0
809,0.0
810,0.029931181557147486
811,0.0
812,-0.027478752617665303
813,0.020075891786532605
814,0.0
815,0.0
816,-0.005728028885556599
817,-0.00309399269507395
818,-0.0026204462020969184
819,-0.007925170347752137
820,0.0
821,0.028595953248511878
822,0.0
823,-0.0215599516529192
824,0.026746200138301666
825,0.0
826,-0.016800960696488596
827,0.03886788900334106
828,-0.001087536835521925
829,0.0
830,-0.017380791328597343
831,-0.02960821769880381
832,-0.030114663429495703
833,0.0
834,0.0
835,0.002771178269150132
836,0.03396522362866764
837,0.0
838,-0.01655597617673232
839,0.011606016602218376
840,0.0
841,0.0
842,0.0
843,-0.005055536953651877
844,-0.01803835672873973
845,0.0
846,0.0
847,0.0
848,-0.02574579772553298
849,-0.006589260184384548
850,0.02657229906523507
851,0.0
852,0.0
853,-0.034305610134379355
854,0.0
855,0.0
856,0.0
857,0.0
858,-0.003085605964078164
859,-0.021182778037909022
860,0.0
861,0.0
862,-0.024298988423540165
863,0.02747341797182058
864,0.0
865,-0.0006240390409686834
866,0.0
867,0.0
868,-0.002292343619239863
869,0.0
870,-0.02807651992152408
871,0.0
872,-0.027198253155392527
873,-0.0002415509005125133
874,0.0
875,0.0
876,-0.02306798938167917
877,-0.021010624736844664
878,0.0
879,0.0
880,0.0
881,0.0
882,0.0089609321609299
883,0.0
884,0.0
885,-0.013815032372404855
886,-0.020525500848438266
887,0.0
888,0.035965910399333514
889,0.0
890,0.0
891,0.0
892,0.0
893,0.0
894,-0.0025564709629423686
895,0.0
896,-0.031520386366325516
897,0.0
898,0.0
899,0.0
900,0.0
901,0.0
902,0.01082779098788049
903,-0.016843331901897213
904,-0.02819586594359958
905,0.0
906,0.0
907,0.06800855779062752
908,-0.035420477931590706
909,-0.02552416355274948
910,0.030789351667037893
911,-0.021816711979427594
912,-0.0043210873242331155
913,0.0
914,0.0
915,0.0
916,0.0
917,-0.030109499419569825
918,-0.003239097193276908
919,-0.021568338862916925
920,0.0
921,0.0
922,0.0
923,-0.017533178368832853
924,0.0
925,-0.0080958350708367
926,0.0
927,0.0
928,0.0
929,0.0
930,0.0
931,-0.002695293226804924
932,0.0
933,0.0
934,0.016684420798934823
935,0.0
936,0.0
937,0.0
938,0.0
939,0.019754323091097585
940,-0.006560385374247242
941,-0.03377452340135066
942,0.0
943,0.0
944,-0.026460243444599192
945,-0.027664917934816305
946,-0.01961030488506055
947,0.0
948,0.0
949,0.0
950,0.014398321509819434
951,0.0
952,0.0
953,0.0
954,0.0
955,0.0358248711373578
956,-6.0174198555814745e-05
957,0.0
958,-0.029609307608485024
959,0.0
960,0.0
961,-0.0076064729325085205
962,0.0
963,0.0018279541493841412
964,-0.039906467884758455
965,0.0
966,0.0
967,0.0
968,0.0
969,0.028751945734591156
970,0.009159963030061757
971,0.0
972,0.0
973,-0.02322768584382769
974,-0.01650720773287856
975,0.0
976,0.01715529967005874
977,0.0
978,0.030845326026797817
979,0.055369373289486816
980,0.016517465457975753
981,0.0
982,0.0
983,0.0
984,0.0
985,-0.045008020129095876
986,0.0
987,-0.009565666134852806
988,0.0
989,-0.016684924774577795
990,-0.00748890306710721
991,-0.024567192247252925
992,0.0
993,0.0
994,0.017013691555432146
995,0.0
996,0.0
997,0.0
998,0.0
999,-0.0023601057736414126
1000,0.023717643607710042
1001,-0.00420944977393749
1002,0.0
1003,0.0
1004,-0.004382822345022387
1005,0.0
1006,-0.0054440640656174535
1007,0.030204737591121605
1008,0.0
1009,0.0
1010,0.0
1011,-0.028679693079499798
1012,0.0
1013,-0.022103457153797877
1014,-0.0997082248882304
1015,0.002562728389982305
1016,0.0
1017,0.0
1018,0.0
1019,0.002953570052541958
1020,0.0
1021,0.0
1022,-0.02730028898537769
1023,0.0
1024,0.0
1025,-0.00362963637049437
1026,-0.001090633559866543
1027,-0.028135242303703702
1028,-0.03472982980267841
1029,0.0
1030,0.0
1031,-0.014798741075345621
1032,-0.007401703909614272
1033,-0.025839705185875684
1034,-0.05007104381222738
1035,-0.009281633027908841
1036,-0.025048336432964745
1037,0.03904282141726735
1038,0.0
1039,0.0
1040,-0.0350433097075591
1041,-0.033496000173163454
1042,-0.017047286022578004
1043,0.0
1044,0.0
1045,-0.027885722047127852
1046,0.0
1047,0.0
1048,0.0
1049,-0.031474281732335185
1050,0.0
1051,0.0
1052,0.0
1053,-0.03975289783207789
1054,0.0
1055,-0.00020767658952286453
1056,-0.0033565033809085736
1057,-0.020380245228062706
1058,0.0
1059,0.0
1060,0.0
1061,0.0
1062,-0.00033024411649002156
1063,0.0
1064,-0.02097926314474536
1065,-0.010696148138588994
1066,0.003602601978040787
1067,-0.027295727628815134
1068,-0.004649719768358824
1069,0.028670461350574654
1070,0.0
1071,-0.06548219240263306
1072,0.0
1073,0.05518591284899627
1074,0.03536890075820341
1075,0.0
1076,0.0
1077,-0.04169992678772418
1078,-0.018479379045409545
1079,0.0
1080,-0.02381927357218525
1081,0.0
1082,0.0
1083,-0.0018025692397271584
1084,0.0
1085,0.0
1086,0.0
1087,-0.0040223800812321285
1088,0.01662798128576048
1089,0.0
1090,0.0
1091,-0.029400786693936556
1092,0.0
1093,-0.01887757516030953
1094,0.0
1095,0.0
1096,0.0
1097,0.0
1098,-0.031045027912773727
1099,0.0
1100,0.0048292740893099316
1101,0.0
1102,0.0
1103,0.0
1104,0.03463479296975755
1105,0.0
1106,0.0
1107,0.0
1108,-0.03968907150062362
1109,-0.019642582611276833
1110,0.0
1111,-0.001340525586546224
1112,-0.014543422609045792
1113,-0.0001286606291073151
1114,-0.002091535388779165
1115,0.02867239448828789
1116,0.0
1117,0.0
1118,0.0
1119,0.018199036017238053
1120,0.02937085519548975
1121,0.0
1122,-0.0035936241759054657
1123,0.0
1124,0.0
1125,0.0
1126,0.0
1127,0.0
1128,-0.02799282528616655
1129,-0.010896167708030084
1130,-0.0015847866780467328
1131,0.03389501843145773
1132,-0.014747986113811862
1133,0.0
1134,-0.07778707528421058
1135,-0.018936953638245397
1136,0.0
1137,-0.024675421907600168
1138,-0.02187007505255575
1139,0.026500364290706173
1140,-0.013068948458381404
1141,0.026752556577164972
1142,0.02024470395378939
1143,0.0
1144,0.0
1145,-0.003712080582933229
1146,-0.010934811060374692
1147,0.021370957704764184
1148,0.0
1149,0.0
1150,0.0
1151,0.0
1152,-0.0011851671912776946
1153,0.0
1154,0.0
1155,-0.026389290713320305
1156,0.0
1157,0.0
1158,-0.01076867410074622
1159,-0.03118509350341636
1160,0.0
1161,0.0
1162,0.007855455000738774
1163,-0.016301539552208116
1164,0.0
1165,0.0
1166,-0.012787394748993324
1167,0.0
1168,0.0
1169,0.044493580078694965
1170,0.0
1171,0.0
1172,0.0
1173,0.0
1174,0.0
1175,0.025015818613567106
1176,0.0
1177,0.018541872063205532
1178,0.0
1179,0.0
1180,-0.018165180091714396
1181,0.0
1182,0.0
1183,0.02861911166452134
1184,-0.00032206140213760713
1185,-0.009726687800435932
1186,0.0
1187,-0.049503039633773435
1188,-0.022999578808532026
1189,0.0
1190,-0.05583152721325109
1191,-0.014411943821369847
1192,0.052037828535160306
1193,0.0
1194,-0.024357574148765125
1195,-0.006983971524964249
1196,0.0
1197,0.0
1198,-0.00921916610648732
1199,-0.0035453426774118956
1200,-0.00013533577642186633
1201,0.0
1202,0.0
1203,-0.00010283388571468345
1204,-0.02521609079775739
1205,0.0
1206,-0.0006247457533631658
1207,0.0
1208,0.028483324925546706
1209,-0.00668829919913808
1210,0.0
1211,0.0
1212,0.0
1213,0.01627345201003547
1214,-0.017372037166382623
1215,0.0
1216,-0.02499365041713837
1217,0.0
1218,0.035738518348495014
1219,0.0
1220,0.0
1221,-0.01891680689042926
1222,0.0
1223,0.0
1224,0.0
1225,-0.012433141895950668
1226,0.0
1227,0.008846369802795183
1228,0.03202704695559006
1229,0.0
1230,0.0
1231,-0.0002783974842179227
1232,0.0
1233,0.0
1234,-0.028433722490867425
1235,0.0
1236,-0.00960333103991198
1237,0.0
1238,-0.032516951859129256
1239,0.04915854516817396
1240,0.009224535334238951
1241,0.0
1242,0.0
1243,0.0
1244,0.0
1245,-0.014705964347560416
1246,-0.00936836454198811
1247,-0.00018718684306481983
1248,0.0
1249,0.025823500674760292
1250,0.0
1251,0.0
1252,-0.011870047696484167
1253,-0.026951550940885145
1254,0.0
1255,0.0
1256,0.0
1257,-0.02672506181613356
1258,-0.028464056378688832
1259,0.0
1260,-0.01928751130512352
1261,-0.022452255300959432
1262,0.03246073280553869
1263,-0.00779782259305954
1264,0.0
1265,-0.001882767490369798
1266,-0.04939357949798971
1267,0.0
1268,-0.0005132785915975179
1269,-0.001235568290827508
1270,0.0
1271,0.0
1272,-0.020386298307781943
1273,0.0
1274,0.0
1275,0.0
1276,0.0
1277,0.0
1278,0.0
1279,0.0
1280,0.0335519233979603
1281,-0.035281369642616925
1282,-0.015148229398093304
1283,0.0
1284,-0.0006327364577729293
1285,-3.300459694369119e-05
1286,0.0
1287,0.0
1288,-0.02393065894595114
1289,0.0
1290,0.0
1291,0.0
1292,0.0
1293,0.0
1294,0.0
1295,0.005753922718518305
1296,0.0
1297,0.0
1298,0.0
1299,0.03014262575919667
1300,0.0
1301,0.0
1302,0.026881378541103403
1303,0.04484879887722271
1304,-0.07720065349463753
1305,0.0
1306,0.0
1307,0.0
1308,0.0
1309,-0.004820335507173695
1310,0.025772975816394747
1311,-0.014457347415310918
1312,-0.05652507731503742
1313,-0.02343001538038634
1314,0.0
1315,0.0
1316,-0.031207948623029065
1317,0.01340113315332423
1318,0.0
1319,0.0
1320,0.0
1321,-0.02911072928313608
1322,-4.184186376816115e-05
1323,-0.032410314700975676
1324,0.05765283019975565
1325,0.0
1326,-0.025272063929392113
1327,0.0
1328,-0.029665788126714023
1329,0.0
1330,-0.004257336954251651
1331,0.0
1332,-0.006435933994325004
1333,-0.00029395728999474384
1334,0.0
1335,0.02572610731443389
1336,-0.00037147610268563233
1337,-0.0033515192750534525
1338,0.0
1339,0.0
1340,0.0
1341,0.0
1342,-0.022705986039256276
1343,0.0
1344,0.0
1345,0.0
1346,-0.032917667343159644
1347,0.0
1348,0.0
1349,-0.007402108595671288
1350,0.0
1351,-0.005609510178865578
1352,0.0
1353,-0.002531165747191364
1354,0.0
1355,0.0
1356,0.0
1357,-0.029977389780093948
1358,0.05847196184326609
1359,0.0
1360,-0.022634592380500973
1361,0.0
1362,0.0
1363,0.0
1364,0.0
1365,0.0
1366,0.0
1367,0.0
1368,-0.002753325529492846
1369,0.021849009907763218
1370,0.0
1371,0.0
1372,-0.034030136336723006
1373,0.0
1374,-0.003280976561891869
1375,0.0
1376,0.0
1377,0.0
1378,0.0
1379,-0.0017619957447847611
1380,0.02752723870727585
1381,0.0
1382,0.0
1383,0.0
1384,0.0
1385,-1.727720938970288e-05
1386,0.02454778903269584
1387,-0.007325193470576493
1388,-0.0035900627873279595
1389,0.0
1390,0.0
1391,0.0
1392,0.0
1393,-0.01161796114794457
1394,0.0
1395,-0.010323513722799216
1396,0.0
1397,-0.013357898282847364
1398,0.0
1399,0.010090175241531179
1400,0.0
1401,-0.020967170309429604
1402,0.0
1403,0.027635747595208534
1404,-0.0363156397831318
1405,-0.015483685510361148
1406,0.0
1407,0.0
1408,0.0193965904072843
1409,-0.022412147246966482
1410,0.0
1411,0.0
1412,0.0
1413,0.0
1414,0.0
1415,0.0
1416,0.0
1417,-0.011907697413359635
1418,0.0
1419,0.0
1420,0.0
1421,0.0
1422,-0.005835115880468877
1423,0.0
1424,-0.02842923514265403
1425,-0.01775164932352915
1426,0.0
1427,0.022674358622793496
1428,0.03075000310449487
1429,0.0
1430,0.0
1431,0.0
1432,0.0
1433,0.031928332808102554
1434,-0.021254981638719223
1435,0.0
1436,-0.013757900262796306
1437,0.0
1438,-0.029575292001476045
1439,0.0
1440,-0.026940009280698184
1441,0.0010103237478530588
1442,0.0
1443,0.0
1444,0.0
1445,0.0
1446,0.0
1447,-0.023990122775161063
1448,0.0
1449,-0.00032640934406286744
1450,-0.0012330015221104018
1451,0.0
1452,0.0
1453,-0.0003220773537498742
1454,0.0
1455,0.0
1456,0.030969483915717817
1457,0.031774675836955917
1458,0.0
1459,0.022950413611962598
1460,-0.020405150146776005
1461,-0.001449770306446167
1462,0.0
1463,-0.027558470991041296
1464,0.0
1465,0.0
1466,-6.617926179598855e-05
1467,0.04392790682576709
1468,0.024185382131617254
1469,0.0
1470,0.0
1471,0.007408425244657657
1472,0.0
1473,0.0
1474,-0.02569629283750849
1475,0.0
1476,-0.014858002194072106
1477,0.020663726360038586
1478,0.0
1479,0.0
1480,0.0
1481,0.0
1482,0.0
1483,0.0
1484,0.0
1485,0.0
1486,0.0
1487,-0.02367951586113954
1488,-0.023359864815484917
1489,0.0
1490,0.0
1491,-0.020933890387855043
1492,0.0
1493,0.0
1494,0.0
1495,0.0
1496,0.017667690439382152
1497,0.0
1498,0.0
1499,0.0
1500,0.03883804812148504
1501,-0.00527233230213775
1502,-0.00975210088077494
1503,0.0
1504,0.006078332935815578
1505,-0.01035705021754422
1506,0.0
1507,-0.04197543526405998
1508,0.0
1509,-0.023125967081897927
1510,0.011631948373218981
1511,0.0
1512,0.006905548240896336
1513,0.008715224221614512
1514,-0.0018802063575951305
1515,0.018783787520482945
1516,0.0
1517,0.0
1518,-0.023249884570289342
1519,-0.0069247506165588555
1520,-0.006679766192918227
1521,0.032131061536758786
1522,-0.016296883255578775
1523,-0.013162912998814
1524,0.0
1525,0.0494291475952879
1526,-0.027142782350506846
1527,0.0
1528,-0.002057657301964012
1529,-0.016235662365125848
1530,0.022645107801238826
1531,0.0
1532,0.0
1533,-0.02223566856698148
1534,-0.026001133273283482
1535,0.0
1536,0.0
1537,0.0
1538,0.0
1539,0.0
1540,0.04135369380621237
1541,-0.014256814556757159
1542,0.0
1543,-0.01788346623483854
1544,0.0
1545,-0.010701009641374732
1546,0.0
1547,-0.009759515716693867
1548,0.01420942165412783
1549,-0.029221769064631708
1550,-0.04281070637248234
1551,0.0
1552,-0.015088567521560039
1553,-0.002285842489748236
1554,-0.015157125899676415
1555,-0.01435996619102982
1556,0.015751508567234476
1557,0.0
1558,-0.021845209015022484
1559,-0.002365186729720052
1560,0.02145696816480873
1561,-0.024827456908650337
1562,-0.009813870997640924
1563,-0.0008972944909455713
1564,0.02691930505706436
1565,0.0
1566,0.030986077818136996
1567,-0.004285552369153762
1568,0.0
1569,0.0
1570,0.0
1571,0.0
1572,0.0
1573,0.05052695255145265
1574,-0.0018941701917036214
1575,-0.0022239925119486607
1576,0.0
1577,-0.04859257696726857
1578,0.0
1579,0.0
1580,0.004018007428689985
1581,0.0
1582,-0.022098755912450283
1583,0.0
1584,0.0
1585,-0.03523080911848649
1586,0.0
1587,0.0
1588,0.0
1589,0.0
1590,0.027069177724777658
1591,-0.012722644011432915
1592,0.031427574682121234
1593,0.0
1594,0.030087378124258084
1595,0.0
1596,-0.006198175100529165
1597,0.0
1598,0.03079329561766001
1599,0.0
1600,0.003491253325247887
1601,0.0
1602,-0.024208607962591288
1603,0.0
1604,0.0
1605,0.0
1606,0.0
1607,0.013334937079502378
1608,-0.029528986992875376
1609,0.0
1610,0.0
1611,0.011850508840294068
1612,-0.023980298872199324
1613,0.0
1614,0.0
1615,-0.029096044515899706
1616,0.0
1617,-0.037479420001627385
1618,0.0
1619,0.0
1620,-0.014266542349390494
1621,-0.017576455605579116
1622,0.0
1623,0.0
1624,-2.863267180770566e-05
1625,-0.031170538562912204
1626,0.0
1627,0.0
1628,0.0
1629,0.0
1630,0.024802880174514423
1631,0.0
1632,0.0
1633,-0.031126529178228297
1634,0.0
1635,0.0
1636,0.0
1637,0.0
1638,-0.03275498308894968
1639,0.0
1640,0.0
1641,0.0
1642,-0.0003022758242302025
1643,-0.02329897355716948
1644,0.03485631731746221
1645,0.017431400458127272
1646,-0.0234045426149943
1647,0.03020433277230655
1648,-0.02345346794404417
1649,0.0
1650,-1.7302611215701286e-05
1651,0.02423064655940434
1652,0.0
1653,0.0
1654,0.0
1655,-0.048926852991204216
1656,0.0
1657,0.026540755453961704
1658,0.02423082384112258
1659,-0.003054575149836773
1660,-0.021080609157541345
1661,0.0
1662,0.0
1663,0.0
1664,0.0
1665,0.0
1666,0.0
1667,0.0
1668,0.040729726042330376
1669,0.0
1670,-0.00017149601293584013
1671,0.02459059784401157
1672,-0.0017743804664163373
1673,0.0
1674,0.007169794590184321
1675,-0.07370226549798377
1676,0.0
1677,0.0015536908095864885
1678,-0.0002421272376747062
1679,-0.0037666251297987573
1680,0.0
1681,0.0
1682,-0.021542954660574008
1683,0.0
1684,-0.026642759163432343
1685,0.0
1686,0.0
1687,0.0
1688,-0.0026520101089698407
1689,-0.011623945482517531
1690,-0.02671315522690253
1691,-0.007344111775994972
1692,0.0
1693,0.0
1694,0.0
1695,0.0
1696,-0.004322476328549872
1697,0.03234426548075209
1698,0.05856626100647521
1699,-8.68883792860966e-06
1700,0.0
1701,0.0
1702,0.0
1703,-0.008294237208578987
1704,-0.03664533022496797
1705,0.0
1706,0.0
1707,-0.027403407592842627
1708,0.0
1709,0.02452649117442059
1710,0.0
1711,0.0
1712,0.0
1713,-0.011464017689896059
1714,0.0
1715,0.0
1716,-0.027787623480166206
1717,-0.00026993069289627203
1718,0.0
1719,-0.0294069408952186
1720,-0.009185501252144205
1721,0.0
1722,0.0
1723,0.02327538155834438
1724,-0.022585356431095268
1725,0.0
1726,0.012749587130515171
1727,0.0
1728,0.0
1729,0.0
1730,-0.00030355916798558433
1731,0.0
1732,-0.028184030993184356
1733,0.0
1734,0.0
1735,-3.5386283010492594e-05
1736,-0.027090564498624736
1737,0.0
1738,0.0
1739,0.0
1740,0.0
1741,5.386664319132723e-06
1742,0.0
1743,-0.026652768645065904
1744,-0.03234380864248222
1745,0.0
1746,0.0
1747,0.0
1748,0.0
1749,-0.05315614092809114
1750,0.0
1751,0.015465453434047191
1752,-0.01211422545520894
1753,0.0
1754,-0.0018481092191743557
1755,0.0
1756,0.0
1757,0.0028494851236924744
1758,0.0
1759,0.0
1760,-0.035435505666161465
1761,0.0
1762,-0.018587668884188654
1763,0.0
1764,0.0
1765,-0.019964195086750524
1766,0.0
1767,0.0
1768,-0.023809775857057788
1769,0.0
1770,0.0
1771,0.0
1772,-0.025450383404837938
1773,0.023157635842766453
1774,0.015586864145172567
1775,-0.01936649610550416
1776,-0.023780586910409116
1777,-0.0017763167981115966
1778,-0.0006003402105995654
1779,0.0
1780,-0.012709818844368321
1781,-2.5174610130126756e-05
1782,0.0
1783,-0.04835683390164129
1784,0.0314369658666221
1785,0.0
1786,0.016059219254119527
1787,0.0
1788,0.0
1789,0.0
1790,0.0
1791,0.0
1792,-0.02266616410217015
1793,0.0
1794,-0.020481672089316668
1795,0.027998452765035257
1796,-0.00272514186626998
1797,-0.001084423986204819
1798,0.0
1799,-0.003967259352147389
1800,0.0
1801,0.0
1802,0.0
1803,0.03837696842535684
1804,0.0
1805,-0.0009865374335064191
1806,-0.014711859491380786
1807,0.0
1808,0.0
1809,0.0
1810,0.0
1811,0.0
1812,-0.01498479323429917
1813,0.0
1814,0.0
1815,0.0
1816,-0.008613599149960393
1817,-0.01113641839512065
1818,-0.020336956085083183
1819,0.0
1820,-0.015344364291743639
1821,0.0
1822,0.0
1823,-0.02887952198784145
1824,-0.006665759105157618
1825,0.0
1826,0.0
1827,0.04265080225241885
1828,0.0
1829,0.06470800977318467
1830,-0.018645294600003807
1831,-0.0078009924138017495
1832,-0.027373524947448335
1833,0.0
1834,0.0
1835,-0.0026506970523921453
1836,0.0
1837,0.0
1838,0.003490428908648592
1839,-0.024212145177839473
1840,-0.03161401445977299
1841,0.0
1842,0.014641962755594049
1843,0.0
1844,0.0
1845,-0.0005132358112245801
1846,0.0
1847,0.0
1848,-0.03067206282267168
1849,0.0
1850,-0.022974774527995134
1851,0.0
1852,-0.048785723985216974
1853,0.0
1854,-0.0530923621646154
1855,0.0
1856,0.03415633235288134
1857,-0.02269655554641528
1858,-0.0013008224624280339
1859,0.0
1860,0.0
1861,0.0274936527824683
1862,0.0
1863,0.0
1864,0.0
1865,0.018621048602856904
1866,0.0
1867,-0.0033954155508688424
1868,0.0
1869,0.010588439141818165
1870,-0.011104194789000476
1871,0.0
1872,0.0
1873,0.0
1874,0.0
1875,0.0
1876,0.0
1877,0.0
1878,-0.031711636544375185
1879,-0.042534668538724535
1880,0.01077255065836997
1881,0.0
1882,0.0
1883,0.0
1884,-0.020080953873858214
1885,0.0
1886,-0.029356989672826475
1887,0.0
1888,0.0
1889,0.0
1890,0.0
1891,0.0
1892,0.0
1893,0.048967971763654736
1894,0.02466743169684697
1895,0.0
1896,-0.00923262964473084
1897,0.0
1898,0.0
1899,0.0
1900,0.0
1901,0.0
1902,0.0
1903,0.03215816987045792
1904,0.007306146542131095
1905,-0.0032798803085964745
1906,0.0
1907,0.02867599837297797
1908,0.0
1909,0.0
1910,-0.01901138949027277
1911,-0.0006529715869761573
1912,-0.03367975563330055
1913,-0.0029269589743321912
1914,0.0
1915,0.0
1916,-0.013255950677343357
1917,0.0
1918,-0.00891507687925615
1919,0.0
1920,0.027521426489638293
1921,-0.006404950018127356
1922,0.0
1923,0.0
1924,0.0
1925,-0.018480337774163014
1926,-0.035035755012000916
1927,-0.0014838233342403045
1928,0.0
1929,0.0
1930,0.0
1931,-0.023145235773676283
1932,0.0
1933,0.0
1934,0.0
1935,-0.028027860515840435
1936,0.0
1937,0.0
1938,0.0
1939,0.0
1940,0.0
1941,0.0
1942,-0.021881594528388414
1943,0.0
1944,-1.4490515202923692e-05
1945,-0.022012590209293262
1946,0.0
1947,0.0
1948,0.0
1949,0.013256564209324381
1950,0.0
1951,0.0
1952,-0.01410850801758593
1953,0.0
1954,0.0
1955,-0.012895300111201215
1956,0.031715708164473506
1957,-0.03009454080424536
1958,-0.00011007966815133855
1959,0.0
1960,0.0
1961,-0.016364287688296363
1962,0.0
1963,0.0
1964,0.029450969956345677
1965,0.0
1966,0.025736995886307974
1967,0.0
1968,0.0
1969,0.02873631525606249
1970,-0.014819518791974774
1971,0.0
1972,-0.025687137089386098
1973,0.0
1974,-0.015594173944777613
1975,-0.020585363871456635
1976,0.03131575058002655
1977,0.0
1978,0.0
1979,-0.02315128340863952
1980,0.0
1981,0.0
1982,0.0
1983,-0.0030972332297242735
1984,0.0
1985,0.0
1986,0.0
1987,0.0
1988,0.0
1989,-0.008969124507343582
1990,0.0
1991,0.0
1992,0.0
1993,-0.02668920814715024
1994,0.0
1995,-0.0025712283892247658
1996,0.0
1997,0.0
1998,0.0
1999,0.0
2000,-0.02410445795426143
2001,0.0
2002,-0.0022999847007711357
2003,-0.026215707553243876
2004,0.0
2005,-0.010601335314316274
2006,-0.0125689314200776
2007,-1.5473910608217224e-05
2008,0.0
2009,-0.015309661626328724
2010,0.0
2011,-0.043161245778214806
2012,-0.030763221055609174
2013,0.0
2014,0.0
2015,0.0
2016,0.0
2017,0.0
2018,0.0
2019,0.0
2020,0.0
2021,0.0
2022,0.0
2023,0.0
2024,-0.010782394479282432
2025,0.0
2026,0.0
2027,-0.0002349465249040324
2028,-0.023050609320875916
2029,0.0
2030,0.0
2031,-0.024009057320630547
2032,-0.028631782168594827
2033,-0.026860128111354683
2034,0.0
2035,0.0
2036,0.0
2037,-0.039625859891286586
2038,-0.013637464004769251
2039,0.0
2040,-0.00115598387620306
2041,0.0
2042,-0.02529776064290973
2043,0.0
2044,-0.025896560017072204
2045,0.0
2046,0.018408290562903832
2047,0.0
2048,0.0
2049,0.0
2050,0.015748380530328277
2051,-0.007965746959535358
2052,-3.944355523833194e-05
2053,0.04676417212316043
2054,-0.02992081552039691
2055,-0.00023995139039882445
2056,0.0
2057,-0.025709735403999578
2058,0.0
2059,0.0
2060,0.0
2061,0.0
2062,0.0
2063,0.0314756907895372
2064,0.15912683540747224
2065,0.0
2066,0.0
2067,-0.02999287344157195
2068,0.06578752090616477
2069,0.0
2070,-0.014608898126489026
2071,0.0
2072,-0.039467265246929055
2073,0.0
2074,0.014240738195767615
2075,-7.914709052942627e-05
2076,-0.04279537301928371
2077,0.012691346311152823
2078,-0.03108397139330507
2079,0.028520084203216407
2080,0.0005256869740783119
2081,-0.025648212301965463
2082,-0.020711042302832793
2083,-0.01364251852128978
2084,0.0
2085,0.0
2086,0.006010219484780396
2087,0.0
2088,0.010983655124418755
2089,0.0
2090,0.0
2091,0.0
2092,0.0
2093,0.0
2094,0.0
2095,0.0
2096,0.0
2097,0.0
2098,0.0
2099,0.04119404920458191
2100,0.0
2101,-0.0042480601553275136
2102,0.025788193475596508
2103,0.0
2104,-0.023629055446633417
2105,0.0
2106,0.0
2107,0.07937891497426179
2108,-0.005397400839256268
2109,0.0
2110,0.0
2111,-0.03085701963853685
2112,-0.017477134089558234
2113,0.0
2114,-0.029574999571493933
2115,0.04060971216051539
2116,0.030981035075578842
2117,0.0
2118,0.0
2119,-0.02270656424398768
2120,-0.021825247678202837
2121,0.0
2122,0.0
2123,0.0
2124,-0.026532573119075326
2125,-0.0012708482259986846
2126,-0.02958489033205295
2127,-0.054580887951610875
2128,0.0
2129,-0.04103932975481598
2130,0.0
2131,-0.00012334270317509676
2132,0.0
2133,0.0
2134,-0.026044911304696813
2135,0.0
2136,0.0
2137,0.029951415704035023
2138,0.0
2139,0.0
2140,0.03047019069889184
2141,0.0
2142,0.026362400135151894
2143,0.0
2144,0.0
2145,-0.030330134302116642
2146,0.014317647396790015
2147,0.0
2148,0.0
2149,0.0
2150,0.0
2151,-0.02963891949772037
2152,0.0
2153,0.0
2154,0.0
2155,0.0
2156,0.0
2157,0.0
2158,0.0
2159,0.0
2160,0.031062557615938773
2161,0.02923860393375314
2162,0.0
2163,0.014041209238081663
2164,-0.00025661987811598176
2165,-0.01803009239327934
2166,-0.02179592735524131
2167,0.0
2168,-0.003001743314310484
2169,0.03469947593841835
2170,-0.017390475062785186
2171,0.01571145286065136
2172,-0.015358206566140524
2173,0.0
2174,0.0
2175,-0.01273113332136506
2176,-0.026217989101602078
2177,0.0
2178,0.0
2179,0.0
2180,-0.03128818105965847
2181,-0.02318553229899652
2182,0.0
2183,0.00012649893649107445
2184,-0.021912911678618887
2185,0.0
2186,-0.03225286470177296
2187,0.0
2188,0.0
2189,0.0
2190,0.03158254961920071
2191,-0.01981995123649609
2192,0.0
2193,0.022181868877148774
2194,-0.02237492954344995
2195,-0.0015052579246025927
2196,-5.126369984825875e-05
2197,-0.0007489051363200008
2198,0.005074974127008073
2199,-0.0039881728998536455
2200,-0.008979483886772645
2201,-0.02420354763411882
2202,0.03220350933102337
2203,0.0
2204,0.0
2205,0.0
2206,0.028491930871414464
2207,-0.02052429403652973
2208,-0.04352521842826249
2209,-0.005937464810507447
2210,-0.0015309829389804905
2211,0.0
2212,0.0
2213,-0.009376670998574489
2214,-0.015553500891193377
2215,-0.022291460337927997
2216,0.028528916032964882
2217,0.0
2218,-0.012653011952959368
2219,0.0
2220,0.0
2221,-0.012320788669793714
2222,-0.021750802972402707
2223,-0.017830422712070523
2224,-0.02698401491680779
2225,-0.0026057732150066393
2226,0.010890704768743972
2227,0.0
2228,0.0
2229,0.0
2230,0.00878983276351731
2231,0.0
2232,-0.013969133934904275
2233,-0.0027480433050868247
2234,-0.012028276357233716
2235,0.0029193755937222273
2236,-0.041544102289911164
2237,0.0
2238,0.0
2239,0.0
2240,-0.0010682134127507211
2241,0.0
2242,-0.009646700090878117
2243,0.0
2244,0.024711561688849942
2245,-0.012938202398336436
2246,-0.0022584728370107074
2247,0.0
2248,-0.0010176867538084632
2249,0.0006568206023317146
2250,0.0
2251,0.0
2252,0.13273819267835305
2253,0.0
2254,0.0
2255,0.0
2256,0.03578343930533227
2257,0.0
2258,0.0
2259,-0.01187749677144637
2260,-0.02862644206386884
2261,0.0
2262,-0.00029484184361749103
2263,0.0
2264,-0.006367341505318418
2265,-0.0024349642183984347
2266,0.0
2267,-0.001977626489432438
2268,-0.0014339342994310017
2269,-0.04242143266322149
2270,0.0
2271,0.0
2272,-0.028588408059755138
2273,0.0
2274,0.024761241804263638
2275,0.0
2276,-0.031864131710956506
2277,0.02556202795802026
2278,0.0
2279,0.0
2280,0.0
2281,-0.05141004431046813
2282,0.0
2283,0.0
2284,0.03111948890918996
2285,0.030857716839559967
2286,-0.01871855035674493
2287,0.0
2288,-0.0022144007611968495
2289,-0.001536812436508323
2290,-0.022257724365528364
2291,0.0
2292,0.0
2293,0.0
2294,-0.03252979779308849
2295,0.0
2296,-0.009252665087440387
2297,-0.005459495544067266
2298,0.03314574657430826
2299,0.0
2300,-0.06048282597166556
2301,0.009516728259878189
2302,-0.015264876224965062
2303,0.0
2304,0.0
2305,0.0
2306,0.0
2307,0.0
2308,0.0
2309,0.0
2310,-0.02169328819398462
2311,0.0
2312,0.0
2313,-0.005664385794686619
2314,0.0
2315,-0.02446899228288634
2316,-0.0037789333972472047
2317,-0.014993936044696416
2318,0.0
2319,-0.0009388556003780339
2320,0.0
2321,0.0
2322,0.0
2323,0.0
2324,0.007299544959725423
2325,-0.0331929367389589
2326,-0.013464563170724836
2327,-0.017376388604319854
2328,0.0
2329,0.0
2330,0.00640007583577586
2331,-0.005673614207168791
2332,0.0
2333,-0.0007286175352041396
2334,-0.0017150413158957816
2335,0.0
2336,0.0
2337,0.0
2338,0.0
2339,-0.01591891650338188
2340,0.0
2341,0.0
2342,-0.03763433668893612
2343,0.0
2344,0.06847281392052346
2345,0.0
2346,-0.004196398537582376
2347,0.008884408811387145
2348,-0.016125454581414227
2349,-0.030828174458196356
2350,0.022716092383887044
2351,0.0
2352,0.02787291519378715
2353,0.0
2354,0.0
2355,0.0
2356,0.0
2357,0.035244256866189504
2358,0.0
2359,0.047199208644634526
2360,0.002491205593501128
2361,0.0
2362,-0.005334695086546482
2363,0.0
2364,-0.021908410106815147
2365,0.0
2366,-0.03212326915293084
2367,0.023071997672955473
2368,0.027732145250576032
2369,0.0
2370,0.0
2371,0.0
2372,0.0
2373,0.0
2374,0.04019744344472558
2375,-0.006910075720708464
2376,0.017795780108483903
2377,-0.03816995696609292
2378,0.00878134547464301
2379,0.0
2380,0.018176189085726966
2381,-0.02040780374695879
2382,-0.03144163101867182
2383,0.0
2384,0.0
2385,0.0
2386,0.0
2387,-0.02626858205280481
2388,0.0
2389,-0.0017569045975148335
2390,-0.04478965139735959
2391,0.02835246850665173
2392,0.0
2393,0.0
2394,0.0
2395,0.0
2396,0.02239885270624129
2397,-0.020734508319615895
2398,8.993073174984037e-06
2399,0.03627578017443631
2400,-0.024160714957176907
2401,0.03227133647226915
2402,-0.04537784732019249
2403,0.0
2404,0.04297825743842776
2405,0.0
2406,0.0
2407,0.0
2408,0.028024851601539207
2409,0.035638763673768184
2410,0.02708965879778758
2411,0.0
2412,0.01787323161369328
2413,0.0
2414,-0.034453168165675264
2415,0.0
2416,0.0
2417,-0.0043578695135945015
2418,0.01391416282173853
2419,0.0
2420,-0.012472161292954632
2421,0.0
2422,0.0
2423,0.02308598080759515
2424,0.0
2425,0.0
2426,0.0
2427,0.0
2428,0.0
2429,0.0
2430,-0.009312117920187392
2431,0.0
2432,-0.004826507916474592
2433,-0.026167768721345182
2434,-0.00020816477187562876
2435,-0.015735969814376364
2436,0.0
2437,0.0
2438,-0.00978511147963916
2439,0.0
2440,0.02758637417455915
2441,0.01952317593236947
2442,-0.011895754127244213
2443,0.0
2444,-0.024246959241779335
2445,0.0
2446,0.0
2447,-0.005505300600460751
2448,0.033519644293265045
2449,0.03366392422645968
2450,0.028450529677764708
2451,0.0
2452,0.0
2453,0.03540749236558374
2454,0.0
2455,0.0
2456,0.015398165335508742
2457,0.025909029006593195
2458,-0.00012172204275419267
2459,0.0
2460,-0.024886451026027132
2461,0.0
2462,-0.004104221887567186
2463,0.0
2464,-0.0473471142551704
2465,0.0
2466,-0.033054781440766685
2467,0.0
2468,-0.028952412286741426
2469,0.0
2470,-0.011283556904136358
2471,-0.010128172874990984
2472,-0.007731011529919706
2473,0.0
2474,0.0
2475,0.0
2476,0.0
2477,0.0
2478,0.0
2479,-0.013746604862013234
2480,0.0
2481,-0.027369156529548515
2482,0.0
2483,0.0
2484,0.0
2485,-0.0068278665198125595
2486,0.03338968373213998
2487,0.01601127286410806
2488,-0.03690881030972802
2489,0.0027581539419035566
2490,-0.03283790928257537
2491,0.0
2492,0.0
2493,-0.01811563873581173
2494,0.0
2495,0.06793415832072149
2496,0.0
2497,0.0
2498,0.0
2499,0.0
2500,0.0
2501,-0.03448463981646783
2502,0.0
2503,0.0
2504,0.0
2505,-0.008398877277877928
2506,-0.0010037853790120634
2507,0.0
2508,0.0
2509,0.0
2510,0.0
2511,0.0
2512,-0.02848903855316208
2513,0.0
2514,-0.014838917029862616
2515,0.0
2516,-0.0018135410875247707
2517,0.02389122477614766
2518,0.0
2519,0.0
2520,0.0
2521,0.032803824079077074
2522,0.0
2523,-0.016102442150068792
2524,0.020760692679651273
2525,0.028964396901964583
2526,0.0
2527,0.0
2528,0.0
2529,0.0
2530,0.0
2531,0.0
2532,-0.01332398610131928
2533,-0.0022932306835823494
2534,0.0
2535,0.0
2536,-0.0005374491463185762
2537,-0.00814163147306744
2538,0.003831935854469027
2539,0.015883218477178582
2540,-0.026348513801443173
2541,0.0
2542,0.0
2543,0.0
2544,-0.022141486978188945
2545,0.0
2546,0.0
2547,-0.02156364821451266
2548,0.0
2549,0.0
2550,0.0
2551,0.02485860657880577
2552,0.0
2553,-0.014007507672705078
2554,0.0
2555,-0.011921347140523572
2556,-0.025468099076779563
2557,0.0
2558,0.0
2559,0.0
2560,-0.02078492845463964
2561,0.0
2562,0.027790365425976366
2563,-0.00020508881088744446
2564,0.015517976954513115
2565,0.0
2566,-0.002650456837816943
2567,0.0
2568,0.03229881854466506
2569,-0.02940447476477405
2570,-0.00026814510074300705
2571,0.0
2572,0.0
2573,0.0
2574,0.0
2575,-0.0041135100924539455
2576,0.0
2577,-0.023818168846608073
2578,0.0
2579,0.0
2580,-0.0030110845999471872
2581,0.0
2582,-0.009017953182836375
2583,-0.013166715944897548
2584,0.0
2585,-0.028415770252372054
2586,-0.020672462225753085
2587,-0.027768372686325937
2588,0.0
2589,-0.013647493324166536
2590,0.0
2591,0.0
2592,0.0
2593,0.0
2594,0.0
2595,0.008852828358519433
2596,-0.04580440896007643
2597,-0.0032093597063248
2598,0.0
2599,-0.0327193110733675
2600,0.0
2601,0.0
2602,0.0
2603,0.0
2604,0.01790273924601488
2605,0.03629391024013751
2606,-9.390540186314961e-05
2607,-0.03364281815494265
2608,0.0
2609,-0.023273658686088557
2610,-0.017827069007652817
2611,0.0
2612,0.0
2613,0.0
2614,0.0
2615,0.0
2616,0.0
2617,0.026992914890059956
2618,-0.00036607132685559824
2619,0.026486682751673655
2620,-0.013499306896825448
2621,0.0
2622,0.0
2623,0.0
2624,-0.023307383485861304
2625,0.0
2626,-0.016790534156728504
2627,-0.005035397311300371
2628,0.0
2629,0.0
2630,0.0
2631,-0.004840000496495416
2632,-0.023700883612936426
2633,0.0
2634,0.0
2635,0.0
2636,0.0
2637,0.0
2638,0.0
2639,0.0
2640,-0.03176177502206696
2641,0.0
2642,0.0
2643,0.025215979808433587
2644,0.0
2645,-0.060791525898190216
2646,0.030229844007101055
2647,-0.030054676557633747
2648,0.0
2649,-0.0022464846526302415
2650,-0.012834482178062588
2651,0.02393652765706552
2652,-0.00889950802224787
2653,0.003972765980642647
2654,-0.004985507585098378
2655,0.0
2656,0.0
2657,0.0
2658,-0.015904326616791337
2659,-0.019544525932404053
2660,0.0
2661,-0.033146586367083376
2662,0.006545737313320203
2663,-0.010138309285310567
2664,-0.014843027443371081
2665,-0.011338065627455136
2666,0.0
2667,-0.0038468472433838773
2668,0.03137597180770427
2669,-0.0381952344432234
2670,-0.0035567042560820917
2671,-0.0010700330519227167
2672,0.0
2673,0.0
2674,-0.02379481947802979
2675,0.0
2676,0.0
2677,0.0
2678,0.0
2679,0.021928723242866
2680,-0.06635577987355872
2681,-0.0013787007078345773
2682,-0.008249648520976895
2683,-0.03549197268040348
2684,0.0
2685,0.008830220793007024
2686,-0.00017537056216715107
2687,0.0
2688,0.0
2689,0.0
2690,-0.017816380497495087
2691,0.0
2692,0.0
2693,0.0
2694,-0.0011751603611585316
2695,0.0
2696,0.026801791096098978
2697,0.0
2698,-0.006598155307141705
2699,0.0
2700,0.0
2701,0.0
2702,-0.0003387698173841623
2703,0.0
2704,0.0
2705,0.0
2706,-0.028279044250477683
2707,0.02461066938459701
2708,-0.00991556880530935
2709,0.0
2710,0.0
2711,0.020412271493007193
2712,0.05455089305040797
2713,0.0
2714,0.00986519555153635
2715,0.027638294639429684
2716,0.0066546922683529235
2717,0.0
2718,0.0
2719,0.024872772850487626
2720,0.0
2721,0.0
2722,-0.010227309662914066
2723,-0.017540069618165774
2724,0.0
2725,-0.024620948922265753
2726,-0.024570038096521037
2727,0.02408558384319614
2728,-0.00804125828331323
2729,0.025813803399712034
2730,0.0
2731,0.0
2732,0.0
2733,0.016747912843378555
2734,0.0
2735,0.03189665508472118
2736,-0.025670359415853185
2737,0.00693707022245505
2738,-0.010383427960141349
2739,0.0
2740,0.0
2741,0.0
2742,0.0
2743,0.005710967025375419
2744,0.0
2745,0.0
2746,-0.024603857480426986
2747,-0.00045947937761928577
2748,-0.025318782601257955
2749,0.0
2750,-0.0009018092632576987
2751,0.05940223838305033
2752,0.01744357051134379
2753,0.023015591989500043
2754,0.0
2755,-0.03103745693443781
2756,0.0
2757,0.0
2758,-0.02382717857622758
2759,0.0
2760,0.0
2761,0.0
2762,0.0
2763,0.007539574543352109
2764,0.0
2765,-0.015111808599073255
2766,-0.022744365860333442
2767,-0.0035811944534682467
2768,-0.0008528071864905819
2769,0.0
2770,0.0
2771,0.0
2772,0.01301151373511338
2773,0.023607821235332577
2774,-0.027667469164170674
2775,-0.05724476918501041
2776,-0.0016679522098558607
2777,0.0066430422414745305
2778,0.0
2779,0.0
2780,0.0
2781,0.0
2782,0.04809089168550736
2783,0.0
2784,0.0
2785,-0.01502732809387654
2786,0.016601840848532216
2787,0.0
2788,0.0
2789,-0.0003208270103523835
2790,-0.0004716947423344966
2791,-0.043031976442554506
2792,0.0
2793,0.0
2794,-0.0105021159523998
2795,-0.04340090258278311
2796,0.0
2797,-0.03947274163521622
2798,0.0
2799,0.0
2800,0.0
2801,0.02308260641415273
2802,-0.00013256473042046288
2803,0.0
2804,0.0
2805,0.0
2806,0.0
2807,0.0
2808,0.0
2809,0.03386046903510976
2810,0.036164208449676424
2811,-0.048482130230137456
2812,-0.026643517470790194
2813,0.0
2814,-0.02489733656421399
2815,-0.016756749796482617
2816,0.0
2817,-0.11082974821873476
2818,0.0
2819,0.0
2820,-0.010262443005304165
2821,-0.020809714791871405
2822,0.0
2823,0.04544596379790711
2824,0.0
2825,0.0
2826,0.027718996367743925
2827,-0.027654740327230122
2828,-0.0014949382104365906
2829,0.025410447850900363
2830,0.0
2831,0.0
2832,-0.030661411212152843
2833,0.0
2834,0.0
2835,0.0
2836,-0.047022946529547846
2837,0.0
2838,0.0
2839,0.0
2840,-0.0006735247820759149
2841,0.0
2842,0.01701590109208249
2843,0.0
2844,0.0
2845,-0.023749723718534968
2846,0.0
2847,0.0
2848,0.0
2849,0.0
2850,-0.018299053033026185
2851,-0.011079251601860456
2852,0.0
2853,-0.0116642330850855
2854,-0.01954344970058259
2855,0.0
2856,0.0
2857,0.0
2858,0.03938368216613537
2859,0.0
2860,0.0
2861,-0.024602983472414013
2862,0.0
2863,0.043522580408560774
2864,-0.0023684868891451195
2865,-8.639606030715906e-05
2866,0.0
2867,0.0
2868,0.0
2869,0.01752818307850236
2870,0.0
2871,0.0
2872,-0.016103228548177428
2873,0.0
2874,-0.028326860017683007
2875,0.0
2876,-0.003874083947219918
2877,0.02206017269143341
2878,-0.00034280533213241197
2879,0.0
2880,0.0
2881,0.0
2882,0.0
2883,-0.0064605826173826245
2884,-0.007431048159010329
2885,0.0
2886,0.005842640794586688
2887,0.0
2888,0.0
2889,-0.025489277177607007
2890,0.0
2891,-0.031480582362775573
2892,0.0
2893,0.0
2894,0.0
2895,-0.013644151719100191
2896,0.0
2897,0.0
2898,0.0
2899,-9.189697447366165e-05
2900,-0.0010987223718713864
2901,-0.014853006238825298
2902,-0.023190842566170572
2903,0.0
2904,-0.001074349986202407
2905,0.0
2906,0.0
2907,0.027731626907568818
2908,0.0
2909,-0.025536773077021374
2910,0.0
2911,0.0
2912,-0.020171171068083322
2913,-0.0025321693692319175
2914,0.0
2915,0.0
2916,0.0
2917,0.0
2918,0.0
2919,0.0
2920,0.0
2921,0.0
2922,-0.02219979459778982
2923,-0.0018488289279819045
2924,-0.03366926920862417
2925,0.0
2926,-0.004551825279926439
2927,0.0
2928,0.0
2929,-0.025950580929811787
2930,-0.04878305661233536
2931,0.0
2932,0.0
2933,0.037007253299063014
2934,0.0
2935,0.0
2936,0.0
2937,0.0
2938,0.0
2939,0.008442222086102453
2940,-0.02291834580537036
2941,-0.0060858899298794
2942,0.0
2943,0.0
2944,0.0
2945,0.025176032839441836
2946,0.027091201074502712
2947,0.0
2948,-0.023230535578013908
2949,0.0
2950,0.0
2951,0.0
2952,0.0
2953,0.023452880736782426
2954,0.0
2955,-0.03312956311066295
2956,0.0
2957,-0.015378565894767198
2958,-0.01155081277867482
2959,0.0
2960,0.0
2961,0.0
2962,0.0
2963,0.0
2964,0.02125745994769609
2965,0.0
2966,0.03302300762245186
2967,0.0
2968,0.03653470767410235
2969,0.03079065382095576
2970,0.022570885082570876
2971,0.021300419599629448
2972,-0.013007655805005524
2973,0.0
2974,0.0
2975,0.0
2976,-0.0015327767569672883
2977,0.029587828558994802
2978,0.0
2979,0.0
2980,-0.015574000183040764
2981,0.035115659139529694
2982,0.0
2983,-0.02205362629012476
2984,0.0
2985,0.0
2986,0.0
2987,-0.029301255113257263
2988,0.0
2989,0.0
2990,0.0
2991,0.04920421223824027
2992,0.035229851015953245
2993,0.0
2994,-0.00018868458256765148
2995,-0.019448787298653198
2996,0.0
2997,-0.017089482248631535
2998,0.0
2999,0.0
3000,0.0
3001,0.0
3002,0.0
3003,-0.005205967216785378
3004,0.0
3005,0.0
3006,0.0
3007,0.0
3008,0.0
3009,0.0
3010,-0.0002169916095929657
3011,0.0
3012,0.0
3013,-0.008783414817991504
3014,0.0
3015,0.0
3016,0.0
3017,0.0
3018,-0.013796935697687283
3019,0.0
3020,0.0
3021,-0.026158788096169446
3022,0.0
3023,0.005697651075212509
3024,0.0
3025,0.0
3026,-0.026971197337328716
3027,0.0
3028,0.0
3029,0.0
3030,0.0
3031,0.05029224510617594
3032,-0.003251666122401713
3033,0.0
3034,0.009423199745760948
3035,0.0011543042190682623
3036,-0.010857457180272955
3037,-0.007491067380124361
3038,-0.000981214001950459
3039,0.0
3040,-0.00023032954817556533
3041,0.0
3042,0.03015032223948583
3043,-0.002011913255526978
3044,-0.03586790395137513
3045,0.0
3046,-0.004025201259417768
3047,-0.002298249673346195
3048,0.0
3049,0.0
3050,0.0
3051,0.0
3052,0.03313481549439515
3053,-0.01747213523281363
3054,0.0
3055,-0.02562849033366811
3056,0.03262430598508242
3057,0.0
3058,-0.04260291381848715
3059,0.0
3060,0.005664342078344187
3061,-0.0012224087344102216
3062,0.0
3063,-0.029114735591323732
3064,-0.01576492745204518
3065,0.0
3066,0.0
3067,0.0
3068,-0.011929554795439782
3069,-0.00017209106788294634
3070,0.0
3071,0.0
3072,0.0
3073,-0.03281801938284074
3074,-0.001305375589808852
3075,0.0
3076,-0.04613203611799952
3077,0.075028020342412
3078,0.040810067704857615
3079,0.003185605283526734
3080,-0.0051781407662694
3081,0.0
3082,0.0
3083,-0.0003839045733429581
3084,0.011445657565623645
3085,0.03194086824482455
3086,-0.008854586703832351
3087,-0.021475401636154363
3088,0.0
3089,-0.034336780741234536
3090,0.0
3091,0.0
3092,0.00962835801902455
3093,-0.08016910425510905
3094,0.0
3095,0.0
3096,0.0
3097,-0.00027294749733622976
3098,-0.0031023284136646088
3099,-0.004650782595478449
3100,-0.029843975785701693
3101,0.0
3102,0.024467081384673996
3103,0.0
3104,0.0
3105,0.0
3106,0.0
3107,0.0
3108,-0.06030858978040456
3109,-0.04508155798184024
3110,-0.024715235346417706
3111,-0.0004900411626499438
3112,-0.018991043931118192
3113,0.003176991012674613
3114,0.0
3115,-0.048602687043154826
3116,0.0
3117,0.0
3118,-0.005316416558163675
3119,0.0
3120,0.0
3121,0.0
3122,0.0
3123,0.0
3124,0.0
3125,0.0
3126,0.014784051974447049
3127,-0.027126344292557912
3128,0.0
3129,-0.007905054893558371
3130,0.0
3131,-0.00010877174632879403
3132,-0.0031550197049307663
3133,-0.03057624273485434
3134,-0.002085245281562313
3135,-0.005416025161896108
3136,0.02429056334371408
3137,0.0
3138,0.0
3139,0.0
3140,0.029796631984626287
3141,0.0
3142,0.02379708483165982
3143,0.0
3144,-0.026300320953791728
3145,0.0
3146,0.005849074062331604
3147,-0.01213593656648464
3148,0.0
3149,-4.3862132953313724e-05
3150,0.03570143215411084
3151,-0.03866846743825337
3152,0.02158913631085275
3153,0.0
3154,-0.0002694946816104691
3155,0.0
3156,0.0
3157,0.0
3158,0.0
3159,0.0
3160,0.0
3161,0.004565110250591509
3162,0.0
3163,-0.011282131118529864
3164,-0.006002126184421999
3165,0.024375131530412604
3166,-0.003967574458251054
3167,0.0
3168,-0.0034173810946233176
3169,0.0
3170,0.0
3171,-0.01981177656214053
3172,0.0
3173,0.0
3174,0.0
3175,0.0
3176,-0.005757285444238924
3177,0.0
3178,-0.015171669845359345
3179,0.0
3180,-0.028121277336351135
3181,-0.04502229440867397
3182,0.0
3183,0.03603605874272608
3184,0.0034313773966426955
3185,0.0
3186,-0.012566495320236848
3187,-0.008604510199537138
3188,-0.025439297222768577
3189,0.0
3190,0.0
3191,0.0
3192,0.0
3193,0.0
3194,-0.019710392495708783
3195,0.0
3196,0.028404450403210525
3197,0.001088905306487653
3198,0.0
3199,0.0
3200,-0.026587529760651832
3201,0.0
3202,-0.024918940252953492
3203,-0.001194202779484583
3204,0.0
3205,-0.04499258454950991
3206,0.0
3207,0.0
3208,0.0
3209,0.0
3210,0.027081720684804283
3211,0.013139921585821607
3212,0.022650857047919543
3213,0.0
3214,0.0
3215,0.022105305708101753
3216,-0.007336914902135344
3217,0.0
3218,0.0
3219,-0.00041547053427817024
3220,0.0
3221,-0.0041377797735332
3222,0.0
3223,0.0
3224,0.0
3225,0.0
3226,0.0
3227,0.0
3228,0.0
3229,0.0
3230,0.0
3231,-0.01588625604741974
3232,0.0
3233,-0.00991091192073541
3234,0.0
3235,-0.018485211703745678
3236,0.00023352328344855404
3237,-0.0279688821110869
3238,0.0
3239,0.0
3240,0.010742469863448003
3241,-0.009390176201490557
3242,0.0
3243,-0.07453091414664578
3244,-0.01807365698945336
3245,0.01576394195111429
3246,0.0
3247,0.0
3248,0.0
3249,0.010364310892000744
3250,0.0
3251,0.0
3252,0.02404198768254301
3253,0.0
3254,-0.017355027320194057
3255,-0.027345143597427138
3256,0.0
3257,0.0
3258,0.0
3259,0.0
3260,0.009532516395056062
3261,0.0
3262,-0.048451381231405105
3263,-0.00010668546932435649
3264,0.009387706405149738
3265,0.0
3266,0.003405878732827862
3267,0.0
3268,0.0
3269,0.0
3270,0.030660541583426373
3271,0.0
3272,-0.002517061589937407
3273,-0.0349852466743544
3274,-0.014224910561805795
3275,-0.025750770436669252
3276,0.0
3277,-0.008749639149829087
3278,0.0
3279,0.0
3280,-0.0009768809637455285
3281,-0.012827507248279147
3282,0.0
3283,0.0
3284,0.0
3285,0.0
3286,0.0
3287,0.0
3288,-0.022479629207548077
3289,-0.014288366239996173
3290,0.0
3291,0.0
3292,0.0
3293,0.005943402048498941
3294,0.0
3295,0.0
3296,0.0
3297,-0.015954575848395117
