"V1","V2","V3","V4","V5","V6","V7","V8","V9","V10","V11","V12","V13","V14","V15","V16","V17","V18","V19","V20","V21","V22","V23","V24","V25","V26","V27","V28","V29","V30","V31","V32","V33","V34","V35","V36","V37","V38","V39","V40","V41","V42","V43","V44","V45","V46","V47","V48","V49","V50"
0.377267138269363,0.383701800156011,-0.382598012053083,0.425095613326,0.355069402432626,0.0388655880947387,-0.0121836468496171,-0.0980885479722871,-0.00265182809992825,0.0193034860757897,-0.0310574918036417,0.00637628527209665,-0.119433557582461,-0.0963890999616166,0.00092909276637133,0.0452633597448268,-0.14649383494719,-0.0302056052859972,-0.129886361642208,0.0894435016264545,-0.068945104129747,-0.0614149945318452,0.0740154745163352,0.0571697897696352,-0.195627999325313,0.00702753255359832,0.0234450071463364,0.0249776132017145,-0.0118040367640946,0.00657202381548331,-0.0998060195441767,0.0352839601482246,-0.0792789718725362,0.113362516198216,0.122324390921812,-0.0529876894928252,0.0187169333716324,0.0116622665957151,0.0022289773021082,-0.0294193075079638,-0.113445225588866,0.0269852628911236,0.0319758238740752,0.0627672353082543,-0.179885691378423,0.0775862608825174,0.07091867639345,0.057849325791713,-0.00534016666328873,-0.00246188827432727
0.36459278484321,-0.358828119462513,0.335728507821927,0.333694616782363,-0.344748618782481,-0.0254125535606458,0.00994498219310208,-0.00119822796821133,0.16314815159455,-0.0929958216181805,0.0268705397756896,0.0760631776878714,0.180251105361929,0.0855436115033652,-0.107762833439701,-0.0296083125137973,-0.166237945587357,0.0457595757992853,0.0613490222089352,-0.0538128073627732,0.100176132366097,-0.162601415309504,-0.107148715452572,0.118845844852606,-0.0591770132113087,-0.0814288602175874,-0.0430617727364956,-0.151240745211359,0.10424397222373,0.117840580250808,-0.040588956783721,-0.0518077060360317,0.0769288574780856,0.0659385867458825,0.123951774010504,-0.0529812756604417,-0.0167281233198373,-0.150484041148911,0.103417680419566,0.0649152185730499,-0.0176308392759958,0.00256349072245846,-0.150374549685999,0.00020585379025757,-0.110330541219674,0.0168998195308423,-0.156693028873056,0.0201591314819962,-0.0215693094752303,-0.105273111584601
0.358278270104192,0.369811332847412,0.423279154423864,-0.359022067430551,0.428874741400913,-0.00958345615828597,-0.118436152684208,0.0262839059728255,0.0526463229922121,-0.0839981465683148,-0.0346920368233306,0.0825685874444199,0.125995321734035,-0.0391134343501206,0.121735293428969,0.0199807101687976,-0.00897082900320314,-0.045989341492343,0.0184865472173396,-0.0629202842638738,-0.0831002304649047,-0.00840069739641645,-0.0231910715291798,-0.02105519020476,0.0259650340381938,-0.0771141571565381,-0.0703668381329405,-0.0879450421030536,-0.0327861916644586,0.0506483788923612,0.0674639676154682,0.0687690764310479,-0.0580232745860677,-0.0488368003367219,-0.162855104172328,-0.170052612762612,0.0191382698891202,0.0500932433076234,-0.0465214970143437,-0.0850411717730787,-0.0857650758908605,-0.0401395009041361,0.0795982323692861,0.0521779912777747,0.0771186393056936,-0.0753493743384091,-0.119335107043061,0.09644546635156,-0.00508071575626733,0.0650869840822326
0.353871348508807,0.402247801114975,-0.373617076645562,0.384852400448035,-0.385921420968618,-0.0120528502631844,-0.04608817558831,0.138994422334599,-0.0715811919719069,-0.127035120303572,-0.0902296242925414,-0.049163750819035,0.02648355155965,-0.0786370306237316,0.0656474177085749,-0.0808755309957362,-0.020378102712811,-0.0757129097219066,-0.0802810224117525,-0.0819662633271502,-0.0284798431647062,0.0279185801019375,0.0448962313146208,-0.112892869242752,-0.0109189945840188,-0.0784772522652799,-0.0629407221410955,0.0919592980130892,0.0479907411658757,-0.0913094285738414,-0.0020814027283598,-0.00883727089181427,0.06539581941023,-0.0421223094570752,0.157059170258787,0.0672556190133747,0.0112217397568359,0.140594144770471,-0.0986930906402613,-0.172703017202782,-0.0286539750704501,-0.0622542804812545,0.0962676275380038,0.118590604114225,-0.0958501787434929,0.000874491328493454,-0.0424281718722138,0.00817181156086124,-0.0298957088737371,0.0737012349209457
0.418229937744283,-0.411925923874412,0.352738985565447,-0.387421594074822,-0.368073849554676,0.0123454719704866,0.0156745910441109,-0.0833796346167866,-0.0259176371982114,-0.0633927937246522,-0.0454056537050795,-0.142313098740283,-0.057404494977046,0.137121005022226,0.0615528242526338,-0.0548321618669712,-0.122254992589531,-0.0141128940047342,-0.0197900554976312,-0.0791882973384237,0.142932409210181,-0.0423007256081685,-0.0108523623868705,0.135282658929425,0.0817707808310833,0.0981326461521541,0.0826790453709522,0.0311828935925826,0.0724662217515637,-0.145289703255272,0.00874901407468899,0.0490754444487089,-0.00125370429246988,-0.0323859369972502,0.00938046579742982,-0.0163733135180945,-0.0529163063683194,0.00212877266015217,-0.0327988807658093,-0.0179565008537617,-0.0650190473045383,-0.0474892954912138,-0.052363624373771,0.151818421304735,-0.0355612576436066,-0.122671628762451,-0.019210887199669,0.101010293709408,-0.0176512658526796,0.0407230405732174
0.415054392792964,0.401399419677993,-0.402786582117254,-0.37942974734275,-0.428894935890604,0.013027682939748,0.111363854048304,-0.0462866882589429,0.0136442379345265,0.0306907064479988,0.0226081782069651,0.0159303806271997,-0.00374563879309334,-0.00609913347757585,0.0491419742158518,-0.0238703515994064,-0.0106625039590743,0.0502406829973515,0.0346513098087083,0.111479607629339,-0.0500963615708199,0.0630382940927936,-0.0496676012276113,-0.0345010652665269,0.117075949507454,-0.0297672087393352,0.0819964529153613,0.0432039523019011,0.117303163871496,-0.0927539162761593,0.104204090087954,-0.11351665079875,0.0376491158182852,-0.0596224301631078,-0.0385994599139581,-0.0977715495843529,0.00296579398144696,0.0553230716160097,0.0234095803700711,-0.0355804300051919,0.0165435274878592,-0.0892585291511005,0.0104748892277669,-0.00422731956644665,0.00233410338711905,-0.108061899219269,0.00944074266871746,-0.0756333161045788,-0.113753977886694,-0.0375140885993359
0.440003450641126,0.398979559970874,-0.408644516871581,-0.42189401981471,-0.377078966133953,-0.0416526387683485,0.0186454814820708,0.102715862878011,-0.0427104808422921,0.0410024411077948,-0.0159581307702551,0.0383549200021698,-0.017827059177101,0.0937860336464369,-0.0431214317532285,0.00286849114351641,-0.0361553733881422,0.13981538023222,0.0229494482964558,0.0161354053425101,-0.0492926006908561,-0.032040471660682,-0.0709378998270522,0.017245373079444,-0.0456567734284116,-0.00569237773022496,0.112223685868417,-0.131032888498251,0.0580506068898798,-0.0758641457474194,-0.0692875708783379,0.00677409863884381,0.0622672765971723,-0.0840682496323973,0.0731940645921271,-0.00514939066106388,-0.0470548034991699,-0.00101746905873995,0.0331369968535668,-0.0819029558358443,-0.0417144409067673,0.073870798350675,0.0542187700998659,-0.0668933743746271,0.00185787496757403,0.0461493336547091,-0.0619307011609281,0.0452002708193342,-0.0477067621623169,-0.0605240105690172
0.400755894287083,-0.375095444105229,-0.432290053613538,-0.350315372402035,0.410580035115568,-0.0261240845627459,0.15877033551455,-0.0290796472852385,0.0617487931742055,-0.00402113430806534,-0.101133288939451,-0.103866582781122,0.0593440158594636,-0.0377340487369805,0.0622392685691029,0.0523436122998063,0.0785179679241127,0.031365096241716,-0.00135926340623989,0.105089767964337,-0.103250685804192,0.0379165604816736,0.0209688060928556,0.0628802686643493,-0.0272195005526416,0.0242991698897979,-0.0164066036159317,-0.0379229033550046,0.00940791162363153,0.0414892801156089,0.069923884508602,-0.0163916444933174,0.0955148319342025,-0.0351198922281464,-0.122236194353315,-0.0889968568276548,0.106614619815754,-0.135498953213783,-0.0775327768557092,-0.103692104336087,-0.0560444797579085,-0.0278943653666938,-0.0304986503515833,-0.0640095619242055,-0.0148005284801652,0.0820746961248096,0.058740730070342,-0.102422080749398,0.0557537895707818,0.00576760653981205
0.39541034927647,-0.383983752618771,-0.360077164572207,-0.390375049459049,0.355849361899148,0.0103068257548144,-0.0045453991664778,-0.0617101251853228,-0.0874979895904978,-0.0484900180416274,-0.1172562731771,-0.0541157830682156,0.0629958501719388,-0.0389044044549208,-0.0477232713623888,0.0148990170903767,0.106546773602118,0.0993080403463461,-0.141621617662638,0.152137569988152,-0.018432270996009,0.098924540624662,0.0233554668614792,0.0672071665746855,-0.0275510976633665,0.0424015886932122,0.00807947676963596,0.021444470112126,-0.00721406163256564,-0.0716607218270094,-0.0277321653674545,-0.10534037624942,0.0522387573341312,-0.0396174385289049,0.043104177289068,0.146748284403896,-0.0169556225815905,0.0113377132894123,-0.121328806788987,-0.114016789620231,-0.0208785952750856,0.238758069289518,-0.0208719577628496,-0.0289788405283907,-0.0182915603564021,0.0115748751275457,0.0199706239458821,-0.0827064477589155,0.125390785115174,-0.105893870677417
0.361194481033067,0.38203828186142,-0.371547533965062,0.377669893099588,-0.328550687735332,0.145267902808642,-0.0164824084372346,-0.0513319927736648,-0.118916369741503,-0.0582824838271767,0.00211532672596028,0.061525906996563,-0.181735742552244,0.0914390636310289,0.0106396729773257,-0.0390075272424986,-0.0352599869935891,-0.028618853228553,-0.106067599398285,0.0505427447905902,0.0587209749681979,-0.101532410002508,-0.165642129649661,0.0138371199886465,0.00672893645626475,0.0929887997871413,0.0879261831528212,-0.0509084465647449,-0.039823571187052,-0.0517948005618237,-0.0555406808606056,0.0885733711185611,-0.0847658462856259,0.0595225184593875,-0.0636104675864563,0.163339868241672,0.0743817852502464,0.125375745893334,-0.0910394569312958,-0.0521455520540489,0.0930303649191051,0.188621471167161,0.022960804333775,-0.0457042098544316,-0.0047051104549267,0.0833243261344296,0.0459726346147262,-0.0654808815272421,0.13764370620083,0.0474949360974826
0.434730983988519,-0.391314924143046,0.392937446855964,-0.397124882435441,0.388418670767642,-0.038869292212414,0.0441090380842513,0.101930196372661,-0.0562016700030301,-0.00378393229481701,0.0407731968657635,-0.031595517772548,-0.023315403737485,0.0329043571448954,-0.123757319994693,0.0115080782199897,0.047404904400846,0.023952877598383,-0.102154962068367,0.00726329336022047,0.106473899127604,0.0455238116300313,-0.115079780156643,0.204073299114159,0.0133083765305828,-0.0875970382872769,0.0163516090866457,-0.00572695048062169,0.0469948386891495,0.0433780761939192,0.0384834202979037,0.0802801552044686,0.0314165669038197,-0.0636120978862096,0.0451237279355419,-0.0422445918568546,-0.0234464630497282,-0.0932452309453913,0.0183664996603051,0.103547099492369,-0.0896233800129263,-0.0439486101888667,0.0299606827258179,-0.0403369492942098,-0.0424045617836416,0.0350649179202333,0.0889103355084368,0.00758003009721043,-0.0571199283269132,0.021824516877928
0.429814978575089,-0.384159297843166,-0.390076524856229,0.357167632295152,0.412694688107562,-0.0282143949052053,-0.102148892887621,-0.0776325430946873,-0.0168561735935583,0.110295742522636,-0.0427641370292191,-0.00591041436167683,-0.0291010990422616,-0.0266673790835979,-0.0918415580790859,-0.0592541316282678,0.044461494696013,-0.0261653092794187,0.153281525079039,0.0577405994391456,0.100057803802908,-0.0861805267397088,-0.0498790130448387,0.00734042057330082,-0.0502857379837095,0.0329842223289077,-0.0633148201112872,0.0464303661001389,0.0591699116797598,-0.0319815823606105,-0.108536251491399,-0.0362865540778558,-0.0226473817924078,-0.0908315034288093,-0.0475124488856639,-0.0923378306068557,-0.00966505443068304,-0.120110146587175,-0.121863129915514,0.0134370748346118,8.80680758649353e-05,-0.0387265138746418,0.0359995869090415,0.00833594183634378,-0.066236890643789,0.00989953146877637,0.141812462070499,-0.076338547957504,0.00285954513809499,0.115295911398836
0.378314907223993,0.371449310115987,0.41385105260204,-0.402266319195284,-0.426116767789895,-0.0821642097776006,0.0663529836335987,-0.105953876742574,0.112425545534277,-0.0914740218681704,0.109134100196152,0.0252256605684481,-0.0444529944839646,-0.0464256890931924,-0.0558872680614623,0.0180896240296727,0.0613042096565116,0.0942857234452155,0.0748702927607847,0.0118110506023121,-0.0566372869279839,0.0632001117657704,-0.0710274302384225,-0.0579315857097043,0.087667306377054,-0.0588545162968892,0.0205936437217713,-0.0222011300357239,0.137856537235935,0.118030785644123,0.060563599922408,0.0336516319099867,-0.0811367502931565,0.0295134487693841,0.0132623513637298,0.0500414720914024,0.0547261242115047,-0.0736856823899089,0.0601118117027924,0.0986860496172638,0.0681913173475397,-0.0328367439482885,0.00281026039986634,-0.0231689320229073,-0.0860168094471138,-0.0563301135839652,0.0250790483888565,0.0866885021180511,-0.00473828346852956,-0.000603030036512135
0.374157287526748,-0.359943994721403,0.359585984974269,0.429120675885583,-0.341840725658491,0.0263280546650829,-0.053959795389568,-0.0745579049925542,0.0258769016142356,0.032601377237256,0.16941201211833,-0.064742581967439,0.0615777281993913,0.149687107402298,0.0148109325086146,0.0656336967766023,0.204074495547951,-0.00899162079816587,-0.0472589572834924,0.00166567376408655,0.140858954667105,-0.00573223691947832,-0.0735415437303997,-0.106258583072095,-0.047588922589672,-0.00763893669568082,-0.0574540124664723,-0.00258316868843864,-0.13224109527299,0.0590798385420777,-0.0658095107976813,-0.13731489432237,0.113214470850603,-0.0770233268471136,-0.101215085609318,0.0233374647669547,-0.118039800504497,-0.0284029144621859,0.0649395810819911,-0.0651600624480311,0.112958834864423,-0.00803115851172001,-0.0504994097693883,-0.0321956806102383,-0.0144902230449385,0.0229132696829242,-0.0228791946998019,0.0384194132266646,0.151056159763463,0.0243700578394477
0.416536090618164,-0.379107066460214,-0.32568324224608,0.382141927881399,0.380637613592584,0.00579616366657603,-0.0742506519832603,-0.127054985219218,0.0220826139437703,0.158884610448399,0.0384528978987638,-0.0128961985373653,0.108522130266641,0.0127289335747906,0.0199415525413971,-0.119793469212596,0.0438763493623864,0.075315852171046,-0.120390347959867,0.198570025919401,-0.0699415518971924,-0.0133478615662152,0.0149837335328354,0.0153324257790599,-0.0907109690262132,0.0725265881685019,0.0659002183716463,0.10385962612181,0.0473350401649687,-0.0987402684304534,-0.0348435674838857,0.123602782681184,-0.0366401153445199,0.0726248423559359,-0.0144476481819285,-0.133072613707561,-0.0899381748486508,0.0483644418384151,0.00218459806188623,-0.0335267594047438,-0.10652740940301,0.0480103646517698,-0.0565118758776197,-0.099019229865717,0.0297470400460446,0.0104101473111838,0.053016048306522,-0.0605168224242797,-0.118337006892991,-0.0408809014442702
0.411737393554321,0.40422886350457,-0.37954010260708,-0.391436188826113,0.345043907691587,-0.101317945990934,-0.0131983893850456,0.0089890576516657,0.10514616354054,0.0113351833395022,0.0761280250056973,-0.12122233090762,0.0352496824608155,0.109768271267284,0.122975877578851,-0.023650370184391,-0.172069299776847,-0.0554535673205044,-0.0261228245513819,0.0265143182098288,0.0434285105814906,-0.101757392348514,0.032384379428477,-0.0876653408299263,-0.0168053319916192,0.0612757118636954,-0.0579891288641188,0.00981600102808469,0.016210159255114,-0.0370618848322306,-0.0792148577408009,0.00671879315150939,0.0286854041663954,-0.0577733098425732,-0.0676502923250338,-0.0499193504338799,-0.04962398010952,0.0430020771548439,0.0992791545430716,-0.0631731731692469,-0.113433707619852,0.0789592419601896,-0.124807328035503,0.105861806881091,-0.0347318950100901,-0.0315802440806308,-0.0721236091673756,-0.062391696332605,-0.138611809856241,0.0573914767879385
0.4130844409027,-0.388403849427992,-0.407068510691575,0.428928313599321,0.396668376897559,0.0593788342614778,-0.0201807423471896,0.0631756440412402,-0.0330258811705695,0.0293281513491247,-0.0775310694153519,-0.0624532443406422,-0.0101214703693475,0.00876399791405299,0.0307959727549012,-0.0272174102771652,0.0224508218686703,0.0342822348216919,0.0371788129176016,-0.0608711742481171,-0.0410967345428389,0.00179366070533012,0.0328497543687645,-0.0462057746915051,-0.0145518431024251,0.0720099632562908,-0.0355546877650061,-0.00667903048014361,0.0392607300640676,-0.0206794566923259,-0.176450359465053,-0.0134676269212093,0.118131095634583,0.0496780071748268,0.143643810620153,0.0276990568212644,-0.111177484325774,-0.0267795207344834,0.011418927487105,0.132329382826841,0.0438246178836498,0.0409082672562057,0.00452336117638059,-0.0844309093326725,-0.0221703235870622,-0.06436947294323,-0.0516856747234052,0.062660889061083,0.0873829163054238,-0.000275053763936786
0.344683390167716,-0.396515185426436,0.408362646969925,-0.377989189917465,0.389522846286793,-0.172289460009759,0.0800216031052915,0.0484881148752164,0.0560875129141416,-0.00396937891712057,-0.0822764015952538,0.0219779170867816,0.0691970974858283,-0.0484016710376847,0.0500565293939495,-0.0642750163628654,-0.0339125812204385,-0.0115448165634485,0.0156247040607334,0.0572973336734768,-0.0201355061137471,0.228820953580547,0.0238034934694523,-0.0280391329676664,0.0157931196452149,-0.140507554888657,-0.0742435651817542,0.0368871050541279,0.144934607118634,0.0418258037639532,0.0281874840614481,0.0873167295719386,-0.0136029669360309,-0.0127659309508235,-0.0682320193657647,0.0409597030332463,0.100970707064265,-0.0577271371340992,0.0195927724389966,-0.0706774043493843,-0.0860223587273153,0.0127054353517408,-0.0451119655512771,-0.0483513034365502,0.0766813250063558,0.0234934955864107,-0.0241720611522058,0.0138111663098618,-0.0154191160357169,0.195068192667305
0.386353719099349,0.369919473367743,-0.319795005669713,-0.392727058579932,-0.380113547943207,0.117628850052709,0.0805293188846087,0.0373498746170465,-0.0114979559688975,-0.00745884475532307,-0.00125965827500154,0.086252869715892,-0.0503437183601924,-0.00514117905175099,0.033587953205089,-0.0561551408938494,-0.0180902261840151,0.0106065183321907,0.0528004519986842,0.0184326632585362,0.09631734977452,-0.112601896436242,-0.0767447698065522,0.206717791730083,0.0121121721839837,-0.0911515109296638,-0.119477291096033,0.0500970374318246,-0.0411342367893119,0.0238296487906728,-0.0230732112708188,0.0537721862285331,-0.0273264424605614,-0.112806037081694,0.0617990903630165,0.181456727076594,-0.0877002550663086,0.0457423637765342,0.0398129986223974,0.0475034704805327,-0.0375346522754154,0.117700523315344,-0.116108700502753,0.076424176640845,-0.0744617131774914,0.165468029231119,-0.0266404982426717,-0.0376348192331394,0.07363384601474,-0.180953513692367
0.36751376365386,-0.403216123689649,-0.374300584584399,-0.357919315814139,-0.351655329326825,0.0390621574409623,-0.0194505171337041,-0.0109158219607486,-0.063582827296996,0.0277371171516965,-0.0836342060043294,-0.102987255039354,0.00427553025151817,0.0193214705501598,-0.0104486507921479,-0.092257042570818,-0.0264610340238828,0.0300165648169533,0.0551444893388204,-0.0355452847461779,-0.164146341637939,0.0037604632402008,-0.0623797726889454,0.115020940691523,0.0593730822825593,-0.123700026874383,0.0192706237776209,-0.114723265662284,-0.0205922674589067,0.0994744928595548,-0.0439542277414515,0.100644466663258,0.175860425114136,0.126512558458135,0.0608916950896356,-0.0595813574291104,0.188100065172487,0.0194334734073987,-0.0311191103995867,-0.0285771568411262,0.0800599425156757,0.174572656998318,0.00375933964733908,0.139828881438622,-0.0438163854517629,-0.0707432385796822,0.0690110090983299,0.0983659937306734,0.039182121016594,0.0349889487955535
0.423997810509497,-0.387120424437915,-0.405408806999923,0.423770045170449,0.396362468280916,-0.0451807232839764,-0.021698745941693,0.0374302068306215,-0.0511516396312725,0.00833394159224787,0.0966653750316738,-0.000255747252741627,-0.0395043692292657,-0.0721376786105977,-0.00666446915564761,0.00439005559820795,0.0602514709360663,0.0659188990034743,-0.0527956603284586,0.0140534280364185,-0.0926968864298519,-0.0402062715282661,0.0475785476274341,-0.0134954627179638,-0.0194878092866919,-0.0485071723003681,-0.00603900957368039,-0.00507570422959692,-0.11602030450625,-0.0118230063700808,-0.00108024277915727,-0.0525640357698198,-0.0696999338730537,0.0920038306215648,0.0356886768668264,-0.055207579878046,0.153661801777604,-0.0198516407270996,-0.105253549565088,-0.143455117296011,0.00933158118009188,-0.124905411300582,-0.0336891849841154,0.0146293886548303,0.0358486470254041,0.0192538516496774,0.0657710611730077,0.0590433419721852,0.0489020946168209,-0.0396458179489099
0.346130609085722,-0.364159300177821,-0.362832445056076,0.336835084992817,-0.38300971561558,-0.0345032968769371,0.0885804862806109,-0.159929886372607,0.00631781372502159,-0.0614322862748977,0.07290774482322,0.101030893510154,-0.0621163508368038,-0.0666815146122015,0.182292929904852,-0.076435363979185,0.0241023661932527,0.0026564655415758,-0.105664499515378,-0.0363879800553648,-0.0626560987402006,-0.112083284739301,-0.00408549840881274,-0.0452599506779401,0.0873432575143382,-0.0217664609826424,0.0354684107807811,-0.161115484384221,0.00682203644777399,-0.161740206338147,0.0743108237072117,-0.126773065383326,-0.21644193075542,-0.0091093598980397,-0.0868075041147538,0.00340139261251843,0.0357879263484787,-0.0218143019302261,-0.0452472336675223,0.0598210141538355,-0.147005050901447,0.0215596602231637,0.00528986725510005,0.167425967897087,-0.121876749225277,0.0803171150149562,0.0176548597448661,-0.0629357209970543,0.0427702913336107,0.0173273255397748
0.395187455246038,-0.398037729045024,0.350296957578315,-0.39744731027251,-0.419875976099904,0.0757890028568388,0.0271410477015464,-0.0327247329929715,0.0591885003766377,-0.074548153058548,-0.055217825756173,0.152515938474226,0.0209130683870092,0.105130676166121,-0.0665750687156674,0.0223295452969983,-0.00495611079601538,0.0260416631897661,-0.143216801309676,0.0808614071224072,0.0457213254494086,-0.0203016052160865,0.0252566916779326,0.0239666294371774,0.0743027319012736,0.174840602855826,0.00586335163597066,-0.011656381162166,-0.0791808820240222,-0.0386983499145018,0.102244353434834,0.0776310655911355,-0.18241248368625,0.0787149255535728,-0.0991748683484197,0.0224167179140144,0.0601497345338155,-0.00857630822067658,0.0698309007789802,0.0337890625180132,-0.0734806196934723,-0.0161488383673789,0.000105608194940205,0.0304595472191093,0.0176790481499721,0.0885427139734357,0.0263808462374831,0.0059362245109448,0.0407151472158885,-0.0214246124481807
0.404702119106748,0.412987147514803,0.410956828073761,-0.386713931375021,-0.374372127836551,0.105694788700397,-0.0028183533921049,0.0987640255321552,-0.0181455107328542,0.0214610872905532,0.0707114567613892,0.0317015918500249,0.112187670723216,-0.0313962009101657,-0.0104245181826889,-8.18522224455098e-05,0.105222978644599,0.0848094896175636,0.135293856193284,0.103718688421535,0.138911911789817,0.0305659876303323,0.0140324014461625,0.0706425914281272,0.118440012585846,-0.114653263685701,-0.0647574236141406,0.0230806532743414,0.00973147315946135,-0.0502168253422529,0.0237639398355038,0.0233366389186137,0.0172239937292631,0.0817093518684357,0.0373178327548489,-0.0567836053296888,-0.0574328520221313,-0.0169356623743234,0.0280328585389939,-0.105143103232605,0.0393143146462183,0.124940064056699,-0.00727174363221842,0.0413830728905505,-0.0888709325887783,0.00186909869596786,-0.011614385280434,0.0177964167114833,-0.0355859047149853,0.041643077432437
0.383503276951942,0.40508675960727,-0.36315505799732,-0.436571069067341,-0.416672827343502,0.0113473458391938,-0.0166926445552746,-0.0850415558028857,-0.0575203631610528,-0.0643562287095017,-0.0748504940705144,0.0313121438483069,-0.0132851316152237,-0.0288478340648747,-0.0158705122282885,0.0021282598729851,-0.0745021436775528,0.0397262926083572,0.0466294869903961,0.105494014928704,0.00566482009828746,-0.0327726056287304,-0.0954754020932003,0.0458454264438868,-0.064915992991305,-0.0991629312101426,-0.00551089112168102,0.0329703356671058,-0.0352036607213606,-0.0723768569198963,0.139357883630647,-0.030416822327632,0.0294358062906022,-0.0655483803223233,0.0389094150220277,0.085728630190731,0.0994485986259836,0.0801540809793842,-0.076867925303967,-0.0124666074749681,-0.0320476571208927,-0.00512650440628654,-0.116047585373875,0.0120912367530441,0.160351152175265,0.0319235446289959,-0.0764814392894214,0.0558257697269968,-0.0486262171334023,0.0769561400277795
0.346300631414339,-0.362602301100987,-0.380087816956878,0.409472577695447,0.387627189930479,0.0146213296646471,-0.163288616457542,0.093353960345137,0.0200880032651084,-0.00817968690266528,-0.0141932887062105,0.0450551341738194,-0.0989023305252797,-0.0305865904995395,-0.00251658124328197,0.018316721158312,0.164415015162389,-0.0890795400259309,0.0890996875026209,0.0596855377804364,-0.216458224930072,-0.169525141874809,0.0855611890605723,-0.0459498224974599,0.0564307436452856,0.00346630652972343,-0.0229803428897588,-0.0145224070914667,-0.00357567599697946,-0.0738063866594532,0.00882193545516231,-0.063554242012043,-0.039257950869713,0.0183219702181321,-0.040094567760262,0.0652725418753104,0.0531991153728823,0.117157683955329,0.069708496772825,0.129958859773188,0.0376464550809701,-0.0672662341988548,-0.0121832856535019,0.0208953329035442,0.00341194266575572,0.112758519661967,-0.0307256031900203,0.156355971221236,0.0227770115527557,0.0251838736073978
0.376681759256448,-0.379482129527384,0.37230052262659,-0.365718868963345,-0.373421478789843,-0.00420684188480857,0.0235910853894365,-0.161103147907065,0.205333606254035,0.00269452565749107,0.00359470079932352,0.102854842447565,0.0817402700600401,-0.0291300843078695,0.0681637434378641,-0.000314976114869956,-0.041577576398449,0.0122759929379554,-0.0345514585321438,0.094973033426562,0.0190510094753842,0.0322259870291112,-0.0578093610791482,0.017456038106736,0.085226606049368,-0.149742766445927,-0.0622297628670331,0.0499195973938506,0.0195541619472326,0.114516218804896,-0.0223889236127061,-0.026032248426987,-0.105880989832209,0.0235275228156429,0.18244533518268,0.0814165499711116,-0.0555778991481434,0.0365321299036206,-0.134244223370117,0.0256175617006417,0.122764390718279,0.013394522347608,0.0637603522598881,-0.0165684377475607,0.0392259649934219,-0.045556790383288,0.0395738048989031,0.132241818011744,-0.140406619445655,-0.0788418516862411
0.423179174309174,0.385144683539138,-0.417368709741293,-0.394208232266917,-0.415348966776002,-0.00977285420608875,-0.0409937092164259,-0.0158406298359387,0.0483110830158315,-0.0452365284194398,0.0103620598946376,0.00540128983343956,0.00579591229390865,0.0276241338568047,0.00845815242873851,-0.106998548991057,-0.0243814661891039,-0.201820073548583,-0.0687398904114028,0.0246529115438189,0.0389060970803623,0.0339774238732367,-0.0992655437507509,0.0122482336105117,0.0480220845263892,0.01560193581233,-0.0531531534393747,-0.0692608445867298,0.0462584935126298,-0.0489480568511747,0.106717913040973,0.00959393982747704,-0.0794592535089283,-0.0517754976852596,0.0409201019370909,-0.0692423330609486,-0.0364384119248869,-0.0200880389602734,-0.0426317275477576,-0.037673820468128,-0.0738770736299372,0.081687241004967,-0.0534604188789169,-0.00313752955660527,0.0133141595117208,0.0127747183802819,0.112841467557154,-0.0995042068991592,0.0291789453534312,0.0826780796870632
0.385228488048659,-0.445919095290691,-0.408146744385911,-0.400514475063034,0.393292173171662,0.0555296328600202,-0.0197286585429899,0.00349601247864004,-0.00377742553433419,0.0901859696634637,-0.12068355280803,0.0646473217440743,0.0658330011930204,0.0960930473690194,-0.118318505851933,0.0928672090293508,-0.05001449461783,0.0302581035998346,-0.0103100445597002,0.0110679520911094,0.0351009777707055,0.0188420022296567,0.0149919162726028,0.0885412721600161,-0.0253141233156582,0.0040074503611426,0.0277756095900639,-0.0720264894184479,0.0479782470442365,-0.00131690964760917,-0.0606985060598776,-0.011614497705064,-0.0713811877749681,0.0633753630423342,-0.0268171984059927,0.0609067456689646,-0.0694867588929742,0.00793724801830717,0.146992484975388,-0.00590838544285225,-0.0102749758749646,-0.0531926441833896,0.0456587427508018,0.0927857468699551,-0.0346686265436451,-0.139908617213915,0.037831341506597,-0.0291288962701643,-0.0107803347543245,0.0400222879012774
0.41041158366111,0.37839402445969,0.374884618854791,0.380284518336657,-0.428095049582823,0.0663453281422146,-0.045522618707393,0.040288101642479,0.0688184811785172,0.0675852278427005,0.0150559418589125,0.0750958771112056,0.0945924045261171,0.113321094142616,-0.00446002496972872,-0.0153928674798362,0.0207263722042986,-0.0545672743038826,-0.0133838361859816,0.0749412310921256,0.0807206486904686,0.00925505739052824,0.0340002593344789,0.134363674226394,0.00331734816667513,0.00338071451583697,-0.0103819619590966,-0.0943174889399441,-0.053391456766307,-0.0311487439116691,0.00369221783164456,-0.0160359479673568,0.118105976870114,-0.0202773795317232,0.0259418031113453,0.0346834486260815,0.0886208259562275,-0.0227253304830677,0.124611787939138,-0.0612600010178833,0.0847190141286433,-0.170300757602342,-0.0839599756077648,0.103838358265944,-0.108895527308647,-0.0343092360628552,0.0293872028264936,-0.116640484695545,0.0276706545372872,-0.018644434808666
0.407824403660832,-0.385677562839692,-0.370209925241138,0.342195339942213,0.395428075471391,-0.0473538020609596,0.0857296310790431,-0.0204388247145974,-0.04391821395487,-0.00800809506164328,-0.0548178947179932,0.0206611827363493,0.0825960875587561,-0.0672861789740884,-0.0291187000475521,-0.0805605733889032,-0.00450735358787685,0.092030669196859,-0.130735728876382,-0.0567984466168731,0.0791803462833291,0.0165046246066701,-0.0242603083159067,-0.0554359592118258,-0.165854109448431,-0.037431864190663,0.0179503051187794,-0.118123864440077,-0.023117343493196,0.0544049129241299,0.0442295136443762,0.008993694688609,0.0819401166269145,-0.038576049431624,-0.0323837229130895,0.16561896849799,0.169635334773476,0.0441494182698898,-0.0622430282811456,0.0986111671124258,0.00112111991576019,0.0304173186398209,-0.0936021577525015,-0.105922543881478,-0.0184240061428336,0.185286270408216,-0.0787210612817169,-0.0838224818743273,-0.0493938804759792,0.017928235369457
0.344825907702483,0.358478153767014,-0.426458325378369,0.37803627765334,0.353976152770253,-0.0621145269920797,-0.0626264142694005,-0.0802095513788239,-0.0966029394569541,0.102366681355667,-0.0147191084964255,-0.0591794789825721,-0.0812244724604463,0.148909107355275,-0.0734060126554506,-0.0453357314967273,-0.052270087859888,-0.0613158259002796,0.141394923997844,-0.0561197867391827,0.00113378205507734,0.00394731962635268,-0.0281065296554913,0.0481641457622321,0.0858067508869053,-0.134009589284597,-0.00929068150656299,-0.0362546303230522,-0.0599786480686884,0.0159403223821406,-0.0761549142980967,-0.150290914466619,-0.0883671287822313,0.125114083244056,-0.0950951245513946,0.15101206322824,-0.0148374140239784,-0.0252870356488321,-0.0252422224047446,0.0507504709801071,-0.0943117783724702,-0.123368035636067,0.0882227891316693,0.00428802956548347,0.132340996310472,-0.0920534305492579,0.0629089246794018,0.0730097753740026,-0.0502552669739002,-0.087929047148534
0.37397994260827,0.386909264871395,-0.396915324504016,0.432909450038757,-0.331726371695399,0.124775294395932,0.156057022133598,-0.00101502234581376,0.0621336734005832,0.0108506598962146,-0.0566879049454381,-0.0827912779969122,0.0673151946338123,0.0355532481408481,-0.047183683161357,0.095510060201021,-0.0158067234771531,8.07126376464905e-07,-0.0435498708757589,0.0254772641555107,0.0195033902435597,-0.0646692247117173,0.0947865089442714,-0.0766937239252108,0.120226987904879,-0.0857572317573882,-0.0749917434725556,-0.0339263778304725,-0.0946095141788011,-0.0282111425080174,0.0681192564333496,-0.0795539244152001,-0.035451232316939,-0.0552733971465007,0.064510419348441,-0.0538216755267696,0.0123585488510533,0.0309261941662785,-0.0852866179745689,-0.0163020060404058,0.0599087656733679,-0.0480694724364223,0.145500883527605,0.0756354439137439,0.105045775069648,0.151392471485016,-0.0934388130850297,0.0388706014128502,0.0572994231653724,-0.111886209270307
0.352739899428425,-0.407389316553054,-0.364680355210911,-0.434380753330578,0.44769463452918,0.0633999197011059,-0.0381112392254096,0.0717144779564743,0.0298101865767319,-0.134989236044503,-0.038286818652234,-0.00436393978566888,-0.0274647047686183,0.0119893450046627,-0.0470871842362376,-0.00488234021787261,-0.0933082895134851,0.00570054536480007,0.0544490171887137,0.0402614569120762,0.0654650172664233,0.00674844749370687,0.0542317900302916,0.0182899916007996,-0.0918457775036638,-0.0657777383738639,0.0145490777852802,0.0367864329655952,0.0267900450316296,0.030524790065301,-0.14068500167356,-0.0355526667966241,-0.0222281382091242,-0.0548478772555186,-0.0356869012770949,-0.137684972872208,0.0689665570554157,-0.027535044680338,-0.0232313320837398,0.0188870741554115,0.149021545775521,-0.11804133956168,0.0180195666005268,-0.0916554256163828,-0.0514118796965784,-0.0660919425592056,-0.00393871474656069,0.0800654838121625,-0.0812447923371338,0.0116932751831175
0.379801242673809,-0.432635106704663,-0.436669022260991,0.407098106877837,-0.410077423799469,0.0205083021480871,-0.00887759662934694,0.000629903554289749,0.106088263867231,0.100755348337962,0.0192102950336941,0.0456609717666307,0.0105394385947214,-0.0138378084903388,0.0631250278835157,-0.113392758869681,-0.0254214411394207,0.039890566295549,0.0798447664485697,-0.03790765475265,-0.0683959467939628,0.10926977022561,0.013862313578898,0.0114530213341532,-0.0919937373961492,0.0513290611459504,0.0286277872735404,0.0610037997323521,-0.0133245152636688,0.080915387790127,-0.0901188015848738,0.0534033653242386,-0.0737001877881179,0.00408550183905852,-0.0609586822656583,0.0294672672330018,-0.0155834593264458,-0.0204840670205538,-0.0559736514937094,0.0627776568906693,-0.0108499322805647,0.0822212507097897,0.00652710821031459,-0.0233929728659962,0.0735752831250387,-0.0326304811803109,0.0273510866915549,-0.00247229606340712,0.0606221450452952,-0.0776421108444023
0.36474216080866,0.380533364851113,-0.351867040977012,-0.359808598189955,0.394205934347455,-0.0586148533459104,0.0587081032502664,0.0624263669656539,-0.0321333426293991,0.079777414478207,0.00539894872700303,0.0915076721263717,-0.145199005894607,0.056156163139517,0.0392115571261346,-0.00961559061188969,0.122626078814065,0.0958591346283433,-0.0363820362753509,0.0563813509747354,-0.0328159476521788,-0.126800771464222,-0.0267034933154013,-0.0576927191169676,0.0183927609949248,0.000259737942925147,-0.0886005046027254,0.0845571069084351,-0.130938111483299,0.0245604094195076,0.0463704451003621,-0.111247620940299,-0.229384557857163,-0.004910433913252,0.00158850368906066,0.0798621581111524,-0.00696862728676324,0.0433940701170823,-0.0428382987605116,-0.0556115036766227,-0.0311095123308849,-0.160264029948496,0.00833784334698613,0.00677300766447235,0.198474321931594,-0.0570312271361081,0.00718194905712232,-0.130734421412555,0.0457604981106105,-0.0947224188478981
0.369058046859942,0.334336048590774,-0.417554574558685,0.356953291179819,-0.393325040278244,-0.0420623872197046,-0.0140229862749608,0.128884525384683,-0.0895680907206895,-0.0375665452922166,0.0671806437629939,-0.0746884735901591,-0.123486789751629,-0.0306233034586079,-0.130590758904498,0.0648101747315192,0.111466810343891,-0.00302735443434042,-0.104508645456645,-0.0651005848818736,-0.0303365095532138,0.0675192287505889,0.103985210251249,-0.0353228496436003,-0.13037667586289,-0.0145905670544986,0.122539090637455,0.0657608754670577,-0.0486934899540372,-0.237164905893736,-0.0241128902401831,-0.080033682421069,-0.0520357437127626,-0.098892444084891,-0.0145481905063188,0.0132038724685619,-0.0373629771737807,-0.0102088371155841,-0.0740511365227158,0.0013083916237885,-0.000156310557428434,0.089929416293611,-0.00647214902587415,-0.0415346377786785,0.112193319827086,0.102108967055608,0.0528295927353711,-0.0511284699208698,-0.110694511911613,-0.0482133310557992
0.405513374398768,-0.405502017677389,-0.35147162888794,0.39897666677731,0.337729666335467,-0.0846941143819185,-0.10019687899372,-0.037836195854558,-0.0521356272545771,-0.0605023490233907,-0.0702284473809895,-0.0543271361679545,-0.101986585669891,0.040900989712392,0.0690696391008645,-0.0296168130588648,0.186296693793369,-0.0241620699087831,-0.0187370870429414,-0.042192614950431,0.094016210652654,-0.0338221142710416,0.141269328325583,-0.00145443338924532,0.00264738048274429,-0.0538424047217517,0.12482729566728,-0.134714715356646,0.11547269483762,-0.0554576359773537,0.0498004605150563,0.0835548348042418,-0.0739438533025407,0.129447274263511,-0.0792605274317992,-0.0429977177224992,-0.0999168760164607,0.0538067387269189,0.0152821050532818,0.119477192688971,-0.100379854838562,0.0580085939844727,-0.0248546496387364,0.00266909545236164,-0.0324461356588022,-0.0242914979302607,0.0328811949960704,-0.0415285746419107,0.1318788692626,0.0142620408320202
0.393835092589556,-0.368064957401996,0.274358405773395,0.361210180982146,0.413528247765939,-0.098245429543465,0.00833501228698364,-0.0494825485595716,0.122326918969105,0.146088644898095,-0.170247477684819,-0.02455405849556,0.0522885258890822,-0.00750923796214746,-0.00181221815860235,0.021197162902894,0.139994521887639,-0.0895859460718887,0.0263748043296814,-0.0405647624618481,0.154145235847452,0.0710405452420867,0.0132110047932418,0.124627403266777,0.0865528884689511,0.0132718478785775,-0.00858278850534126,-0.120069344857732,-0.0830823519145817,0.0644509400789497,-0.0645487667021163,-0.0449672702323875,-0.0997963587647113,-0.100088727371697,0.041760296694021,-0.149651650004362,0.0434602153263875,-0.0248327118986561,-0.0233406770609287,-0.0704204196999923,0.042463421065308,0.0741486786007837,0.00134767825450166,0.0789968363253571,0.148614537994738,0.0991384656147569,0.00158396004945256,-0.00643108412067155,-0.121742353054106,-0.15822001255431
0.391823812981787,-0.401769212815717,-0.392346602155956,0.424197439478153,-0.435231183199152,-0.0219893923101248,-0.0911494006662501,-0.00559629338532242,0.00951610946892133,-0.108337249793818,0.0595488669039943,0.0293894343617915,0.00260315122330678,0.00699188954501475,0.030267261945067,-0.0447942712238485,-0.00405597977523492,0.083642932367149,0.038089652642904,0.0472096715233096,-0.0874679703736414,0.0419886313400408,-0.107668811025516,-0.0794736934538471,0.0873326096204525,0.0257083854885577,-0.0716218895929791,-0.043462036802207,0.030558400274455,-0.0267286692236073,-0.0347102783042547,0.0641725147577753,-0.0273324879653604,0.086063674368416,-0.0949572332629787,-0.0548177464849042,-0.045309752814607,0.0135385208918171,-0.0566090968703113,0.0111564101589134,0.102962286912786,0.00562590270523895,0.0287487829782278,0.108602676497932,0.0101772020120485,-0.0124452625286495,-0.0444822241969912,0.0874720119041756,-0.111077880681192,-0.0468754888561298
0.387618469126398,-0.409875323041016,0.392902751969851,0.383778548742242,0.432004634258313,-0.024029940503341,0.0178087540329226,-0.033263841888187,-0.000424857222178022,0.00828317252831871,-0.0306099941633928,0.0251055973277524,-0.00971924208455656,0.0135189677952061,-0.0410122990023522,0.0748811708064453,0.0702912233625868,-0.0990254801162021,0.0029280789619263,0.0182184992495237,0.0363204520259736,0.0188819050699442,-0.067779733112867,0.0631915000070606,-0.0993786146222477,-0.179164711213937,-0.0363952590267495,-0.031716963148685,-0.0535990568009224,-0.0229726397465473,0.0365426873618581,-0.108651241732782,-0.0681087062709784,0.016474419069987,-0.0745421017168211,0.148991528536811,-0.0131874853684131,-0.0280067583866253,-0.0720140877148384,-0.121328323825108,-0.00132330460835424,-0.0149122866967345,0.147275265881162,0.0382987229231915,0.0133236448244558,0.0481545469216611,0.088679286942347,0.0505311658783274,0.0763895172832763,0.0201441605780116
0.413647204426062,-0.435304277700043,0.397667075277605,-0.380350383166488,0.427634873211984,0.0226625252584252,0.0465186004507191,-0.0422551153988433,0.0657443177062151,-0.0680219692141247,-0.0617350903536696,0.0128858047812274,-0.00316385359621898,0.0184573977699173,0.00686266779395682,0.00165178897278684,-0.0919817787985926,0.0407523446497009,0.0623421084121116,-0.0628717095866121,0.0725411340909076,-0.00869480540822876,-0.0395118051578956,-0.0103283916252932,-0.100806385687708,0.0521287239787282,0.0046280298514851,0.0241097213188653,-0.0136061658772607,-0.0775329989549852,0.0674893281982695,-0.0501523907367094,0.021896881931687,-0.0336515240464544,0.0271597549878405,0.0174263497489215,0.0257587721614379,0.0372226568582507,-0.0674841149257156,0.0666936609929609,-0.0416758044299134,-0.100514574068733,0.104748830645354,-0.166486468511949,-0.0292271369277554,0.0381566911493326,-0.0408387030800602,-0.000858019678081819,0.121168306181617,-0.0364538702998849
0.314590384939849,0.439493035272118,-0.350970121874872,-0.395006988490068,0.327620437756938,-0.0611999241435144,0.142560004757874,-0.00796238101992905,-0.0907767590858318,-0.0344428244260945,0.00316165470306846,0.0724947835149208,0.0281753063687526,-0.0525294343499558,0.0183384864457177,-0.0600066135133219,0.0938055113042226,-0.0550490960455831,0.109708641916089,0.0229873394863643,-0.0437649511895833,0.0200707469278546,-0.0712023103098153,-0.0173746552617053,-0.0858507177706142,-0.00723710088149621,0.0279147536832523,-0.0447076113215246,-0.0279054135447935,0.051187524943749,-0.145099916129248,-0.045338749107069,0.0632692205541656,-0.0880119919178822,-0.0964586066081449,-0.132999759041068,0.0789208015492684,-0.0890440301072938,0.0425380243055302,0.0988624343538316,0.0199285339669758,-0.00836880262251269,-0.0687713705352869,-0.0623123925283358,-0.174563106347746,-0.222956635107671,0.0735096717300381,0.0318250821713857,-0.0641435876209451,0.204816475148562
0.379005519652897,0.360553045570105,-0.379452410263799,0.36952455614315,-0.448197100296005,0.081076249385304,-0.147972114575806,0.0496615755438153,0.104382908556796,-0.183846587465699,-0.0441214865411168,0.144909521749186,-0.0152050729778834,-0.028503814470481,0.0300981470834392,0.0547851592674045,0.0296174175431902,-0.107575984254666,-0.0523536425785286,0.0281369490720079,-0.0524661807626765,0.0295609508535682,0.101991369045258,0.0272558646631916,0.00484478060867935,0.0161977081047555,0.0839690597998486,-0.0126798028828501,-0.0153156760228327,-0.031226867179653,0.110949719298053,0.0202302588534859,-0.0177499715591669,0.0170956992976607,-0.160072917750289,0.0550022773299371,0.0133046642871543,0.0657332503652424,0.0330622673067731,0.0684317216132926,-0.0779671752967237,-0.0809663896559603,-0.0410712151415664,0.0847641810916779,-0.0637484629461658,-0.0559945711782235,0.119132916310457,0.0601635468539441,0.00296402900401207,-0.0563853545035867
0.328545199344113,-0.402197389199995,-0.386690891547368,0.29506270930488,0.382998890057206,0.0533517182467488,-0.090105175881443,-0.0767685098077816,-0.0677619172366637,0.064753208970206,-0.16462889861534,0.060901287381943,-0.0644943713820051,0.0202302774179947,-0.0187178631990204,-0.0282174736094995,0.0200745793934924,0.0334509649306798,-0.0209054235231868,0.00711024980363395,0.0180930350818554,0.151204314610133,0.0460279244303936,-0.073331713826427,-0.0263522623177975,-0.0349047006406155,-0.0235443462941573,-0.0250565407116774,0.16145178385079,0.0134667065001854,0.0969953360047204,0.0958981262948269,-0.0510943212249414,0.205385087911732,0.00582783762869015,0.00954909443023809,-0.009197536679683,0.0829328781226571,0.0189422350092827,0.0922858927836536,-0.190859996572487,-0.0274953465704764,-0.0437751850276335,0.110339585603656,0.0211081914450518,0.0216218086378364,-0.210945508209529,0.181520537259301,-0.108097342295936,-0.0460913753307947
0.407873015764761,0.405805451744881,0.404929061317365,-0.383464885196195,-0.378399285517931,0.00487575739956789,-0.025915669126405,-0.0500574478030197,0.0863571882433511,0.0729222379934531,-0.0440443429777915,0.0384416065263998,0.00504473637765154,-0.0737641905188798,-0.00754361518040181,0.0557710858295292,0.0536985802138596,-0.060623081403244,-0.101486872104749,-0.0705546531805798,0.023624075441377,-0.0345616885442075,-0.161720241107738,0.0220074370883587,-0.0913327421555406,-0.10379867575154,0.0965780889867902,-0.113814677250026,0.0714186021840676,-0.0651977240787567,0.0747378281638027,-0.12180685212679,0.0422480517625784,-0.0683849558560588,0.00695471940868711,-0.0325807028796995,-0.0248411370176078,-0.0912060897121179,0.05308974908796,-0.0454507700536283,-0.0427322744083824,0.0663766266769798,0.0933105423108834,0.0762990983831516,-0.0821452250004812,-0.00821993623332285,-0.0386757497984642,0.0112860002702536,0.0228037117237613,-0.119277119499767
0.384351616954722,-0.391948551854624,0.377278876358816,0.402962859070973,0.427535852051099,0.0462694107751221,0.0338832001993111,0.0910787877384023,-0.00874533435589695,-0.00746243155750776,0.0108293871953195,0.00376852432722132,-0.0130837627039098,0.103118043464252,0.0117758998356323,0.0398147715768079,-0.0484170764431873,-0.0483449768973671,0.155264219983522,0.0620688792690711,-0.122879393452746,-0.0499006388562458,0.0667474768857028,-0.0868970055267756,-0.150217038514542,-0.0290219878415262,0.0297719746487775,0.0895348384398063,-0.00118876549209968,-0.0117760142624286,-0.0029669931884107,0.105013390706312,0.0686257082980134,-0.0277221746583651,0.0476339135058589,-0.0826749397074098,0.0338893476277933,0.0585181549917157,-0.113483887548995,0.0146266568498516,-0.0008005945378055,-0.0861490476041103,-0.0397576028385284,0.0869347984875425,0.11135149191218,-0.0287859258214887,-0.075156264907634,-0.0701831632904654,0.0387441842637224,0.0832683570067029
0.382827433200137,-0.383629614944803,-0.434984628238541,0.379992900649012,-0.360618924414526,-0.0142117331987523,-0.0495845015462968,-0.0766313340574863,-0.0459460429362038,-0.0320210149360782,-0.000658767620137813,-0.000338294093590908,-0.129511176115654,-0.0365355769566003,-0.0705738454190635,0.0523271935197363,0.156181713859124,-0.00978219755730612,-0.0550985322830372,0.023628509519801,-0.106102665131506,-0.0139826045482091,0.149529217196855,-0.0128146455293006,0.00491267103004082,-0.0695658864024152,0.00170223164245473,-0.0776271341599641,0.0992197976355802,-0.0883077328057234,0.0587618737684841,-0.070202423686605,-0.0576269574004276,0.147972859568693,0.135838970865244,0.0603903146663805,0.128376563630632,-0.06443182305533,0.0384117785565569,0.0385287665934902,0.0367270129943007,-0.0042336475431742,0.0331816478982518,-0.0212771352887582,-0.13306622165261,-0.0553838600227583,0.00817377152040635,-0.0475168723112716,-0.0817942761544568,-0.0502934355518041
0.40596794758033,0.399568123125298,0.454936343617971,-0.40328951531387,-0.406550464258257,-0.114451034560105,0.0188518783323209,-0.0117565422993847,-0.0174154066194785,-0.0398470322654456,-0.0181273856878786,-0.0907163417168237,0.0186118941737778,-0.0111594570436861,0.0280741607132985,0.0126579647976343,0.00458117244243634,-0.139421695219114,-0.0550659433921711,0.0295088358583358,0.0414575309912646,0.000672464619704287,0.0444154206598686,-0.0730908538440091,-0.0666792783184612,-0.0350988117486568,-0.0668443579253502,-0.0454791766849991,-0.0213382133926116,-0.0300615266497155,0.100533638281538,-0.0763657980645769,-0.0178749062462158,-0.0780181012842562,0.0121473327856404,-0.0390792197323363,0.0502419879323963,-0.0112561711736944,0.0622231929047756,-0.010134472700215,-0.0761158151238256,0.040414428348831,0.0683463974057098,0.0126153092239514,-0.0734632490359382,0.026204050407152,0.0875798091886336,0.0893084945570623,0.00240883902822795,0.0676252396171335
0.388060336203446,0.376782485176722,-0.39157629588641,-0.367131492455786,0.343202436377981,0.0314428456218326,-0.0652482240849632,0.0507047312727802,0.0560469392875853,-0.0358791934858955,0.0369452665930895,-0.0140248877074297,-0.0477424543380367,-0.00130990902863054,-0.0368633104741259,-0.0270954658901441,-0.0971944363606987,-0.0301267459178814,0.0631666073623496,0.129269179807098,0.0585123563458825,0.0646188312323772,-0.00657577630075392,-0.0528141277767556,0.110135280417009,0.113337906319626,-0.0382918390025985,-0.0173600506256948,-0.145433118069011,-0.0388516654821984,0.0257212111194947,0.0123521597606795,-0.161187764053432,-0.00664751815003753,-0.218904807533329,0.0826536517895713,0.151467107866579,-0.0859624616027734,0.0692108722241132,-0.0502514980363844,0.20591766979709,0.0118117579600552,-0.0569624261817286,-0.0160639459975697,-0.00869142680366676,0.149818767835789,-6.82176403730359e-05,0.0668478965288784,-0.0125036197726408,-0.00623957482586815
0.424619535941242,0.323620324851207,-0.334439789524548,0.354283885005308,0.407509189085346,0.0234833953947454,0.0397538592518527,-0.0777364173279312,0.11947548135673,-0.0755362852130249,0.0416110714865239,-0.132475870032328,0.131806466488196,0.019068494379348,0.0105466861881683,0.0340252142898885,-0.0324665231919124,0.0855463286929257,0.0130603999420377,0.0823513002983642,0.0450867847552037,0.058565672514488,0.0149822052729843,-0.209746222112258,0.00964967688098875,-0.0144500952770122,0.0288825853682503,-0.034516710047447,0.100783046744243,0.0367923989257352,0.0187460074271811,-0.160715213242485,-0.0824754392764225,0.140973366680187,0.125409576210612,0.0373274915724388,0.0184678015334353,0.0172806413322248,-0.0523114732775472,0.077078290586882,0.0697803413289272,-0.114142851835892,0.123725103844583,-0.000305874915520881,0.0912870790424436,0.125445633628474,-0.088592818688691,-0.10598620723213,0.0815566202186333,0.0628349325794986
0.359241445214004,-0.377710432990768,-0.392528611812683,0.364203436334637,-0.380557437218561,-0.0426968529655241,-0.0429357124220894,-0.0822399795347614,-0.0789109734721811,-0.0383865814888762,0.207255802418386,0.0233846484865844,0.0575404251697184,0.115384395947222,0.00102265809951298,-0.0495596091643646,0.00220862723350785,-0.0105260011595268,-0.0624677145211203,0.0542736025969336,0.039220047348684,-0.0486083356022765,0.0781965234037946,-0.017371634683021,0.230042866547449,0.0794994692400238,-0.0519609828033138,-0.0667357424380584,-0.100248639450123,0.087086805340449,0.0180338367142053,0.0770233737425602,-0.0349365252225862,0.0230518909904814,-0.0424093341543037,0.126753302333064,0.016653611529365,-0.0685175298598469,0.125914155662027,0.0347269240425992,0.0620489170306179,-0.0401480071185422,-0.210846126488138,0.0565140741685331,0.0211930227368146,0.0535219032110644,0.00118619560432471,-0.0759369629119945,0.0442099126434097,-0.0515402087494106
0.33744069042685,0.323468299561492,0.408029486492393,-0.38828512895921,0.338150293921,0.0178351817979551,0.187986392538841,0.0526572791931936,0.0187567261475365,0.0267621294304922,0.0689881055579803,-0.0838911999430061,-0.0694326107464608,0.0755235101465696,-0.241197801711157,-0.0188267847672861,-0.0955724492901397,0.0732445486924362,-0.159804156169601,-0.0949021163690447,0.142959204520077,0.031633142573866,0.143997670864247,-0.0115694187268574,0.0290429171486758,-0.132387345040124,0.100062176530475,0.11652972959227,-0.0276638668887628,-0.0590231482399861,0.029707452100417,-0.0281074539772948,-0.0162280818990215,0.0819038614349429,0.111026756050689,-0.150539502849197,-0.0684808628638347,-0.0198133080287324,0.0547633593449496,-0.04739749910475,-0.0825884640675934,-0.0527238199051983,0.0554421172382432,0.00763317413263929,-0.0499613177443051,0.0352994840462376,0.0114350884493412,0.105401662542014,-0.00200978387452875,0.101548214178599
0.404038335263535,0.43766513733601,-0.37798958760477,0.3429786358441,-0.374567958278321,0.0742053076589805,-0.084035324837132,-0.025685163339163,-0.0178637705182558,0.0661139831356006,0.118242855972593,-0.0767971607607627,0.10110083946852,0.0936645188477682,0.105436192508907,0.0926714557895983,-0.0174782106553299,0.0222984365264193,0.117758245066555,0.107503058299051,-0.063592404888185,0.0278960448112116,-0.0166157109096627,0.039119938851147,-0.122222887488414,0.131334538464498,-0.0310873798384802,-0.086459315136413,0.00335781534106783,-0.11349639291405,0.143097935237836,-0.0640555229247917,0.0462671218251623,0.0172501244220235,0.0468592812894224,-0.00071822788326426,0.122349632719826,-0.0416357280445449,-0.0630612757162531,-0.0330905506008745,-0.0586662276857582,0.00425336495749865,-0.0930825283905936,-0.0207771869689313,0.127608845019582,-0.0117474242719023,-0.0262893247681121,-0.0171546458936558,0.0215910394664415,-0.00991873771356001
0.349272572706301,-0.352569716939963,0.301746394573095,0.366847541239191,-0.365322311401274,-0.0200948018491484,0.0111148548346717,-0.0970902145935897,0.0168506100845534,-0.0452822550894761,0.0860400997710107,-0.0750997942220771,-0.0976738924403029,-0.167928121285132,0.108363827388594,-0.039748876126496,-0.0148154325090004,-0.0799967236358581,-0.0658745240805638,-0.0303311204307199,-0.0785231701033353,0.00390274942383676,0.111377163656446,-0.0900451053326359,0.072677956775529,0.00864420352422601,-0.181159011106907,0.0955622510320653,-0.0327935455782302,-0.196932755573185,-0.0290171341916624,-0.113309599431607,0.0818352115209575,0.00866145682339378,0.041118836886257,-0.211693617248566,-0.0329155772532069,-0.0682888942753292,0.221748024611238,-0.049818521343577,0.0882014657839089,0.0959513237770157,0.0710029175446549,0.108544299631181,-0.092683769520487,-0.0292300487561019,-0.0987948285076802,0.0690765738134475,0.00491379628964194,0.101557082031648
0.388036406156728,-0.406659946328165,-0.389169836658347,-0.401028673991054,0.381128404735797,-0.121130282585911,0.0532040676633679,-0.0594249603502087,-0.0356100638111702,-6.04234065531384e-05,-0.0164730077168077,-0.0391956258463,-0.0969410905837505,-0.0170276754798423,-0.00128488822739316,0.134623555478592,-0.103101867806318,-0.00215127611119812,-0.0852963221881837,0.0527654576994986,0.0298234254444475,-0.0816472243575492,0.0365352069099683,0.0174997801675895,0.085674439234486,0.0168837465551978,-0.0512514011060337,0.0226756518780427,-0.104679942015324,0.042508193169032,-0.0773860877761013,-0.088765623367183,0.139716532003209,0.024775233650003,0.0144183380082637,0.0447682901102839,-0.0430614201579964,0.160511803909373,-0.0769547885087208,-0.0265418082957948,-0.00494615820066727,-0.0406588630373657,-0.0820383876980701,0.0217630696274967,-0.0576302062579503,-0.0692351865069607,-0.0212278184222273,-0.0577931017148554,0.0640646973280454,-0.160698154912449
0.423830886139323,-0.421179170160748,0.403416136178978,-0.39455885309297,0.390617189398792,0.0898326169803202,0.0073202564934669,-0.00110059756254566,0.0259407030469875,0.00633556632664491,0.00632134631152977,0.098696663292786,-0.00131651215433627,0.0473936620754513,0.0687576557885935,0.00304239211251944,0.0887094913320471,0.0148256996125015,0.00344496445763364,-0.00731978445356046,0.0761046418499295,-0.077699078533888,0.0224847969883183,-0.0159126117910723,0.0648051694855577,-0.12264457428852,-0.0886276355880788,-0.0595624121802591,-0.00239775994286106,0.0104730564766984,0.00331479774755127,0.0759635361234007,-0.023293119752456,0.00685511500708367,0.0415150085781656,0.00142536710617128,-0.00481127810320546,0.00060259404031995,0.166782216809082,-0.133214040240155,-0.0224493792230097,-0.0847968742950615,0.0619024464299402,0.13536386615503,-0.0355748492357119,0.0104230364420753,-0.0818483486587056,-0.0386982359999649,-0.0375706355502932,0.0187751095869336
0.354411971579539,0.39155707263705,-0.380821234334353,-0.403159554933132,-0.406294003324665,0.0471621856722896,0.0220765246434155,0.0933736036636292,-0.051383396058395,0.0323804398094677,0.0211956994187589,-0.0121902947809023,0.0658458189692997,-0.0376631521025489,0.0378910379949204,-0.211496744511993,-0.0465054635008395,-0.0640968410043865,0.0193695536732033,0.0314391515617553,-0.127030875050745,-0.023332730914513,-0.0948102372404069,-0.139490703843787,-0.0554149767780929,-0.00425288787437508,-0.00191980643359309,0.0498958983606274,-0.00828443138063472,0.0990147174439419,-0.0174929921582175,0.0589106526163557,-0.209879123493666,-0.00397780310865929,0.10485137297401,0.0367209474721899,0.000591354214469638,0.0197444444431639,-0.018015888403585,0.104083770982243,0.0635118047425191,0.0966840616217482,-0.064210151503927,-0.0134085656025192,-0.128514824770952,-0.0507593475607145,0.0228097650568929,-0.0397227930881402,0.04037812121826,0.0185869066182428
0.333589251781539,-0.392160771303787,-0.363198652577406,-0.434765252218536,0.363061196514901,0.198173633821137,-0.0859033861765052,-0.173930933055756,0.102729225217688,-0.0480124367357706,-0.00983565495958567,-0.0607954120909176,0.0506727224217868,-0.0227014975939286,0.0939582846250945,0.0703837942770815,-0.172566914483602,-0.0388132641094341,-0.0123354721742447,-0.0773230227711639,-0.119945073361432,-0.115081224304144,-0.0452298424477859,-0.00220063366420185,0.0369593364964587,-0.0432388170881745,-0.00767118795036744,-0.0675724529859028,-0.0558907593368296,0.0844586211436434,0.000860670188714604,0.125798533502606,-0.0754400702887983,-0.118434651744801,-0.0977186566403963,-0.0297809856358297,0.00184974711508896,-0.0121204333628621,-0.133974693759045,0.0664894800401189,0.0552795416042199,-0.049257039069623,-0.0244626642082498,-0.0196958415293417,-0.0198947092395259,0.0539392355613886,-0.0653798653451581,0.0521459616178639,-0.0266179525010665,-0.0238428910021533
0.410898999378354,-0.420735082512591,0.383846624423569,-0.417151967944316,-0.300905940660902,-0.0714512763612598,0.11176224676748,0.0160879005446775,-0.0285388200106439,-0.114865909763501,-0.0384611406148218,-0.117033313752259,-0.021815950634363,0.0476667791988209,-0.103518540112473,-0.0945415181631006,0.0123096922032329,-0.0124643130320408,-0.0275842800396273,0.0445584326026047,-0.130644943547816,0.0864819699711706,-0.104484657908889,-0.086045199530569,0.106069193915581,0.023663871564735,-0.159715144293443,0.00905625331699468,-0.016023118082629,0.100496156783819,0.0382937806051525,0.0436139894656684,-0.00990728789975729,-0.0671016639204527,0.00656374064445143,-0.000946913784644787,0.0286112435191338,0.0861890425689063,-0.028767078365759,-0.0549323907560302,0.0342552535086339,-0.054910524556366,0.0471250097878959,-0.14127683764028,-0.0260716279514362,-0.00110134201714757,0.125122887289577,-0.0273885642125895,0.0675813026528478,0.104864210140906
0.371463009838041,-0.423505326712214,-0.339754993255552,0.386911400993179,0.359773518689864,-0.0316035175679577,-0.0242065641190752,-0.00937184195682657,-0.0540422473351414,0.182800585176464,0.00139595157498969,0.0310503629275958,0.104718021200297,-0.0085654022713491,-0.0464795645992629,0.00704874514927283,0.0768676659596926,-0.0630543228939074,0.0450068294953635,0.0839624584508477,-0.0501464100732185,-0.0939893209018406,0.0441630492139763,-0.0948593508899884,0.0731725015262236,0.118483179610715,0.118910197075507,-0.00838890240548176,0.0930415649149837,0.121940060620026,-0.00717969748316752,-0.138009842399171,0.0507604360703814,-0.0219846504757985,-0.109707991341681,-0.0143410725180209,0.0104184730347402,-0.202879682017607,0.00455969531694397,-0.0451872343666843,-0.0149308435976441,0.107967135026012,0.0103597033574191,-0.0605125071653944,0.0629066957010844,-0.016573055336754,0.102282298621904,-0.0385541057683272,-0.119457432871984,-0.116821394069368
0.36684454258006,-0.355135877230811,-0.388759283918859,0.390308975963129,-0.33112128397747,-0.0867422444689558,0.136832760080071,0.0343629681600745,0.037326657820718,-0.0301169455228662,0.0537552937452559,-0.107142937864449,-0.114056911604222,0.101885181229699,0.194673146295874,-0.0375660865800753,-0.034766603222247,0.0152803095556616,0.0470387877715855,0.021756033328595,-0.122590802788803,0.00833594997217305,0.0354505605725938,0.145193814575186,0.0353599884247341,-0.0133799828149199,-0.0928670696389803,-0.00202149934469928,0.145533983596497,-0.0688950393456023,-0.11288630728982,-0.0175376338421444,-0.00916413886411464,0.0800106987475938,0.122843370977867,0.0529454003679577,0.117399063515443,0.000830650575356414,0.0542213050709639,-0.0235846832395949,-0.0135962277382627,0.0312568094478099,0.0546143117666112,-0.120010525156551,-0.065827073037504,0.0582004451754462,0.0148813180685422,0.100429988669766,-0.0678573252427301,-0.214366751549758
0.383251927307337,0.394797905966272,-0.398971363295055,-0.427901246606209,-0.422190486158392,0.0231111134241216,-0.0033922692742864,-0.0606620958848033,-0.0838780175989823,0.063312572895429,0.0483931095165305,-0.0317455604077096,-0.0702602792399865,-0.0244487621040862,-0.0615854576635773,-0.0267068552386094,-0.0441933131457282,0.0338691460729793,0.0347872726826636,0.0921667781356561,0.0314629636849144,0.0580401846944919,-0.0947441866392239,0.02456236536273,0.0302110822316484,-0.154441722419712,0.0245320642982292,0.0405019638946281,0.0348679871447688,0.0406428248746617,0.134233111214457,-0.0788841038242802,0.0380354376607847,0.0612375675584417,0.0560251136272297,-0.125391047552498,-0.0885986550920228,-0.0168766409447196,0.0279687896689276,0.0259616443829691,0.00229501048687892,0.0328782857063104,-0.023224415278463,0.0429044243690993,0.0950561766093105,-0.127837587051773,-0.0208727658057952,-0.00381703539579041,-0.063332126584665,0.0160076734802622
0.378930833347757,-0.409601500067028,0.377978276441306,0.408477685310938,0.421702974037641,0.0271974081103371,-0.000807843430637841,0.0357587777638861,-0.079739405796257,0.0869544605522027,0.030653418659383,-0.150921661970295,0.0834031379326629,-0.0284890270613529,-0.0729904455211478,-0.110493725937291,-0.114154371444451,-0.0289941443094619,-0.0822406586437185,0.0120795987127996,0.013632183007024,-0.00724535360670681,-0.0489651433675907,-0.0328361228845615,0.115900649501401,0.0231820977772261,0.122850151631484,0.0130221164016117,0.0307322996622773,-0.00929203516961123,-0.00821734392251388,-0.0346206694591879,0.0518494146370948,0.0629620168847249,0.00479275202195407,0.0309937791380284,-0.034056740913765,-0.0904004771958665,0.104147692653797,-0.00672265370148579,-0.064121441600863,-0.0226688090419004,-0.157776979228607,0.0116012853850086,-0.0171111690255113,0.0109574554332517,0.0440267931426013,-0.0340857066734843,0.00725732495568158,0.137910752067334
0.361764423313799,-0.401928790136828,0.358533887559323,-0.37838439864459,-0.392272314177642,0.121855807010931,0.123514023383354,-0.136894702172553,0.0685669078584003,-0.0530489313642404,-0.0460739309760614,0.0336809749874903,-0.0747527967324225,0.0159899915406272,0.112655557917578,-0.189506853375672,-0.00462451785594449,-0.0072598684182915,-0.0387157612555992,-0.00587393202215505,0.054879989030826,0.0723347911115523,0.0511658123253493,0.0153980325485077,0.094466679218079,-0.131007579154536,0.0191981271938553,0.0397330001193304,0.0806806189818426,-0.0984829670277673,-0.0664608120271081,-0.0146700940820312,-0.0144933823618514,-0.0966709013573562,-0.0991339648728349,-0.0476611170275224,-0.0285359198192955,-0.0253663523458919,0.00613906252336369,-0.0410810200736306,0.0871044064369974,-0.138860547358008,-0.0273736621334043,0.130326582941349,-0.0344916308181054,-0.068180195310777,0.143338110650885,0.0277806845482137,-0.0453413942782687,-0.0876425664892019
0.389463327835587,0.438357237214609,0.394891563966845,-0.380508069227278,0.380224087393776,0.0547344012696974,0.0571488509872135,-0.0904383702185447,0.0782302870345788,0.0189137023994404,-0.0744958069085476,-0.0351868366081957,-0.111471486392439,0.076500479174177,0.0608597029587916,-0.0464327954890361,0.0509281707062422,0.0453338191698185,-0.108254419125001,-0.0807191967929728,-0.0229548006793622,0.0361883971760523,0.0595674650902456,0.0704804075701286,0.0605479974904794,0.0354822985950873,0.0112167514905578,-0.113806645270282,-0.0612455509307241,-0.0754556388257818,-0.0492440973937603,-0.0517598632092836,-0.203214484042952,0.0136174878300338,-0.138568539853754,-0.0122693015583484,0.0093388985415477,-0.0516784789518531,0.0397071695667405,-0.0129082461338994,0.016242455243227,0.058233646764147,0.0283395461533979,-0.0517182016776682,0.0911792058382006,-0.0313121158709708,-0.0913247054702223,0.0327468924237705,-0.00111211932976089,0.0453671355784414
0.398452314189262,0.383757807080812,-0.367004740934837,0.371631347645478,-0.380141617503657,-0.00583796947329139,0.00283726893748271,-0.0863620114707447,-0.126664754763365,0.0189801647543657,0.0129032766099686,0.0602577165142858,0.029261673632007,-0.0631914471792736,0.0497534515741669,0.0153154687580471,0.11304870633603,-0.0485342797940777,0.153971072182734,0.109411233400576,0.0471272372374395,-0.0291950028667669,-0.0276103852834112,-0.0654574348397607,0.0336902865939822,0.119439443419124,-0.0181207868299953,-0.0825453958185226,0.0913645338779492,0.108870726817737,-0.0502182474785355,0.0387161984291284,-0.122538630042161,0.00644852858148384,0.0885373877391286,0.106959865541748,0.156128143280416,0.101470056030247,0.0602133414514177,0.0861328738445718,0.152121190440454,-0.0319019809844798,0.0110449031301604,-0.0945221848882091,-0.0185771321726482,0.0224947798404336,0.0863978470334026,-0.0993785914912706,-0.0626222599531048,0.017736231529193
0.43693125401312,0.423791985835579,-0.412882702873521,-0.347767556939147,0.423250568444308,-0.0977208116027705,0.0848335124870086,-0.103725799976033,-0.0545142499429385,-0.0376971071238759,0.0474895691433205,0.00808438346118567,-0.0845174030394091,-0.0615089717150372,0.0581295332035847,0.00958144749768313,0.00558403588414734,-0.0217984392534413,0.0230176298380995,-0.0805622981076349,-0.0415118258026233,0.010032393654704,0.0378450270947705,-0.0201804196648461,0.000982146176468946,-0.0272852459015406,-0.0649568862861798,-0.0485448424968681,-0.0249940900375693,0.0237075603232729,0.0552885014607215,0.025042620387888,-0.0773403357030606,-0.0531026471592486,-0.0572489024698465,0.118086776468016,0.0273184529320992,0.105160754950302,0.0858079176416677,-0.0112078271254197,-0.0182078110401132,-0.095265677323323,-0.126583160462116,-0.0321922326816139,0.075567888731727,-0.0350505096151549,-0.0598802201173159,0.0260216159656315,-0.0607636107090053,0.0161316510003494
0.396627612802506,-0.43247260594929,-0.371548445421075,0.429105601704763,0.402725856091989,0.0353635070054436,-0.076201981240928,-0.131236702477993,-0.0434913960222367,-0.0586415024397181,-0.0533860511586378,0.0403099769556201,0.00104996592799688,0.0149699741901056,0.0868018146585013,0.0299850056385995,-0.0295009426006493,0.0423388566572694,-0.0209889453678088,-0.0405042489135941,-0.00226067388012903,0.0300965405979824,-0.010173018504325,0.0431186226022548,-0.0255054098737506,0.0455870416809829,-0.00636421054908397,0.0212707186882433,-0.00323156987350623,0.0204068968696313,0.0924705242978124,0.0479355113112745,0.143504232115819,0.00525574133524366,0.110483290907477,-0.0803895161148444,0.0781842022753487,-0.0339466334269351,0.00979506652641738,0.0591625950108162,0.0893719173057398,-0.0235763406707182,-0.0747599572297265,0.0661580284763711,0.0312567348088346,0.0176487712208443,-0.038459503174381,-0.175106797915403,0.0613135259609504,0.0240168207293889
0.343592067742057,0.403901011935893,-0.403413928021434,-0.361000861595887,-0.383881572268648,-0.103402678105722,-0.041075009463471,-0.109428021655776,-0.147155103375336,0.00172334399990497,-0.117581692294504,-0.0961283750563204,-0.0250492194081248,-0.106378656872762,0.0386291481548807,-0.0128138624723517,-0.0745823593952767,-0.0236774164223568,0.0702244664766441,-0.0837825014695449,-0.0676773926478842,-0.0415643525314722,0.0575654038551641,-0.111833177454287,-0.00795793240005232,0.0721547868827374,-0.016829630723291,0.0207984403745432,-0.112218129995206,0.21096911847095,0.119960328268408,0.0439419120177694,-0.01187930141184,0.129976715415564,-0.0741412147009416,0.0285925247222926,-0.00975220945028842,-0.0109151149008345,-0.000868828248579859,0.0433296102067989,0.0565774120536551,0.0436017630580206,0.153705730025727,0.00858624667634809,0.0356509385274281,-0.0133103211547772,0.0207291633918516,-0.131235256513063,-0.0182897638115449,0.0491202559475361
0.416095026775074,-0.369557271794389,0.390611661719685,-0.412341922780054,0.41559305215516,-0.0618116496316113,-0.0539348418922169,-0.0424510533101823,0.0725194848614927,0.0864422710520516,0.0291444276827319,0.0155481953186685,-0.107752307467911,0.0690385499069816,-0.0649265137045686,0.0193952868461473,-0.00601599767948837,0.0670063906612461,0.0381396943468684,-0.0924282344972443,0.111147336164049,-0.0677224488742849,-0.148958004522871,0.0472691839240809,-0.0619798897640036,0.0307684460418158,-0.0339443066350577,-0.0820183555617924,-0.10187575808264,0.0694404368519091,-0.0396548917302396,-0.0152250138483141,-0.0948276788813066,0.00657877057330268,-0.0385683215854856,0.0158050532612631,-0.00595239787357313,-0.07201870392207,-0.0252268530774176,-0.0532714989002587,0.0289899507008156,-0.0059738261402012,-0.0623117890376095,0.00639882927955655,-0.0178993100969667,-0.00665812738513588,0.181520401036355,-0.00768346840500138,-0.0678707667723527,-0.061974303135632
0.370250179272512,-0.424521455746986,0.427852627710708,0.432410618061536,-0.38651149447548,0.128920945974324,-0.0289327053328337,-0.0114974961978384,0.0716284306410439,-0.0942082846329694,0.0150073807089759,-0.0641337052268995,-0.0187574899426916,-0.0373077795593648,-0.0395279355307287,0.0875626586656365,-0.0420557781684787,0.0125162741840696,-0.00664404311827444,-0.0384522931449274,0.0854092427536335,-0.0144097277486004,-0.106116378697875,0.0366399656230502,-0.0103834168073191,-0.110472874294131,0.0622028468001668,-0.0285202693687854,-0.0178599641656592,0.043354051035915,-0.0264515726461743,0.0803644504107629,-0.0306013787232387,0.0297686433138988,0.0111019509634917,0.0104915379314137,0.0137429727952329,0.037135138634927,-0.0585196386266209,-0.02299562327007,0.0892817963190408,-0.0163908103093375,0.108438301708877,0.012307948198411,0.0393673669763735,-0.0078878645338878,0.0270720526843927,0.0686138367276565,0.07533330796977,-0.161247136232622
0.3632167233475,0.387968512630783,-0.392161774396139,0.437713755987747,0.354339753727687,-0.0382527476158979,-0.0114279660257744,0.0894298861782004,-0.0747254480319832,0.0555415797016681,-0.0467665986329961,-0.114760997115116,-0.0891045579869763,0.0241885536014375,0.00601157209202177,-0.113253788679802,-0.0548124294608886,-0.0174972146244082,-0.013037932161931,-0.108845759774128,-0.0966300791164692,0.0867864329705406,0.113968464303335,-0.0340231666245808,0.00333550085863379,-0.0076809749971749,-0.0818724135041429,-0.0825857671831553,0.019925814999147,0.0832798075653534,0.0727089966283524,-0.00415232019855127,0.00287899875710458,0.0189297307540832,0.187219867851761,-0.0570443197017433,0.0393137230373051,-0.0374813756485822,0.0597393445125005,0.0318382731186726,0.0445203099803801,0.0291050412847994,0.0481296120825901,-0.0034029118847455,0.143513653232581,0.117902368791873,0.098191560170318,0.142172071772823,0.0315275102139461,-0.0482403293479572
0.347659658925704,0.408999920677453,-0.425170242379673,0.365318495520656,-0.441729008380267,-0.0720010320694946,0.015720003825065,0.0643657482662817,-0.0100771146580673,-0.0998834191347804,-0.0254276102586747,-0.00331842265258771,0.0474003987590764,0.0592304488733508,0.0200312440413635,-0.115191023301235,-0.0487644194187132,0.082539123815172,0.0368860341491125,-0.102202588251376,-0.0612289701983588,0.0945823260379082,-0.029836484894932,0.0465767354126633,0.0447883967546277,0.0618112890044854,-0.0968196266221333,0.0438029001027159,-0.159306488197051,0.000947035270855233,-0.0144361180643665,0.0305046111481313,0.0247107952834685,-0.0605467813741379,0.0529960921862838,-0.0444572652670716,-0.0285820253547623,0.0350285161465426,-0.136538482209103,-0.109424355418158,-0.0313795576168427,-0.0920602319541674,0.00497948237831723,0.0253180272309065,0.0218993462045286,0.115200553429862,-0.0027632304634137,0.0766221315401113,-0.0102843178762152,-0.10389064220525
0.370458351814566,-0.387636348918827,-0.343561643734455,-0.414438105987062,0.391960866284401,0.166058569232908,0.136216913049833,0.0213407490026305,-0.0248886941880256,-0.109412993281815,-0.102011537255851,-0.032663334910744,0.0320184068879757,0.126854575000619,0.0762738727854824,-0.0655547593826042,-0.151760732817689,-0.0028151462606322,-0.14922350433798,-0.0305919231094708,0.0643654213366518,0.0100873505438566,0.0232944458136902,-0.0642049765354976,-0.0475571489147989,-0.00211518755561221,0.0735448819257481,0.105109146349772,0.032832813627397,0.0226924108309468,-0.105474961416131,-0.00583622036895676,-0.00221372238627019,-0.0730637548766431,0.0351379651852882,0.066464922685944,0.0331602409825591,-0.0111218851681078,-0.0967376290200668,0.130819945994656,-0.0549601179534073,-0.0561645297929491,-0.00578500272904577,0.0858394921008765,-0.0841590680899478,0.0861485304805029,-0.0960266118641174,0.0372923012337621,0.0326870879490919,0.0781665058456431
0.335546875511731,0.332962984657792,-0.37169606832976,-0.350844934021633,0.375486443729539,0.0272050214290356,-0.0339411357870251,-0.0478823203832561,0.0922631549703018,0.0370800619033485,0.0189721301660642,-0.0454849608497906,0.0802127718144025,-0.0380132748104612,-0.0453013362587203,0.0979849335297533,0.123667686798572,0.0492467003171172,0.0557413816766653,-0.00707347654578009,-0.0763667979991428,-0.0198700710564708,-0.0554686571716128,-0.104206199724835,0.0351461768173082,0.154561171817276,-0.00702956890888683,0.209165055513121,-0.00635269815837469,0.0629975109406039,-0.0685591625981649,0.05584426512219,0.191402815949417,0.00048882306506981,0.176538750549659,0.0920510264868002,-0.0567420582898124,-0.213043778794717,0.110304681826755,-0.000241827499737525,-0.11596585347451,0.0259876709921988,0.0672156365744461,0.0721018753878396,-0.136573242132349,0.0953649493302098,0.0891894676784959,0.126090018189823,-0.0578605869883208,-0.0253539149935562
0.409176455700138,0.398864786547446,0.393060180292317,-0.412911388857007,0.414111461125042,-0.0766684439528508,0.0145247927990799,-0.00154907308643907,0.0372051177639933,-0.0213965569464773,0.0609294544371779,-0.169903176871488,0.0396318651201717,-0.0376696220226264,0.0107177342017331,0.100067092257318,-0.139702443000891,0.0287211910427024,0.0303155446398469,0.0330815279253115,0.0854018209540711,-0.0464748852869597,0.0689129297435599,-0.0219914914280096,-0.0768144437787342,-0.0474420994887326,0.0612119658131556,-0.0290455729603437,0.00401042579466107,-0.0510650545867807,0.00472813735677031,0.120567648970009,-0.0218237854741647,0.106633996786072,-0.0518296191516634,0.0165256233065735,-0.000254787692243717,-0.0258857864662389,-0.0881948178727458,-0.00462635384661198,0.0654323280521383,-0.00180916435083896,0.0325345548498662,0.118037985522866,-0.0126753320475674,0.0980906777781629,-0.00247263478092815,0.034856554207105,-0.0250605479490863,0.0471233696579527
0.310157723548589,0.371128553436163,-0.435158762281879,-0.365722880525507,0.349661971466856,-0.0132567240026274,-0.0363233959764883,0.0811006378625369,-0.0906187869236888,0.130833857722474,0.0133189194348207,0.0220056026963965,0.12717203990112,-0.122065368962389,-0.0331764335026992,-0.0394086405840704,0.0235296503661164,0.0744268159445535,0.03013697423534,-0.0673856754487119,-0.0589657120380614,0.068385018290044,0.0187730801042412,0.0655982249969846,-0.167764255205469,0.0954332072951681,0.00654430026857442,0.161859531861406,-0.0672931112759416,0.0989372590748166,0.0525187980012949,0.00496773597908712,0.0129489941145738,0.0745064500418334,0.16374415717004,-0.0252896823051705,-0.0208592254489354,0.105502094049181,0.17628869487139,-0.0251945034610646,0.0444214371645393,-0.0273162454726412,0.127163932068521,0.0627768628748509,0.159678460579968,-0.0345425323882416,0.0365229296862046,-0.130966727486502,0.00921582935419958,-0.0583961717338173
0.425116321058172,-0.372786571658256,0.366343331532912,-0.39520873008097,0.4095847154689,0.100933706171183,-0.0910342720639798,0.0373343763708196,0.080339482927935,0.0905721487082755,0.0390956080974388,0.0904055932412208,0.0149205557058418,0.0490021364958437,0.0396293481421626,0.0698794575198422,-0.161785884879417,-0.0787913158673034,-0.0178466753237955,0.00190268805882808,-0.0782682783008912,-0.00560789832463337,0.0648440118346182,-0.0996663096914617,0.000905457937223481,-0.0217804055477989,-0.0298347508649874,-0.0865230773643198,0.0494959639893743,-0.0928121118878157,0.0500144049296336,-0.0151007695325504,9.56685819842363e-05,0.0252920155731499,0.162216733789975,0.0790692245298622,-0.0529208786914928,0.0404197566009903,-0.0344184259142056,-0.176051052223365,0.00336777583718289,0.0631709725107934,0.038973011743495,0.0202786852487583,-0.103980040674143,-0.00441883414866223,-0.0556427270866602,0.0412007821521838,0.0411963753504443,-0.0111954035954967
0.4078509106439,0.370393347861064,-0.359959170348988,0.395622389757198,-0.302907255385874,-0.0501875730827963,0.0533265784750939,0.079140738562421,-0.0120753532677403,-0.0451297554338231,-0.0531337331036586,-0.0821444207751711,-0.00902985190532033,0.0296387117572389,0.0269239685142596,-0.0901379407267167,-0.0960073113608112,-0.0929757410681609,-0.0245730526654717,-0.0226261925038028,-0.0758684232199219,-0.0333402869140516,-0.156619682041438,0.000156109702587819,-0.035619004767108,0.190443502586518,-0.109701807927533,0.00775548478874275,0.11844592325164,-0.0138150651314853,-0.106050204298326,-0.0206106013560897,0.052815187168689,0.0701268908267983,-0.160810942579759,0.117599794895865,0.091927607664644,-0.0429364987054487,-0.169902880135362,-0.0168754611531815,0.0515792744962931,-0.0969550576941455,0.0521048217885543,0.0869168676253496,0.0145657768113584,0.0156625614164223,-0.0283326195667708,-0.205138909697307,-0.0405973233438923,-0.0733115910966963
0.283098086597249,-0.403715312940982,0.403265890385329,-0.376950226345923,0.352818666836539,-0.0379813393950393,0.0935284170904993,0.100276579692726,-0.00366382760083236,-0.021540073743809,-0.112650554888924,-0.054428932738057,0.00519860471860618,0.029950331954677,0.0912253175249039,0.111260475702154,0.040965633060897,-0.0477113368261151,-0.0475415160322507,0.0758242511917758,0.171608076955905,-0.0875867359571248,0.0165820559906395,-0.0965682092547578,0.122074286639173,-0.00468916528622392,0.112922116866812,0.00404636425158094,-0.18020323783159,0.0273975965353468,-0.0188680643995979,0.153312022880232,0.0429281978163885,-0.0940734476010099,0.214380734593998,0.0412873865434528,0.0453040386583194,0.141769641553163,-0.0511837176926823,0.105401461562918,0.0641463314914483,-0.0635857191326299,0.00453104113562025,0.0510595584302059,0.112850218842183,0.0482309588953152,-0.0272552361036131,0.014203060505543,0.0514208398095872,-0.0503897931996199
0.414451140326975,0.379698748695339,-0.374908607396788,0.38931337319793,-0.375086998090466,-0.0159435051807759,-0.0350644678969836,0.035974831733282,0.059716822641234,0.131040548996317,0.125235603386709,0.0899951802996139,0.0686692140338232,0.109202273873931,0.0689161594581755,0.0648420431298053,0.107983246492248,0.095318083112495,0.0600439584311857,-0.0162886400361524,-0.00144490938402726,-0.113779323233569,-0.0707130973425992,-0.05657173047908,0.00104857435338009,0.0571631687778846,-0.0189447938467353,-0.100739633092756,-0.0361054374485553,0.185603579626882,0.0961520212192267,-0.0174003656420867,-0.0300883744872893,-0.0086491471923189,-0.0310422298240822,0.112357585336581,-0.0513529315349928,0.02322676769068,0.0188209695182301,-0.0318554149294159,-0.00185372764398891,0.0143244385747358,-0.0820342303512991,-0.0834392049921105,0.133029017099485,0.0854722729047965,0.0562343942740796,-0.078431495057624,0.038133698483416,-0.0687655819054163
0.419038938634493,-0.395647705390853,-0.359462723983811,0.43365435467536,0.393391647887656,0.032782642349219,-0.0839874190516162,-0.110692079187057,0.0972260937746539,0.106703138598979,-0.0278965071816569,-0.0577696087368597,0.0942287917746135,0.0601019405940511,-0.0856194972008607,0.00869578895554092,0.0107592413766625,0.161456590337495,-0.043463155780771,-0.124441109596522,0.0215142664800381,0.0844095594678654,0.00188624968050718,-0.0127811437772787,-0.0037443282945891,0.0365923549887425,-0.0555064211016308,-0.0170233325671731,0.0452518958061617,-0.0518534976974915,-0.0111759071234997,0.082395358782984,0.0743198327834523,-0.100959567025013,-0.0415238388478428,0.00478797928624284,-0.0817772390822508,-0.0803309270824804,0.0115956882356581,0.0636932696501164,-0.059651379312949,-0.0455761979983316,0.0354465254223322,0.0711260860849443,-0.0538316073997538,0.0122521112947489,0.0928586193049116,0.024041712935422,0.0601874623674558,0.0174592755292385
0.362754483813865,0.355222789412414,-0.407601414796703,0.390675698748095,-0.408533232546135,-0.0113131166013574,-0.0255166239724041,0.105738195451125,-0.0801260411560064,0.0718761986633741,0.111830090802842,0.0209101414080188,0.0611257682012877,0.0295631611558623,0.0226724691750706,-0.0402238086514217,-0.0979249099058041,0.0301636739247149,-0.0369355202075761,0.118123713122323,-0.0956667072668374,-0.0501175361288913,-0.0982594392714126,-0.0947334922792575,0.00726368321905401,0.0101020239608163,0.0702114851218156,-0.052588517694513,0.127701190939731,-0.0123836977814906,0.172077937153945,-0.00186195800016123,-0.0761777895285271,-0.0391118710752556,-0.0567026109045608,0.00118691965296999,0.143160127835248,-0.0256202890060873,-0.0803184221346834,-0.037773873583779,-0.12527099646138,0.0552504597412029,-0.0598129842630708,-0.0556907742658777,-0.0416554808962103,-0.0522430704565248,0.0331871030489243,0.168673077289597,-0.0615094171688492,0.0221489616951599
0.435689234884727,-0.374489098161291,-0.400514914837198,0.423225171650301,-0.364879360186567,0.0309454440342195,0.00755513658937006,-0.175485094745217,-0.0484316013235402,-0.0172072222168557,0.142005490920121,0.0348141050011387,-0.0565466693099468,-0.0675404561145515,0.0161203707004056,-0.11305927324638,0.0720847832104841,0.00857420902299806,0.0793037912515354,0.000137360981748905,-0.0443882468779538,0.0405373982227059,0.0366737166723545,-0.0639017028128585,0.00683733581738334,-0.00873056929567051,0.0525905438695492,0.134259935170918,0.0355855317292369,0.0597221158367822,-0.0621232812753821,0.00919884356240957,0.0400936386734954,0.131676846966891,-0.058243392808874,-0.0277171729401337,0.0610717645793178,0.0280482778613416,0.00254820225320469,-0.00169454841721115,-0.0262048888745086,-0.0945825097931226,-0.0133667682611167,-0.106192026882533,0.0713435295491524,-0.0640673187333909,-0.0431455580855247,-0.0887457116831388,-0.00381508389204671,0.0517134912201468
0.389627629319263,-0.406223544589856,0.397688084386936,0.414561493793789,0.411631673373382,0.0576525976431961,0.0196559330628635,0.0783174357311207,0.0597378212544698,-0.0237931594077731,0.0191793639998883,0.00515028371949978,-0.10933504800122,0.0704478699415524,0.0202883024712534,0.00700266220436924,0.01930535539606,-0.056268892523013,-0.118583688904197,0.0228995075676981,-0.0721654676680749,0.022829650028616,0.0355172292039303,0.0267264222533198,-0.0771375485503516,-0.00203773514720518,0.0242240541832164,0.000312903482326157,0.111386199500985,0.0237027632105679,-0.0757263134940327,0.00430834687839403,0.0390539720633266,-0.0934585446099314,-0.0518030314528062,0.0665787117858868,0.09235453056342,-0.0784907830030817,-0.129606333422215,0.0231465484169002,0.0101172950927527,-0.122770148796266,0.102720009708478,0.0557207132249252,-0.0141416518943639,0.0607945379870272,-0.0439571092665148,0.09817305200071,-0.0657667029831192,0.0533769031374836
0.334637432302884,-0.336193766931963,-0.356577796286403,-0.333528379416312,0.363128916489959,-0.16742608496433,-0.0614279172788348,0.0246944014119874,-0.0425126833565708,0.178996618942165,0.0898093951417375,-0.125219398069224,0.0734883131110587,0.0416029051030749,0.100329234590113,0.162209362168706,0.100601541180977,0.0140817018372526,-0.202997961593264,-0.0204078195714864,-0.115234133538572,0.144220133642226,0.0986118293740376,0.12399964766254,-0.0477435734484288,0.143367480751944,-0.000725514764460781,0.033149236622397,-0.0128858285043699,-0.116707956028301,0.0110136717191053,0.00786735048937763,-0.0819150731057251,0.0988317856600829,0.0261503972668942,-0.0774373599584732,0.108000452657651,-0.162356078411919,-0.0590575754613724,0.068819639328337,-0.0567621303089876,-0.0445474027832677,-0.170624529159429,-0.0852466751629104,-0.0694272686189292,-0.0150667655192362,-0.0318758823343215,-0.00301865476315595,-0.0237209434639626,-0.0676113662495928
0.361337711229674,0.426209978118219,0.40731381195644,-0.362004075971957,-0.438125429485739,0.0490689367136414,0.0300664331115241,0.0201897590506501,0.0457470197275375,0.0408366657091003,0.0532145727200552,0.121854610065311,0.0963919986954602,0.00983738073455166,-0.1217644888205,-0.123677325737055,0.0982814451054441,0.0507396798052468,0.0810943123993551,-0.0852639172319644,0.0295400572923176,0.0502904854935969,-0.0866381888987989,0.00658078594257787,0.12657232185794,-0.0372616515164089,-0.0321335811190596,0.0525900323032754,0.146961586048522,0.0172181214668308,-0.0719810216231646,-0.0447710438479432,-0.030639874594496,-0.0750994916425602,-0.058193186940171,-0.00629304369095833,-0.00880501756344864,-0.0311859201749333,0.0474661528409848,0.0213865622379485,-0.0537009767960653,0.104321639019276,0.0849004296971521,0.021507421706501,-0.0142520772983249,0.0340053706470494,-0.0299203142141077,0.040995752447659,0.078837645252986,0.0391393006191949
0.409539746461248,0.411627698777122,-0.371634940725573,-0.396243838258921,-0.412746587877494,0.00603592630465952,-0.109061309696681,0.054411356390465,-0.0243232494330416,0.0161290824128836,-0.0501927761746122,0.0499838516888138,-0.00463063151392934,0.0266418642899871,0.0168248503109364,0.112106225093968,0.0266340133376556,0.0912240413924546,-0.0423592618840752,0.0691747009228828,-0.0485049658624705,-0.00330311049317142,0.0123367002476198,0.125087447472227,-0.003707390002975,0.0573427933211933,-0.0943223765239358,0.123392807580754,-0.00781531655891723,-0.00691751418271862,0.06364343223089,0.0661901388232498,0.0114297594878292,0.032040444600581,-0.0617036820395815,0.0306367402966816,-0.0552809409818492,0.02856715972697,-0.0425301497202994,-0.0215418366407994,-0.0376312956625606,-0.0672465547416744,-0.0740412350078667,-0.098068224987201,0.187761212202275,0.0293913324334249,-0.124208630216246,0.064345414837628,-0.00883484273872101,-0.0665354195963952
0.387890570826766,-0.402208556387634,0.406989166498249,0.427267734391722,-0.398713472718104,0.0103449435855658,0.0681258413839508,0.0177676174962717,-0.0917918036466524,-0.0499708101831573,-0.0122384294695961,-0.0494294684122015,-0.182888597944649,-0.0531794067326246,0.0337632732669533,0.0248490073195073,0.0112115833139485,-0.0212855143659753,-0.0878255397125801,-0.0248251307412233,0.0253100212217358,-0.00593561657098723,0.0830859461397149,0.0362510272600156,0.0531217613423177,0.0920971126855037,-0.037387181172803,0.0700174994928028,-0.0382873764761246,-0.0395130101109942,-0.150425795345278,0.0399572048430066,0.117516232481299,0.0373697700485355,0.0359795915030939,0.00328158417672463,0.0934563755502484,-0.0681192871689338,-0.081006144135073,0.0482699818094544,-0.049862848548091,-0.071580338879066,-0.0389568076091702,0.0828076425913199,-0.0178362793675686,-0.00478882443830823,0.0303145599311409,0.0355429669937811,0.0609471940119768,-0.0180880763216141
0.395022893426695,-0.389613302430059,0.377747373925384,0.382402514267643,-0.40192560772966,-0.105269345460427,-0.0637025983960247,-0.0621900788907835,-0.05081213713385,0.103776497282369,-0.12935035261111,-0.0516435555526053,0.0169574569375373,0.0214405483281935,0.00528109435331542,0.1103709486321,0.00151060030231743,0.0983442656640717,0.0163582586822504,-0.115723191343832,-0.019548851593595,-0.0594199346406146,0.0211178189809146,-0.10903889648187,-0.0254760597795969,-0.0814452292503945,-0.12125552080708,-0.132201453420249,-0.104724526528203,0.0899029767274945,0.00864205309466839,-0.0940561772543773,0.0759632598711252,0.0578260708889659,0.00552938550038702,-0.0574374057976511,0.0408596097532149,-0.0233876205833006,0.144262815145123,-0.0213142004389282,-0.145567345909198,0.0427014142169597,0.00598527829255678,0.0540499716704507,-0.065835350112939,-0.0130321089659937,0.0540332029082975,-0.0238331480835234,-0.00717248626094576,-0.00447314918913601
0.374843693843202,-0.397332814489796,0.39494608945628,0.395103692030552,0.328493555799443,0.0231288911403796,-0.1940297532803,-0.128849339385627,0.0267213451865977,-0.0235653239289197,0.0886254646183472,-0.0479375038204013,0.162521799629884,0.0232707573932349,0.0287544020702526,-0.10219651343249,-0.047443144105192,-0.0297214401715868,0.00765507048223117,0.0890312781027343,-0.0219402319259015,-0.0314238786857161,-0.109025779830233,0.070250447412675,0.108781116224656,0.00505452633790395,0.0554386252233864,0.0670124298377827,-0.0827931698054743,0.0637279141771772,-0.0637203761065417,0.133024153834845,0.0845696208732346,0.136402137464752,0.0661529908287236,0.0924048266474055,0.0110374186353347,-0.0470413703529485,0.0308406938815227,-0.0358961175080148,-0.0902997001636699,-0.0618769437766031,0.147037900527885,-0.0259245526133141,0.0480793589295768,0.0422871163064589,0.0659547250621486,0.0436807515063332,0.086377525070002,-0.0185418204791465
0.353178851283787,-0.388226289925448,-0.3495808516452,0.40699912091244,0.356333564599734,0.0550845345582316,-0.133649989432915,-0.0980885589242452,-0.0292817676338344,0.0465682897321445,-0.0635895874146805,-0.138347265578116,-0.0423292963375528,-0.113500872094348,-0.00548463638666161,-0.0383419585418138,0.0292559630741002,0.0539728811513011,0.114043474364872,0.0549794058187072,0.0403338264215027,0.0612327220719784,0.000307271921501786,-0.106204245362918,-0.17881564363158,-0.0347853947639498,0.113927591506247,0.0304161475325204,0.027941570979998,0.0247398308867339,-0.0134042560824315,0.026754421334109,0.00159492208453056,-0.0226010580395056,-0.149137667432928,0.0289513601252015,-0.127581789158307,0.00905757619642263,0.0489786255345853,-0.134509665581473,0.0235260818272841,0.230179604105679,0.0667886938140025,-0.131711378561497,0.00519662152794325,-0.0540506544082809,-0.0377941255803166,-0.0250403747075152,-0.085618970554166,0.0534727342754432
0.43136198031253,0.400198206063029,-0.397298828773037,-0.364875630232785,0.424911728219275,0.00694984505501555,0.0486975032397826,-0.016651349619433,0.0416485505447115,-0.0475137134290849,0.0594013707125797,-0.0393569390234348,-0.0984148704219994,-0.0185800407492298,-0.156086012399245,-0.0349966679105998,0.0422510730675952,0.000879103047046251,-0.0428530643924327,-0.0124513847374885,0.058858123747427,0.0233976226166236,-0.147435105215991,0.0977568998941857,-0.0516526616958239,-0.00700179208119779,0.0316040194356123,-0.0868267952700583,0.118255120283116,-0.11227268800272,-0.0199915493270667,-0.0102896314664185,-0.00215803166991695,-0.118384175237935,-0.0554688712527046,0.0634524527245146,0.0421499155331464,-0.0363626395283289,0.00843370996166312,-0.0737906169522009,-0.0553197008807291,-0.0416994754453116,-0.102499127529329,-0.0802815179950904,0.043712066935782,-0.010856799153865,0.0221409199139382,0.0431307504822419,-0.00656320143594176,-0.0388639360903986
0.366960757231413,-0.366403726486512,-0.350925902213984,0.414418704054035,0.424330718530602,0.0630725813603429,0.0411230165877805,0.0238397426221005,-0.0316211010284277,0.166242571619311,0.065838490421946,-0.0934962157352942,-0.019175696703482,-0.0174290096628801,0.0804895450314517,-0.0771250203844793,-0.120473913128973,-0.016668820736358,-0.0952046254895847,-0.0273478754131832,-0.0774703199472978,-0.011778609061927,0.0976412724638026,0.108052018487909,-0.0920277119416994,-0.0128120566848812,-0.0824999329998375,-0.0876573282689138,-0.0855406457275067,-0.0095134888181392,-0.0173801426954998,-0.0632454219458958,-0.0842888725940268,0.0284627765630004,0.0301633604203185,0.12568908838568,0.142784407694113,-0.0245189841545678,-0.0299058706996198,-0.00461632969783427,-0.114858069334873,0.0552979487009809,-0.0657551713577979,0.0598674828327661,0.043043968033993,0.0193593774559684,-0.12575589879915,-0.0767148170358035,0.0778928263472681,-0.0873252627408727
0.408758231256938,-0.424769714763079,0.366814730088031,-0.413625506107978,0.418875907890028,-0.00369130819801142,0.00649694938323373,0.0208345810436525,-0.0177487958410602,0.0777887103575954,-0.104374369006844,-0.0158469020746531,-0.0247073878234582,-0.00859612216161581,0.102912194866918,-0.0266738839446893,0.0747370658640371,-0.035319836179937,0.0739038309336578,-0.0270196674085685,0.0151611179483339,0.0799121996699263,-0.0503109054652171,-0.0264345314985979,0.0522013595364305,-0.0194236739884385,-0.0193939512518786,0.0530109318256068,-0.0581742169403422,0.0970395495143849,0.0281481769830133,-0.0674843742269645,-0.0561254168383514,-0.104814029196962,-0.069088503844442,0.0777372559230786,0.0279132586405113,-0.00574661849532089,0.0063242375891108,0.0953069082270798,0.0887779798987333,-0.0476095483124255,-0.0110336863088081,-0.00866615944842829,-0.158463173243904,-0.0862843934431388,-0.070919887301773,0.0477833264639393,-0.0150168209535305,-0.0936469965924212
0.42062349693025,0.354694613625048,0.350876382506468,-0.400307904897451,-0.370574970485022,-0.0699332579961186,0.0053072247916058,-0.0121408855371097,0.10638228309437,-0.0251652919720216,-0.0272284239953528,0.0661212591269603,-0.0684068197585612,-0.144001373347889,-0.0787678972793746,-0.0558641574105619,-0.0102611021739094,0.0076789179034949,0.095459673866235,0.09443089176885,-0.0386005403194786,0.00830987547316561,-0.156793659396193,-0.060364492108643,0.00949265158009382,-0.035163063188884,-0.0599013666303085,-0.111703672196572,0.0350800046929366,-0.100655581652074,-0.194735508958553,0.0342038490857458,0.0709416498175131,-0.0622021335651318,0.0266470693129279,-0.00958304692963561,0.042818188427464,0.0103258443825791,0.00258607320110201,0.0404321557234436,0.0135818752178169,-0.00772556831766124,0.0735827708511222,0.0304274940716041,-0.168867237355788,-0.0737962433554653,-0.0587046055158963,0.141650269275717,0.14598520220935,0.0723050689067147
0.384948236903001,-0.438777404204004,0.405126987735475,0.377191339150067,-0.375457962732156,0.15832801987936,-0.083462674207307,-0.130485115495229,0.00030208607936684,0.000382885871375199,0.022442363925214,-0.0512306629874373,0.0156405334026189,-0.0245467748161528,0.0193698833751104,-0.0483247963887631,0.137222965991788,0.00369719896751459,0.0605316359574156,0.0580973655906487,0.0252062942274263,-0.110863975318298,0.0671955943163464,-0.0510750229763746,0.105775884544778,-0.0445227417558292,-0.117248823050911,0.0373926728528416,0.0597829398678768,-0.0967020419174982,0.0412941329833284,0.114353350201293,-0.0256432612416664,0.00178651246087385,0.0703084161180682,-0.0411681435866785,0.0515124304070514,0.0344082297877389,-0.0555390015342492,0.0527676012807312,-0.0280896412729644,0.140448408313145,-0.0279233071545723,0.013016709977163,0.059117611163205,0.0209886142028394,-0.0515109524730484,-0.0393883607402727,0.085426103666186,-0.017585246280237
0.389716822165093,-0.398886162822382,0.3836783969524,0.410347489898252,-0.407082771752882,-0.00825816109145902,0.0276175533402627,-0.00327310509293555,-0.0163108979539936,0.0217930569135592,-0.00211002952992629,0.0409590442903008,0.00482580673991395,-0.132981978958394,-0.072808306413966,-0.00803947659738516,-0.076423695416752,0.0188330980010704,0.0623986740977054,-0.0600007435392125,-0.0698752232560863,0.00177300364047534,0.116071232677079,0.0648595838659476,-0.0435834705163841,-0.111258560667386,0.0701708776881169,-0.117948647450133,-0.00587784250027663,0.0468144284363255,0.00802816517603318,-0.0105723454950096,-0.162385854645272,-0.101376345463025,0.0557913089854234,-0.0706072570117993,0.0219447572466903,0.0740100499314552,0.12272778325753,-0.0226344968291606,-0.0905813929753591,0.000634768054608871,0.082172021807993,-0.0224226170416686,0.131433015007045,0.0416083474210778,-0.0508620911205367,-0.035245290153998,0.00711881708044616,0.0704841606288345
0.366864478936008,-0.399932149030716,0.348089269469004,-0.446485496996368,0.37366065347233,0.0859034680970879,0.0560251583006449,0.185417126018175,0.151404907276158,-0.0753162476416718,-0.0411112680280867,-0.0190657118855891,-0.0504488031184783,0.0188173678068722,0.0265772166259961,0.0165452343009096,0.154980743527439,-0.0297097390762094,0.108291692710632,-0.027844243924448,-0.0323973662272951,-0.143994327779597,-0.0478824640068335,0.0390523164719727,-0.0485001082499291,0.00368061950969539,0.134644999372971,-0.0158012414272478,0.0802769244135623,-0.0506305438130735,-0.0626165712267115,0.091804564833907,-0.0814636907723217,0.0924857971913624,-0.102390239284786,0.0180577272177967,0.0419724067795027,-0.0566010605348651,0.0715551970798908,0.0181807013443949,-0.0365361528691794,0.0584966009972965,-0.0213080799765744,0.0553815140235243,0.0125259501248396,-0.0391555420131034,-0.0419215749583452,0.0524392816686567,0.099358423665948,0.00546136569015066
